date,ward_id,hotspots,hotspots_48h,pm25_coverage,pm25_mean,pm25_mean_7d,pm25_slope_7d,humidity_mean,humidity_7d,humidity_trend_7d,temp_max,wind_max,precipitation_sum,days_since_rain,green_cover_pct,market_flag,income_ord,festival_window,doy_sin,doy_cos,burn_day,split_year
2022-08-12,bhosari,0,0.0,1.0,4.308333333333334,4.235119047619048,-1.0908208020050125,85,88.42857142857143,-0.42857142857142855,26.2,37.4,5.7,0,10,0,0,0,-0.65316012232693,-0.7572198192083127,0,2022
2022-08-13,bhosari,0,0.0,1.0,4.683333333333334,3.9452380952380954,-0.2898809523809523,85,87.42857142857143,-1.0,26.1,30.0,6.5,0,10,0,0,0,-0.666088855860977,-0.7458723993404063,0,2022
2022-08-14,bhosari,0,0.0,1.0,5.904166666666666,3.914285714285714,-0.030952380952380842,85,86.85714285714286,-0.5714285714285714,26.4,28.7,2.6,0,10,0,0,0,-0.6788204829862355,-0.734304263829602,0,2022
2022-08-15,bhosari,0,0.0,1.0,4.120833333333334,4.214880952380953,0.30059523809523797,88,86.28571428571429,-0.5714285714285714,24.8,27.6,9.9,0,10,0,0,0,-0.6913512362094071,-0.722518835873311,0,2022
2022-08-16,bhosari,0,0.0,1.0,4.345833333333333,4.3446428571428575,0.1297619047619048,89,86.14285714285714,-0.14285714285714285,24.7,27.2,18.1,0,10,0,0,0,-0.7036774074790128,-0.7105196029692745,0,2022
2022-08-17,bhosari,0,0.0,1.0,4.154166666666667,4.523809523809524,0.17916666666666664,85,86.28571428571429,0.14285714285714285,26.1,28.0,3.0,0,10,0,0,0,-0.7157953492826642,-0.6983101158835584,0,2022
2022-08-18,bhosari,0,0.0,1.0,7.345833333333334,4.516071428571428,-0.0077380952380951785,84,86.14285714285714,-0.14285714285714285,26.8,27.7,1.5,0,10,0,0,0,-0.7277014757264236,-0.6858939875998223,0,2022
2022-08-19,bhosari,0,0.0,1.0,6.075,4.980357142857143,0.4642857142857144,85,85.85714285714286,-0.2857142857142857,26.6,26.3,2.3,0,10,0,0,0,-0.7393922635959241,-0.673274892250183,0,2022
2022-08-20,bhosari,0,0.0,1.0,6.0874999999999995,5.232738095238096,0.2523809523809524,85,85.85714285714286,0.0,26.6,26.8,1.5,0,10,0,0,0,-0.7508642533989489,-0.6604565640279754,0,2022
2022-08-21,bhosari,0,0.0,1.0,6.970833333333334,5.433333333333333,0.200595238095238,85,85.85714285714286,0.0,26.6,27.0,1.5,0,10,0,0,0,-0.7621140503891487,-0.6474427960827475,0,2022
2022-08-22,bhosari,0,0.0,1.0,6.116666666666667,5.585714285714286,0.1523809523809526,87,85.85714285714286,0.0,25.6,31.4,2.1,0,10,0,0,0,-0.7731383255706026,-0.6342374393978054,0,2022
2022-08-23,bhosari,0,0.0,1.0,5.445833333333333,5.870833333333333,0.28511904761904766,86,85.71428571428571,-0.14285714285714285,26.2,26.7,1.1,0,10,0,0,0,-0.7839338166829201,-0.620844401650647,0,2022
2022-08-24,bhosari,0,0.0,1.0,5.75,6.02797619047619,0.15714285714285708,85,85.28571428571429,-0.42857142857142855,26.5,24.6,2.5,0,10,0,0,0,-0.7944973291665992,-0.6072676460566135,0,2022
2022-08-25,bhosari,0,0.0,1.0,8.2875,6.2559523809523805,0.22797619047619047,85,85.28571428571429,0.0,27.1,17.4,3.0,0,10,0,0,0,-0.8048257371083452,-0.593511190196115,0,2022
2022-08-26,bhosari,0,0.0,1.0,12.654166666666667,6.390476190476191,0.13452380952380935,83,85.42857142857143,0.14285714285714285,27.8,18.0,0.8,1,10,0,0,0,-0.8149159841660791,-0.5795791048257612,0,2022
2022-08-27,bhosari,0,0.0,1.0,21.075,7.330357142857143,0.9398809523809524,81,85.14285714285714,-0.2857142857142857,28.1,19.6,1.0,0,10,0,0,0,-0.8247650844733614,-0.5654755126737576,0,2022
2022-08-28,bhosari,0,0.0,1.0,21.554166666666664,9.471428571428572,2.1410714285714287,80,84.57142857142857,-0.5714285714285714,28.3,15.6,0.5,1,10,0,0,0,-0.8343701235229538,-0.5512045872199277,0,2022
2022-08-29,bhosari,0,0.0,1.0,25.0625,11.554761904761904,2.0833333333333326,81,83.85714285714286,-0.7142857142857143,29.2,13.0,1.4,0,10,0,0,0,-0.8437282590292712,-0.5367705514607103,0,2022
2022-08-30,bhosari,0,0.0,1.0,28.84166666666667,14.26130952380952,2.706547619047619,83,83.0,-0.8571428571428571,29.9,11.3,5.0,0,10,0,0,0,-0.8528367217694595,-0.522177676659508,0,2022
2022-08-31,bhosari,0,0.0,1.0,20.016666666666666,17.603571428571428,3.342261904761905,86,82.57142857142857,-0.42857142857142855,29.8,10.5,19.6,0,10,0,0,0,-0.8616928164028522,-0.5074302810827518,0,2022
2022-09-01,bhosari,0,0.0,1.0,13.091666666666667,19.64166666666667,2.038095238095238,88,82.71428571428571,0.14285714285714285,28.7,10.4,9.8,0,10,0,0,0,-0.8702939222685674,-0.49253272872205434,0,2022
2022-09-02,bhosari,0,0.0,1.0,14.891666666666666,20.327976190476193,0.6863095238095239,85,83.14285714285714,0.42857142857142855,30.1,13.0,2.4,0,10,0,0,0,-0.8786374941610001,-0.4774894280028391,0,2022
2022-09-03,bhosari,0,0.0,1.0,20.995833333333334,20.64761904761905,0.319642857142857,85,83.42857142857143,0.2857142857142857,30.0,13.5,1.4,0,10,0,0,0,-0.886721063082993,-0.46230483047981086,0,2022
2022-09-04,bhosari,0,0.0,1.0,13.329166666666666,20.636309523809523,-0.011309523809523674,88,84.0,0.5714285714285714,28.8,15.1,9.8,0,10,0,0,0,-0.8945422369764496,-0.4469834295196741,0,2022
2022-09-05,bhosari,0,0.0,1.0,14.862499999999999,19.461309523809526,-1.1749999999999996,89,85.14285714285714,1.1428571428571428,25.7,12.5,2.5,0,10,0,0,0,-0.9020987014301837,-0.43152975897147144,0,2022
2022-09-06,bhosari,0,0.0,1.0,24.5,18.004166666666666,-1.4571428571428573,87,86.28571428571429,1.1428571428571428,28.2,12.9,7.2,0,10,0,0,0,-0.9093882203647925,-0.4159483918249421,0,2022
2022-09-07,bhosari,0,0.0,1.0,16.591666666666665,17.383928571428573,-0.6202380952380955,88,86.85714285714286,0.5714285714285714,28.3,9.7,3.3,0,10,0,0,0,-0.9164086366943458,-0.4002439388573056,0,2022
2022-09-08,bhosari,0,0.0,1.0,17.920833333333334,16.89464285714286,-0.4892857142857144,90,87.14285714285714,0.2857142857142857,27.6,10.3,20.6,0,10,0,0,0,-0.9231578729647039,-0.38442104726885545,0,2022
2022-09-09,bhosari,0,0.0,1.0,14.4125,17.58452380952381,0.6898809523809525,88,87.42857142857143,0.2857142857142857,28.5,12.6,16.3,0,10,0,0,0,-0.9296339319682695,-0.3684843993077793,0,2022
2022-09-10,bhosari,0,0.0,1.0,13.020833333333334,17.51607142857143,-0.06845238095238086,91,87.85714285714286,0.42857142857142855,28.0,14.5,14.7,0,10,0,0,0,-0.9358348973349941,-0.35243871088460327,0,2022
2022-09-11,bhosari,0,0.0,1.0,9.883333333333333,16.376785714285713,-1.1392857142857142,90,88.71428571428571,0.8571428571428571,28.5,11.0,11.4,0,10,0,0,0,-0.9417589340994617,-0.33628873017668287,0,2022
2022-09-12,bhosari,0,0.0,1.0,8.975,15.88452380952381,-0.4922619047619047,89,89.0,0.2857142857142857,27.6,14.5,6.2,0,10,0,0,0,-0.9474042892438845,-0.32003923622313857,0,2022
2022-09-13,bhosari,0,0.0,1.0,4.616666666666666,15.04345238095238,-0.8410714285714285,90,89.0,0.0,25.5,21.4,9.7,0,10,0,0,0,-0.9527692922168511,-0.30369503751065885,0,2022
2022-09-14,bhosari,0,0.0,1.0,3.5708333333333333,12.20297619047619,-2.8404761904761906,86,89.42857142857143,0.42857142857142855,26.3,28.4,3.9,0,10,0,0,0,-0.9578523554276669,-0.28726097055059635,0,2022
2022-09-15,bhosari,0,0.0,1.0,3.516666666666666,10.342857142857142,-1.8601190476190474,85,89.14285714285714,-0.2857142857142857,26.3,30.8,5.1,0,10,0,0,0,-0.9626519747161487,-0.2707418984477642,0,2022
2022-09-16,bhosari,0,0.0,1.0,4.058333333333334,8.285119047619046,-2.0577380952380957,88,88.42857142857143,-0.7142857142857143,25.0,25.8,4.4,0,10,0,0,0,-0.9671667297977312,-0.2541427094613622,0,2022
2022-09-17,bhosari,0,0.0,1.0,5.529166666666666,6.805952380952381,-1.4791666666666665,87,88.42857142857143,0.0,26.5,20.1,5.6,0,10,0,0,0,-0.97139528468375,-0.23746831555846842,0,2022
2022-09-18,bhosari,0,0.0,1.0,6.166666666666667,5.735714285714286,-1.0702380952380954,88,87.85714285714286,-0.5714285714285714,26.5,19.6,9.2,0,10,0,0,0,-0.9753363880767837,-0.2207236509605022,0,2022
2022-09-19,bhosari,0,0.0,1.0,14.479166666666666,5.204761904761904,-0.5309523809523808,87,87.57142857142857,-0.2857142857142857,25.7,20.8,3.3,0,10,0,0,0,-0.9789888737409319,-0.20391367068311472,0,2022
2022-09-20,bhosari,0,0.0,1.0,16.620833333333334,5.991071428571429,0.7863095238095238,88,87.28571428571429,-0.2857142857142857,24.3,16.3,1.9,0,10,0,0,0,-0.9823516608469237,-0.18704334906991657,0,2022
2022-09-21,bhosari,0,0.0,1.0,16.6375,7.705952380952381,1.7148809523809523,87,87.0,-0.2857142857142857,26.4,17.3,6.5,0,10,0,0,0,-0.9854237542919524,-0.17011767832049052,0,2022
2022-09-22,bhosari,0,0.0,1.0,14.299999999999999,9.572619047619046,1.8666666666666667,87,87.14285714285714,0.14285714285714285,24.0,19.8,1.6,0,10,0,0,0,-0.9882042449941422,-0.15314166701312007,0,2022
2022-09-23,bhosari,0,0.0,1.0,11.020833333333334,11.113095238095237,1.5404761904761906,84,87.42857142857143,0.2857142857142857,27.0,21.7,2.6,0,10,0,0,0,-0.9906923101615609,-0.13612033862266704,0,2022
2022-09-24,bhosari,0,0.0,1.0,7.6375,12.107738095238094,0.9946428571428572,86,86.85714285714286,-0.5714285714285714,26.2,16.8,2.8,0,10,0,0,0,-0.9928872135356962,-0.11905873003404988,0,2022
2022-09-25,bhosari,0,0.0,1.0,11.908333333333333,12.408928571428573,0.30119047619047634,86,86.71428571428571,-0.14285714285714285,27.1,13.9,1.5,0,10,0,0,0,-0.994788305609327,-0.10196189005174576,0,2022
2022-09-26,bhosari,0,0.0,1.0,21.458333333333332,13.229166666666668,0.8202380952380952,87,86.42857142857143,-0.2857142857142857,26.2,13.4,2.3,0,10,0,0,0,-0.9963950238187231,-0.08483487790576538,0,2022
2022-09-27,bhosari,0,0.0,1.0,29.479166666666668,14.226190476190476,0.9970238095238094,86,86.42857142857143,0.0,27.5,13.2,0.8,1,10,0,0,0,-0.9977068927101168,-0.06768276175455162,0,2022
2022-09-28,bhosari,0,1.0,1.0,28.462500000000002,16.06309523809524,1.836904761904762,87,86.14285714285714,-0.2857142857142857,27.6,15.4,1.3,0,10,0,0,0,-0.9987235240803972,-0.050510617185222886,1,2022
2022-09-29,bhosari,1,1.0,1.0,24.775000000000002,17.752380952380953,1.6892857142857147,89,86.14285714285714,0.0,27.4,15.3,5.9,0,10,0,0,0,-0.9994446170919858,-0.033323525711631344,1,2022
2022-09-30,bhosari,0,0.0,1.0,28.304166666666664,19.248809523809523,1.4964285714285719,89,86.42857142857143,0.2857142857142857,29.3,15.5,12.0,0,10,0,0,0,-0.9998699583618592,-0.016126573270657762,0,2022
2022-10-01,bhosari,0,0.0,1.0,31.670833333333334,21.717857142857145,2.4690476190476187,88,87.14285714285714,0.7142857142857143,28.8,18.5,5.1,0,10,0,0,0,-0.9999994220246925,0.001075151282798226,0,2022
2022-10-02,bhosari,0,0.0,1.0,25.120833333333334,25.151190476190475,3.4333333333333336,85,87.42857142857143,0.2857142857142857,28.3,14.1,0.8,1,10,0,0,0,-0.999832969770105,0.018276557681691223,0,2022
2022-10-03,bhosari,0,0.0,1.0,21.991666666666664,27.038690476190478,1.8875,81,87.28571428571429,-0.14285714285714285,28.2,13.1,0.3,2,10,0,0,0,-0.9993706508539969,0.03547255575312556,0,2022
2022-10-04,bhosari,0,0.0,1.0,24.9375,27.114880952380954,0.07619047619047592,83,86.42857142857143,-0.8571428571428571,28.8,11.6,1.2,0,10,0,0,0,-0.9986126020839734,0.052658056924614005,0,2022
2022-10-05,bhosari,0,0.0,1.0,26.554166666666664,26.466071428571432,-0.648809523809524,80,86.0,-0.42857142857142855,28.8,12.0,0.1,1,10,0,0,0,-0.9975590477788613,0.06982797572987089,0,2022
2022-10-06,bhosari,0,0.0,1.0,19.358333333333334,26.19345238095238,-0.27261904761904837,82,85.0,-1.0,28.7,17.3,17.6,0,10,0,0,0,-0.9962102997023297,0.0869772313136861,0,2022
2022-10-07,bhosari,0,0.0,1.0,6.945833333333333,25.419642857142858,-0.773809523809524,89,84.0,-1.0,26.5,17.1,16.9,0,10,0,0,0,-0.9945667569706337,0.1041007489354256,0,2022
2022-10-08,bhosari,0,0.0,1.0,8.504166666666666,22.36845238095238,-3.051190476190476,86,84.0,0.0,25.9,20.1,2.3,0,10,0,0,0,-0.9926289059345095,0.121193461470736,0,2022
2022-10-09,bhosari,0,0.0,1.0,19.474999999999998,19.05892857142857,-3.3095238095238098,83,83.71428571428571,-0.2857142857142857,28.8,12.3,0.0,1,10,0,0,0,-0.9903973200352558,0.1382503109109819,0,2022
2022-10-10,bhosari,0,0.0,1.0,28.670833333333334,18.252380952380953,-0.8065476190476194,89,83.42857142857143,-0.2857142857142857,28.5,9.0,11.7,0,10,0,0,0,-0.9878726596350429,0.15526624985999563,0,2022
2022-10-11,bhosari,0,0.0,1.0,13.725,19.20654761904762,0.9541666666666673,89,84.57142857142857,1.1428571428571428,28.8,9.4,5.9,0,10,0,0,0,-0.9850556718215013,0.172236243027682,0,2022
2022-10-12,bhosari,0,0.0,1.0,12.4,17.604761904761904,-1.6017857142857144,90,85.42857142857143,0.8571428571428571,27.4,15.8,30.4,0,10,0,0,0,-0.981947190186646,0.18915526872004093,0,2022
2022-10-13,bhosari,0,0.0,1.0,17.329166666666666,15.582738095238096,-2.0220238095238092,89,86.85714285714286,1.4285714285714286,27.9,14.8,13.7,0,10,0,0,0,-0.9785481345802031,0.20601832032517084,0,2022
2022-10-14,bhosari,0,0.0,1.0,19.158333333333335,15.292857142857143,-0.28988095238095263,89,87.85714285714286,1.0,27.3,17.1,9.6,0,10,0,0,0,-0.9748595108374125,0.22282040779479959,0,2022
2022-10-15,bhosari,0,0.0,1.0,21.8875,17.0375,1.7446428571428574,79,87.85714285714286,0.0,28.4,16.7,0.0,1,10,0,0,0,-0.9708824104813836,0.23955655912092708,0,2022
2022-10-16,bhosari,0,0.0,1.0,24.212500000000002,18.94940476190476,1.9119047619047618,78,86.85714285714286,-1.0,28.3,17.6,10.7,0,10,0,0,0,-0.9666180104000972,0.2562218218071163,0,2022
2022-10-17,bhosari,0,0.0,1.0,10.558333333333334,19.626190476190477,0.6767857142857149,89,86.14285714285714,-0.7142857142857143,28.1,17.8,11.9,0,10,0,0,0,-0.9620675724981452,0.27281126433401914,0,2022
2022-10-18,bhosari,0,0.0,1.0,17.724999999999998,17.038690476190474,-2.5875,91,86.14285714285714,0.0,27.0,11.8,3.6,0,10,0,0,0,-0.957232443323312,0.28931997761869527,0,2022
2022-10-19,bhosari,0,0.0,1.0,21.366666666666664,17.610119047619047,0.5714285714285712,87,86.42857142857143,0.2857142857142857,27.8,9.4,3.2,0,10,0,0,0,-0.9521140536681102,0.3057430764672831,0,2022
2022-10-20,bhosari,0,0.0,1.0,13.174999999999999,18.891071428571426,1.2809523809523804,87,86.0,-0.42857142857142855,27.6,10.8,1.3,0,10,0,0,0,-0.9467139181463862,0.3220757010206104,0,2022
2022-10-21,bhosari,0,0.0,1.0,15.4125,18.297619047619044,-0.593452380952381,88,85.71428571428571,-0.2857142857142857,26.6,15.4,2.5,0,10,0,0,0,-0.9410336347451197,0.3383130181923076,0,2022
2022-10-22,bhosari,0,1.0,1.0,21.566666666666666,17.7625,-0.5351190476190479,76,85.57142857142857,-0.14285714285714285,27.9,16.2,0.1,1,10,0,0,0,-0.9350748843515574,0.3544502230989869,1,2022
2022-10-23,bhosari,1,2.0,1.0,28.620833333333334,17.716666666666665,-0.04583333333333327,68,85.14285714285714,-0.42857142857142855,27.6,12.2,0.0,2,10,0,0,0,-0.9288394302558068,0.3704825404820963,1,2022
2022-10-24,bhosari,1,1.0,1.0,38.125,18.346428571428568,0.6297619047619045,69,83.71428571428571,-1.4285714285714286,27.7,10.8,0.0,3,10,0,0,1,-0.9223291176290545,0.3864052261209853,1,2022
2022-10-25,bhosari,0,0.0,1.0,40.99583333333333,22.28452380952381,3.938095238095238,68,80.85714285714286,-2.857142857142857,27.9,8.0,0.0,4,10,0,0,1,-0.9155458729775467,0.40221356823680365,0,2022
2022-10-26,bhosari,0,0.0,1.0,37.766666666666666,25.60892857142857,3.324404761904762,71,77.57142857142857,-3.2857142857142856,27.4,11.5,0.0,5,10,0,0,1,-0.9084917035725082,0.41790288888678667,0,2022
2022-10-27,bhosari,0,0.0,1.0,37.108333333333334,27.951785714285712,2.342857142857143,68,75.28571428571429,-2.2857142857142856,27.1,13.5,0.0,6,10,0,0,1,-0.9011686968561569,0.4334685453485363,0,2022
2022-10-28,bhosari,0,0.0,1.0,37.88333333333333,31.370833333333334,3.41904761904762,66,72.57142857142857,-2.7142857142857144,27.0,16.9,0.0,7,10,0,0,1,-0.8935790198239952,0.4489059314938798,0,2022
2022-10-29,bhosari,0,0.0,1.0,32.97083333333333,34.58095238095238,3.2101190476190475,63,69.42857142857143,-3.142857142857143,27.4,17.1,0.0,8,10,0,0,1,-0.8857249183835637,0.4642104791518923,0,2022
2022-10-30,bhosari,0,0.0,1.0,35.541666666666664,36.210119047619045,1.6291666666666664,64,67.57142857142857,-1.8571428571428572,27.8,16.0,0.0,9,10,0,0,1,-0.8776087166898392,0.4793776594606945,0,2022
2022-10-31,bhosari,0,0.0,1.0,47.375,37.19880952380952,0.9886904761904758,62,67.0,-0.5714285714285714,27.3,13.2,0.0,10,10,0,0,0,-0.8692328164574792,0.49440298420761813,0,2022
2022-11-01,bhosari,0,0.0,1.0,45.54583333333333,38.52023809523809,1.3214285714285714,60,66.0,-1.0,27.5,13.5,0.0,11,10,0,0,0,-0.8605996962501181,0.5092820071573356,0,2022
2022-11-02,bhosari,0,0.0,1.0,43.71666666666667,39.1702380952381,0.6499999999999996,66,64.85714285714286,-1.1428571428571428,28.9,12.4,0.0,12,10,0,0,0,-0.8517119107469189,0.5240103253675756,0,2022
2022-11-03,bhosari,0,0.0,1.0,34.09166666666667,40.02023809523809,0.8500000000000004,59,64.14285714285714,-0.7142857142857143,29.6,16.2,0.0,13,10,0,0,0,-0.8425720899866032,0.5385835804920232,0,2022
2022-11-04,bhosari,0,0.0,1.0,33.791666666666664,39.589285714285715,-0.4309523809523808,60,62.857142857142854,-1.2857142857142858,29.0,15.3,0.0,14,10,0,0,0,-0.8331829385891785,0.5529974600700271,0,2022
2022-11-05,bhosari,0,0.0,1.0,31.15833333333333,39.00476190476191,-0.5845238095238098,56,62.0,-0.8571428571428571,29.1,12.8,0.0,15,10,0,0,0,-0.8235472349556007,0.5672476988027229,0,2022
2022-11-06,bhosari,0,0.0,1.0,32.108333333333334,38.74583333333333,-0.25892857142857145,54,61.0,-1.0,29.3,13.0,0.0,16,10,0,0,0,-0.8136678304455991,0.5813300798152042,0,2022
2022-11-07,bhosari,0,0.0,1.0,39.6875,38.255357142857136,-0.49047619047619,57,59.57142857142857,-1.4285714285714286,29.2,9.7,0.0,17,10,0,0,0,-0.8035476485339116,0.5952404359043674,0,2022
2022-11-08,bhosari,0,0.0,1.0,46.416666666666664,37.15714285714285,-1.0982142857142858,59,58.857142857142854,-0.7142857142857143,29.4,10.0,0.0,18,10,0,0,0,-0.7931896839451843,0.6089746507720486,0,2022
2022-11-09,bhosari,0,0.0,1.0,44.925000000000004,37.281547619047615,0.12440476190476245,52,58.714285714285715,-0.14285714285714285,29.2,12.8,0.0,19,10,0,0,0,-0.7825970017677834,0.6225286602431057,0,2022
2022-11-10,bhosari,0,0.0,1.0,40.4625,37.454166666666666,0.17261904761904795,51,56.714285714285715,-2.0,29.2,18.8,0.0,20,10,0,0,0,-0.7717727365467836,0.6358984534680745,0,2022
2022-11-11,bhosari,0,0.0,1.0,42.92916666666667,38.364285714285714,0.9101190476190472,54,55.57142857142857,-1.1428571428571428,29.6,20.2,0.0,21,10,0,0,0,-0.7607200913564104,0.6490800741100398,0,2022
2022-11-12,bhosari,0,0.0,1.0,51.541666666666664,39.669642857142854,1.3053571428571433,58,54.714285714285715,-0.8571428571428571,29.2,17.1,0.0,22,10,0,0,0,-0.7494423368521954,0.6620696215153815,0,2022
2022-11-13,bhosari,0,0.0,1.0,58.73333333333333,42.58154761904762,2.9119047619047618,60,55.0,0.2857142857142857,28.7,14.9,0.0,23,10,0,0,0,-0.7379428103031386,0.6748632518680403,0,2022
2022-11-14,bhosari,0,0.0,1.0,54.22083333333333,46.38511904761905,3.8035714285714275,63,55.857142857142854,0.8571428571428571,29.3,10.6,0.0,24,10,0,0,0,-0.7262249146041543,0.6874571793269664,0,2022
2022-11-15,bhosari,0,0.0,1.0,57.75,48.46130952380952,2.076190476190476,63,56.714285714285715,0.8571428571428571,29.5,6.9,0.0,25,10,0,0,0,-0.7142921172691032,0.699847677146407,0,2022
2022-11-16,bhosari,0,0.0,1.0,53.262499999999996,50.080357142857146,1.6190476190476193,61,57.285714285714285,0.5714285714285714,28.8,8.8,0.0,26,10,0,0,0,-0.7021479494046978,0.7120310787787131,0,2022
2022-11-17,bhosari,0,0.0,1.0,44.225,51.271428571428565,1.1910714285714274,53,58.57142857142857,1.2857142857142858,28.9,13.5,0.0,27,10,0,0,0,-0.6897960046655887,0.7240037789593305,0,2022
2022-11-18,bhosari,0,0.0,1.0,33.916666666666664,51.80892857142857,0.5375000000000004,49,58.857142857142854,0.2857142857142857,28.0,12.0,0.0,28,10,0,0,0,-0.6772399381909491,0.7357622347736527,0,2022
2022-11-19,bhosari,0,0.0,1.0,44.51666666666667,50.521428571428565,-1.2875000000000003,50,58.142857142857146,-0.7142857142857143,27.3,11.5,0.0,29,10,0,0,0,-0.6644834655228552,0.7473029667054296,0,2022
2022-11-20,bhosari,0,0.0,1.0,39.22083333333334,49.517857142857146,-1.0035714285714274,52,57.0,-1.1428571428571428,26.4,12.5,0.0,30,10,0,0,0,-0.6515303615068021,0.75862255966641,0,2022
2022-11-21,bhosari,0,0.0,1.0,41.69166666666667,46.730357142857144,-2.7874999999999983,51,55.857142857142854,-1.1428571428571428,26.6,10.6,0.0,31,10,0,0,0,-0.6383844591746642,0.7697176640069211,0,2022
2022-11-22,bhosari,0,0.0,1.0,45.74166666666667,44.9404761904762,-1.7898809523809516,54,54.142857142857146,-1.7142857142857142,28.6,9.7,0.0,32,10,0,0,0,-0.6250496486104377,0.7805849965070866,0,2022
2022-11-23,bhosari,0,0.0,1.0,45.645833333333336,43.22500000000001,-1.7154761904761904,55,52.857142857142854,-1.2857142857142858,29.2,11.0,0.0,33,10,0,0,0,-0.6115298757991053,0.7912213413483807,0,2022
2022-11-24,bhosari,0,0.0,1.0,50.57916666666667,42.136904761904766,-1.0880952380952371,58,52.0,-0.8571428571428571,29.3,8.9,0.0,34,10,0,0,0,-0.5978291414589552,0.801623551065242,0,2022
2022-11-25,bhosari,0,0.0,1.0,56.32083333333333,43.044642857142854,0.9077380952380959,62,52.714285714285715,0.7142857142857143,30.4,9.5,0.0,35,10,0,0,0,-0.5839514998576998,0.8117885474764613,0,2022
2022-11-26,bhosari,0,0.0,1.0,68.71666666666667,46.2452380952381,3.2005952380952385,66,54.57142857142857,1.8571428571428572,29.9,9.8,0.0,36,10,0,0,0,-0.5699010576127624,0.8217133225960589,0,2022
2022-11-27,bhosari,0,0.0,1.0,67.94583333333334,49.702380952380956,3.4571428571428564,69,56.857142857142854,2.2857142857142856,29.8,12.5,0.0,37,10,0,0,0,-0.5556819724760489,0.8313949395234058,0,2022
2022-11-28,bhosari,0,0.0,1.0,36.545833333333334,53.80595238095238,4.103571428571429,65,59.285714285714285,2.4285714285714284,29.6,13.1,0.0,38,10,0,0,0,-0.5412984521036173,0.8408305333122887,0,2022
2022-11-29,bhosari,0,0.0,1.0,41.65,53.07083333333333,-0.735119047619048,62,61.285714285714285,2.0,29.9,10.8,0.0,39,10,0,0,0,-0.5267547528105542,0.8500173118187018,0,2022
2022-11-30,bhosari,0,0.0,1.0,49.2125,52.48630952380952,-0.5845238095238098,59,62.42857142857143,1.1428571428571428,29.1,10.4,0.0,40,10,0,0,0,-0.5120551783114646,0.8589525565270845,0,2022
2022-12-01,bhosari,0,0.0,1.0,42.77916666666667,52.99583333333334,0.5095238095238089,53,63.0,0.5714285714285714,28.4,10.2,0.0,41,10,0,0,0,-0.4972040784469378,0.8676336233547726,0,2022
2022-12-02,bhosari,0,0.0,1.0,58.645833333333336,51.881547619047616,-1.114285714285715,53,62.285714285714285,-0.7142857142857143,29.4,10.6,0.0,42,10,0,0,0,-0.4822058478963526,0.8760579434344281,0,2022
2022-12-03,bhosari,0,0.0,1.0,70.26666666666667,52.21369047619048,0.3321428571428576,62,61.0,-1.2857142857142858,30.0,9.2,0.0,43,10,0,0,0,-0.46706492487743034,0.8842230238742036,0,2022
2022-12-04,bhosari,0,0.0,1.0,74.75,52.43511904761905,0.22142857142857103,71,60.42857142857143,-0.5714285714285714,29.7,10.8,0.2,44,10,0,0,0,-0.451785789832884,0.8921264484954345,0,2022
2022-12-05,bhosari,0,0.0,1.0,76.98333333333333,53.40714285714286,0.9720238095238086,68,60.714285714285715,0.2857142857142857,29.7,10.6,0.1,45,10,0,0,0,-0.4363729641045924,0.8997658785476209,0,2022
2022-12-06,bhosari,0,0.0,1.0,70.9875,59.183928571428574,5.776785714285714,61,61.142857142857146,0.42857142857142855,30.2,12.2,0.0,46,10,0,0,0,-0.42083100859565564,0.9071390534005044,0,2022
2022-12-07,bhosari,0,0.0,1.0,61.36666666666667,63.375,4.191071428571428,61,61.0,-0.14285714285714285,30.0,13.2,0.0,47,10,0,0,0,-0.4051645224207563,0.9142437912130223,0,2022
2022-12-08,bhosari,0,0.0,1.0,71.85833333333333,65.11130952380952,1.736309523809524,60,61.285714285714285,0.2857142857142857,28.8,12.7,0.0,48,10,0,0,0,-0.3893781415452015,0.9210779895789526,0,2022
2022-12-09,bhosari,0,0.0,1.0,32.625,69.26547619047619,4.154166666666667,48,62.285714285714285,1.0,27.4,15.5,0.0,49,10,0,0,0,-0.37347653741307074,0.9276396261490467,0,2022
2022-12-10,bhosari,0,0.0,1.0,30.366666666666664,65.54821428571428,-3.717261904761905,46,61.57142857142857,-0.7142857142857143,29.0,11.5,0.0,50,10,0,0,0,-0.3574644155648614,0.9339267592294762,0,2022
2022-12-11,bhosari,0,0.0,1.0,31.454166666666666,59.848214285714285,-5.700000000000001,61,59.285714285714285,-2.2857142857142856,29.4,11.9,0.1,51,10,0,0,0,-0.34134651424503615,0.9399375283564133,0,2022
2022-12-12,bhosari,0,0.0,1.0,24.9875,53.66309523809524,-6.185119047619048,76,57.857142857142854,-1.4285714285714286,28.3,16.7,0.3,52,10,0,0,0,-0.3251276029999093,0.9456701548465688,0,2022
2022-12-13,bhosari,0,0.0,1.0,10.0875,46.235119047619044,-7.427976190476191,77,59.0,1.1428571428571428,27.7,21.8,0.1,53,10,0,0,0,-0.30881248126625377,0.9511229423235357,0,2022
2022-12-14,bhosari,0,0.0,1.0,0.8291666666666666,37.53511904761905,-8.7,68,61.285714285714285,2.2857142857142856,29.4,21.6,0.0,54,10,0,0,0,-0.29240597695107734,0.9562942772197719,0,2022
2022-12-15,bhosari,0,0.0,1.0,0.7291666666666666,28.88690476190476,-8.648214285714285,69,62.285714285714285,1.0,29.1,14.5,0.1,55,10,0,0,0,-0.27591294500296043,0.9611826292540837,0,2022
2022-12-16,bhosari,0,0.0,1.0,18.295833333333334,18.725595238095234,-10.161309523809523,64,63.57142857142857,1.2857142857142858,30.7,9.6,0.0,56,10,0,0,0,-0.2593382659754056,0.9657865518844574,0,2022
2022-12-17,bhosari,0,0.0,1.0,32.65,16.678571428571427,-2.0470238095238096,65,65.85714285714286,2.2857142857142856,30.0,11.7,0.5,57,10,0,0,0,-0.2426868445825954,0.9701046827361175,0,2022
2022-12-18,bhosari,0,0.0,1.0,29.21666666666667,17.004761904761903,0.3261904761904764,56,68.57142857142857,2.7142857142857144,30.8,13.3,0.0,58,10,0,0,0,-0.22596360824801906,0.974135744004672,0,2022
2022-12-19,bhosari,0,0.0,1.0,22.604166666666668,16.685119047619047,-0.31964285714285673,56,67.85714285714286,-0.7142857142857143,29.8,12.9,0.0,59,10,0,0,0,-0.20917350564635637,0.9778785428342386,0,2022
2022-12-20,bhosari,0,0.0,1.0,30.958333333333332,16.34464285714286,-0.34047619047619043,48,65.0,-2.857142857142857,29.8,9.5,0.0,60,10,0,0,0,-0.19232150523909483,0.9813319716704275,0,2022
2022-12-21,bhosari,0,0.0,1.0,40.483333333333334,19.326190476190476,2.9815476190476184,50,60.857142857142854,-4.142857142857143,30.0,8.4,0.0,61,10,0,0,0,-0.17541259380427843,0.9844950085880858,0,2022
2022-12-22,bhosari,0,0.0,1.0,50.262499999999996,24.991071428571427,5.664880952380953,55,58.285714285714285,-2.5714285714285716,30.2,8.1,0.0,62,10,0,0,0,-0.15845177496083632,0.9873667175937016,0,2022
2022-12-23,bhosari,0,0.0,1.0,48.862500000000004,32.06726190476191,7.076190476190476,59,56.285714285714285,-2.0,30.2,14.0,0.0,63,10,0,0,0,-0.14144406768794202,0.9899462489023779,0,2022
2022-12-24,bhosari,0,0.0,1.0,34.824999999999996,36.433928571428574,4.366666666666667,51,55.57142857142857,-0.7142857142857143,29.7,12.2,0.0,64,10,0,0,0,-0.12439450483979998,0.9922328391893008,0,2022
2022-12-25,bhosari,0,0.0,1.0,35.891666666666666,36.74464285714286,0.31071428571428533,50,53.57142857142857,-2.0,29.6,13.2,0.0,65,10,0,0,0,-0.10730813165636247,0.9942258118156161,0,2022
2022-12-26,bhosari,0,0.0,1.0,42.291666666666664,37.698214285714286,0.9535714285714282,57,52.714285714285715,-0.8571428571428571,30.0,12.4,0.0,66,10,0,0,0,-0.09019000427034513,0.9959245770286599,0,2022
2022-12-27,bhosari,0,0.0,1.0,34.84166666666667,40.510714285714286,2.8124999999999996,61,52.857142857142854,0.14285714285714285,30.7,12.8,0.0,67,10,0,0,0,-0.07304518821104743,0.9973286321364752,0,2022
2022-12-28,bhosari,0,0.0,1.0,33.80416666666667,41.06547619047619,0.5547619047619052,58,54.714285714285715,1.8571428571428572,30.4,8.7,0.0,68,10,0,0,0,-0.05587875690537313,0.9984375616565666,0,2022
2022-12-29,bhosari,0,0.0,1.0,34.354166666666664,40.11130952380952,-0.9541666666666667,56,55.857142857142854,1.1428571428571428,30.1,9.2,0.0,69,10,0,0,0,-0.03869579017652689,0.9992510374388481,0,2022
2022-12-30,bhosari,0,0.0,1.0,35.583333333333336,37.83869047619048,-2.2726190476190475,53,56.0,0.14285714285714285,30.2,11.3,0.0,70,10,0,0,0,-0.021501372740813793,0.999768818762748,0,2022
2022-12-31,bhosari,0,0.0,1.0,32.987500000000004,35.94166666666666,-1.89702380952381,56,55.142857142857146,-0.8571428571428571,30.1,13.9,0.0,71,10,0,0,0,-0.004300592702981974,0.9999907524084426,0,2022
2023-01-01,bhosari,0,0.0,1.0,34.75,35.67916666666667,-0.2624999999999988,56,55.857142857142854,0.7142857142857143,29.5,10.9,0.0,72,10,0,0,0,0.017201575418260506,0.9998520419557735,0,2023
2023-01-02,bhosari,0,0.0,1.0,35.824999999999996,35.51607142857143,-0.16309523809523796,57,56.714285714285715,0.8571428571428571,29.6,9.2,0.0,73,10,0,0,0,0.03439806061360801,0.9994082116062598,0,2023
2023-01-03,bhosari,0,0.0,1.0,45.262499999999996,34.592261904761905,-0.9238095238095241,59,56.714285714285715,0.0,29.5,14.1,0.0,74,10,0,0,0,0.051584366869408364,0.9986686402879997,0,2023
2023-01-04,bhosari,0,0.0,1.0,53.375,36.08095238095238,1.4886904761904753,61,56.42857142857143,-0.2857142857142857,29.4,10.0,0.0,75,10,0,0,0,0.06875540848113941,0.9976335468520451,0,2023
2023-01-05,bhosari,0,0.0,1.0,65.85833333333333,38.87678571428571,2.7958333333333334,62,56.857142857142854,0.42857142857142855,28.8,14.2,0.0,76,10,0,0,0,0.08590610426133272,0.9963032375991965,0,2023
2023-01-06,bhosari,0,0.0,1.0,48.57083333333333,43.37738095238095,4.500595238095238,63,57.714285714285715,0.8571428571428571,28.3,18.3,0.0,77,10,0,0,0,0.10303137904317879,0.9946781061893646,0,2023
2023-01-07,bhosari,0,0.0,1.0,92.125,45.2327380952381,1.8553571428571425,66,59.142857142857146,1.4285714285714286,27.9,13.6,0.0,78,10,0,0,0,0.1201261651823505,0.9927586335250793,0,2023
2023-01-08,bhosari,0,0.0,1.0,55.354166666666664,53.68095238095238,8.448214285714284,60,60.57142857142857,1.4285714285714286,27.6,10.6,0.0,79,10,0,0,0,0.13718540405660057,0.9905453876091833,0,2023
2023-01-09,bhosari,0,0.0,1.0,30.4375,56.62440476190476,2.9434523809523805,47,61.142857142857146,0.5714285714285714,27.6,10.6,0.0,80,10,0,0,0,0.1542040475626894,0.988039023376751,0,2023
2023-01-10,bhosari,0,0.0,1.0,33.1625,55.85476190476191,-0.7696428571428565,40,59.714285714285715,-1.4285714285714286,28.2,11.2,0.0,81,10,0,0,0,0.17117705961019986,0.985240282501282,0,2023
2023-01-11,bhosari,0,0.0,1.0,41.329166666666666,54.12619047619047,-1.7285714285714278,45,57.0,-2.7142857142857144,29.6,13.4,0.0,82,10,0,0,0,0.18809941761179758,0.9821499931752291,0,2023
2023-01-12,bhosari,0,0.0,1.0,35.49583333333333,52.40535714285714,-1.7208333333333334,50,54.714285714285715,-2.2857142857142856,29.1,12.0,0.0,83,10,0,0,0,0.20496611396949532,0.9787690698649216,0,2023
2023-01-13,bhosari,0,0.0,1.0,27.075,48.067857142857136,-4.3375,65,53.0,-1.7142857142857142,28.8,13.4,0.0,84,10,0,0,0,0.22177215755648186,0.975098513039961,0,2023
2023-01-14,bhosari,0,0.0,1.0,33.72083333333333,44.99702380952381,-3.0708333333333333,68,53.285714285714285,0.2857142857142857,28.9,14.0,0.0,85,10,0,0,0,0.23851257519407648,0.9711394088771653,0,2023
2023-01-15,bhosari,0,0.0,1.0,43.32916666666667,36.653571428571425,-8.343452380952382,63,53.57142857142857,0.2857142857142857,29.5,12.8,0.0,86,10,0,0,0,0.2551824131233728,0.9668929289391521,0,2023
2023-01-16,bhosari,0,0.0,1.0,49.02916666666667,34.93571428571429,-1.7178571428571416,58,54.0,0.42857142857142855,30.7,15.8,0.0,87,10,0,0,0,0.2717767384711357,0.9623603298276545,0,2023
2023-01-17,bhosari,0,0.0,1.0,50.0,37.59166666666666,2.6559523809523813,55,55.57142857142857,1.5714285714285714,29.8,11.3,0.0,88,10,0,0,0,0.2882906407095177,0.9575429528116719,0,2023
2023-01-18,bhosari,0,0.0,1.0,50.0375,39.9970238095238,2.4053571428571425,49,57.714285714285715,2.142857142857143,29.9,11.2,0.0,89,10,0,0,0,0.3047192331091634,0.9524422234305676,0,2023
2023-01-19,bhosari,0,0.0,1.0,58.275,41.24107142857143,1.2440476190476193,46,58.285714285714285,0.5714285714285714,30.7,15.0,0.0,90,10,0,0,0,0.321057654185271,0.9470596510722283,0,2023
2023-01-20,bhosari,0,0.0,1.0,59.49583333333333,44.49523809523809,3.254166666666667,48,57.714285714285715,-0.5714285714285714,30.3,14.2,0.0,91,10,0,0,0,0.3373010691361842,0.9413968285264122,0,2023
2023-01-21,bhosari,0,0.0,1.0,55.512499999999996,49.12678571428571,4.631547619047619,46,55.285714285714285,-2.4285714285714284,29.0,14.7,0.0,92,10,0,0,0,0.3534446712740877,0.9354554315134164,0,2023
2023-01-22,bhosari,0,0.0,1.0,53.125,52.23988095238094,3.1130952380952377,51,52.142857142857146,-3.142857142857143,29.4,14.3,0.0,93,10,0,0,0,0.3694836834473831,0.9292372181882051,0,2023
2023-01-23,bhosari,0,0.0,1.0,45.93333333333334,53.63928571428571,1.399404761904761,53,50.42857142857143,-1.7142857142857142,29.4,15.1,0.0,94,10,0,0,0,0.38541335945432564,0.9227440286201427,0,2023
2023-01-24,bhosari,0,0.0,1.0,50.862500000000004,53.197023809523806,-0.44226190476190447,61,49.714285714285715,-0.7142857142857143,29.8,17.4,0.0,95,10,0,0,0,0.4012289854475009,0.9159777842484877,0,2023
2023-01-25,bhosari,0,0.0,1.0,60.24583333333334,53.320238095238096,0.12321428571428632,58,50.57142857142857,0.8571428571428571,29.6,15.6,0.1,96,10,0,0,0,0.4169258813287287,0.908940487313808,0,2023
2023-01-26,bhosari,0,0.0,1.0,57.520833333333336,54.778571428571425,1.4583333333333337,59,51.857142857142854,1.2857142857142858,29.5,15.3,0.0,97,10,0,0,0,0.4324994021339788,0.901634220265486,0,2023
2023-01-27,bhosari,0,0.0,1.0,40.52916666666667,54.67083333333334,-0.1077380952380947,53,53.714285714285715,1.8571428571428572,30.7,15.1,0.0,98,10,0,0,0,0.44794493940789115,0.8940611451454876,0,2023
2023-01-28,bhosari,0,2.0,1.0,30.358333333333334,51.961309523809526,-2.709523809523809,45,54.42857142857143,0.7142857142857143,30.8,16.2,0.0,99,10,0,0,0,0.4632579225674917,0.88622350294858,1,2023
2023-01-29,bhosari,2,2.0,1.0,47.38333333333333,48.36785714285715,-3.5934523809523804,67,54.285714285714285,-0.14285714285714285,31.0,19.5,0.0,100,10,0,0,0,0.4784338202547012,0.8781236129591848,1,2023
2023-01-30,bhosari,0,0.0,1.0,44.80416666666667,47.54761904761905,-0.8202380952380953,68,56.57142857142857,2.2857142857142856,30.3,9.5,0.0,101,10,0,0,0,0.49346814167723735,0.8697638720650646,0,2023
2023-01-31,bhosari,0,0.0,1.0,47.29583333333333,47.38630952380953,-0.1613095238095243,58,58.714285714285715,2.142857142857143,29.6,15.4,0.0,102,10,0,0,0,0.5083564379375122,0.8611467540480452,0,2023
2023-02-01,bhosari,0,0.0,1.0,53.34583333333333,46.876785714285724,-0.509523809523811,57,58.285714285714285,-0.42857142857142855,29.6,15.5,0.0,103,10,0,0,0,0.5230943033491326,0.8522748088519838,0,2023
2023-02-02,bhosari,0,0.0,1.0,43.887499999999996,45.89107142857143,-0.9857142857142865,52,58.142857142857146,-0.14285714285714285,30.1,15.7,0.0,104,10,0,0,0,0.5376773767406141,0.8431506618282,0,2023
2023-02-03,bhosari,0,0.0,1.0,33.891666666666666,43.94345238095237,-1.9476190476190485,44,57.142857142857146,-1.0,29.9,12.5,0.0,105,10,0,0,0,0.5521013427459208,0.8337770129585915,0,2023
2023-02-04,bhosari,0,0.0,1.0,34.11666666666667,42.99523809523809,-0.9482142857142861,42,55.857142857142854,-1.2857142857142858,30.8,9.1,0.0,106,10,0,0,0,0.5663619330814524,0.8241566360566663,0,2023
2023-02-05,bhosari,0,0.0,1.0,36.1625,43.53214285714285,0.5369047619047619,40,55.42857142857143,-0.42857142857142855,31.2,15.4,0.0,107,10,0,0,0,0.580454927809098,0.8142923779467267,0,2023
2023-02-06,bhosari,0,0.0,1.0,47.11666666666667,41.92916666666667,-1.60297619047619,42,51.57142857142857,-3.857142857142857,32.1,15.9,0.0,108,10,0,0,0,0.5943761565849831,0.804187157621448,0,2023
2023-02-07,bhosari,0,0.0,1.0,37.44583333333333,42.259523809523806,0.33035714285714285,42,47.857142857142854,-3.7142857142857144,31.8,15.0,0.0,109,10,0,0,0,0.6081214998935418,0.7938439653781019,0,2023
2023-02-08,bhosari,0,0.0,1.0,30.141666666666666,40.85238095238095,-1.4071428571428564,41,45.57142857142857,-2.2857142857142856,32.5,9.7,0.0,110,10,0,0,0,0.6216868902665479,0.7832658619336791,0,2023
2023-02-09,bhosari,0,0.0,1.0,27.34583333333333,37.5375,-3.3148809523809524,41,43.285714285714285,-2.2857142857142856,33.4,10.8,0.0,111,10,0,0,0,0.6350683134867438,0.7724559775191742,0,2023
2023-02-10,bhosari,0,0.0,1.0,33.90416666666667,35.17440476190476,-2.3630952380952377,37,41.714285714285715,-1.5714285714285714,33.4,9.4,0.0,112,10,0,0,0,0.6482618097757122,0.7614175109532997,0,2023
2023-02-11,bhosari,0,0.0,1.0,29.879166666666666,35.17619047619048,0.0017857142857146918,33,40.714285714285715,-1.0,34.2,16.8,0.0,113,10,0,0,0,0.6612634749656386,0.7501537286959042,0,2023
2023-02-12,bhosari,0,0.0,1.0,24.366666666666664,34.57083333333333,-0.6053571428571429,31,39.42857142857143,-1.2857142857142858,33.4,16.2,0.0,114,10,0,0,0,0.6740694616546161,0.7386679638813748,0,2023
2023-02-13,bhosari,0,0.0,1.0,17.041666666666668,32.885714285714286,-1.6851190476190483,33,38.142857142857146,-1.2857142857142858,32.6,13.8,0.0,115,10,0,0,0,0.6866759803451553,0.726963615332308,0,2023
2023-02-14,bhosari,0,0.0,1.0,21.566666666666666,28.58928571428571,-4.296428571428572,31,36.857142857142854,-1.2857142857142858,32.2,11.0,0.0,116,10,0,0,0,0.6990793005655562,0.7150441465537444,0,2023
2023-02-15,bhosari,0,0.0,1.0,18.904166666666665,26.320833333333333,-2.268452380952381,24,35.285714285714285,-1.5714285714285714,33.3,12.1,0.0,117,10,0,0,0,0.7112757519738152,0.7029130847082615,0,2023
2023-02-16,bhosari,0,0.0,1.0,15.5375,24.71547619047619,-1.605357142857143,24,32.857142857142854,-2.4285714285714284,34.5,18.4,0.0,118,10,0,0,0,0.7232617254437388,0.6905740195722293,0,2023
2023-02-17,bhosari,0,0.0,1.0,18.316666666666666,23.028571428571432,-1.6869047619047617,26,30.428571428571427,-2.4285714285714284,34.4,15.4,0.0,119,10,0,0,0,0.7350336741329413,0.6780306024735382,0,2023
2023-02-18,bhosari,0,0.0,1.0,17.775000000000002,20.801785714285717,-2.2267857142857146,24,28.857142857142858,-1.5714285714285714,33.9,12.3,0.0,120,10,0,0,0,0.746588114532413,0.6652865452111116,0,2023
2023-02-19,bhosari,0,0.0,1.0,22.120833333333334,19.072619047619046,-1.7291666666666663,27,27.571428571428573,-1.2857142857142858,33.7,13.9,0.0,121,10,0,0,0,0.7579216274973472,0.6523456189565257,0,2023
2023-02-20,bhosari,0,0.0,1.0,34.958333333333336,18.751785714285713,-0.32083333333333286,34,27.0,-0.5714285714285714,33.9,14.3,0.0,122,10,0,0,0,0.7690308592589181,0.6392116531380588,0,2023
2023-02-21,bhosari,0,0.0,1.0,44.729166666666664,21.311309523809523,2.5595238095238098,36,27.142857142857142,0.14285714285714285,34.9,11.2,0.0,123,10,0,0,0,0.7799125224167177,0.6258885343075018,0,2023
2023-02-22,bhosari,0,0.0,1.0,31.02916666666667,24.620238095238097,3.308928571428571,30,27.857142857142858,0.7142857142857143,34.6,9.9,0.0,124,10,0,0,0,0.7905633969115482,0.612380204990065,0,2023
2023-02-23,bhosari,0,0.0,1.0,30.516666666666666,26.35238095238095,1.7321428571428577,31,28.714285714285715,0.8571428571428571,34.9,12.0,0.0,125,10,0,0,0,0.8009803309782905,0.5986906625177214,0,2023
2023-02-24,bhosari,0,0.0,1.0,30.791666666666668,28.492261904761904,2.139880952380952,24,29.714285714285715,1.0,34.6,12.0,0.0,126,10,0,0,0,0.8111602420785621,0.5848239578463322,0,2023
2023-02-25,bhosari,0,0.0,1.0,30.954166666666666,30.274404761904766,1.7821428571428573,27,29.428571428571427,-0.2857142857142857,34.6,10.0,0.0,127,10,0,0,0,0.8211001178128892,0.5707841943569036,0,2023
2023-02-26,bhosari,0,0.0,1.0,28.462500000000002,32.15714285714286,1.8827380952380948,25,29.857142857142858,0.42857142857142855,34.7,11.1,0.0,128,10,0,0,0,0.8307970168121247,0.5565755266413303,0,2023
2023-02-27,bhosari,0,0.0,1.0,30.433333333333334,33.06309523809524,0.9059523809523812,22,29.571428571428573,-0.2857142857142857,34.3,18.4,0.0,129,10,0,0,0,0.8402480696078469,0.5422021592729844,0,2023
2023-02-28,bhosari,0,0.0,1.0,39.30416666666667,32.416666666666664,-0.6464285714285717,27,27.857142857142858,-1.7142857142857142,33.5,15.0,0.0,130,10,0,0,0,0.8494504794814806,0.527668345562516,0,2023
2023-03-01,bhosari,0,0.0,1.0,38.84583333333333,31.64166666666667,-0.7749999999999996,28,26.571428571428573,-1.2857142857142858,33.5,12.4,0.0,131,10,0,0,0,0.8584015232918917,0.512978386299228,0,2023
2023-03-02,bhosari,0,0.0,1.0,38.625,32.75833333333333,1.116666666666666,31,26.285714285714285,-0.2857142857142857,34.0,14.3,0.0,132,10,0,0,0,0.8670985522812081,0.4981366284784055,0,2023
2023-03-03,bhosari,0,0.0,1.0,43.958333333333336,33.91666666666667,1.1583333333333334,32,26.285714285714285,0.0,34.3,14.8,0.0,133,10,0,0,0,0.8755389928586302,0.4831474640149687,0,2023
2023-03-04,bhosari,0,0.0,1.0,50.050000000000004,35.79761904761905,1.8809523809523812,32,27.428571428571427,1.1428571428571428,35.2,12.9,0.0,134,10,0,0,0,0.8837203473619977,0.4680153284438345,0,2023
2023-03-05,bhosari,0,0.0,1.0,55.19166666666666,38.52559523809524,2.727976190476191,32,28.142857142857142,0.7142857142857143,34.9,11.6,0.0,135,10,0,0,0,0.8916401947968874,0.45274469960737107,0,2023
2023-03-06,bhosari,0,0.0,1.0,51.25,42.34404761904762,3.81845238095238,40,29.142857142857142,1.0,33.2,17.7,1.6,0,10,0,0,0,0.8992961915530253,0.4373400963303323,0,2023
2023-03-07,bhosari,0,0.0,1.0,46.2875,45.31785714285714,2.973809523809524,52,31.714285714285715,2.5714285714285716,29.1,16.1,2.1,0,10,0,0,1,0.9066860720977985,0.4218060770826634,0,2023
2023-03-08,bhosari,0,0.0,1.0,43.25416666666666,46.31547619047619,0.9976190476190477,44,35.285714285714285,3.5714285714285716,32.5,15.2,0.0,1,10,0,0,1,0.9138076496466615,0.4061472386305789,0,2023
2023-03-09,bhosari,0,1.0,1.0,32.84583333333333,46.94523809523809,0.6297619047619045,34,37.57142857142857,2.2857142857142856,32.4,12.6,0.0,2,10,0,0,1,0.9206588168102428,0.3903682146763026,1,2023
2023-03-10,bhosari,1,1.0,1.0,32.645833333333336,46.119642857142864,-0.8255952380952384,32,38.0,0.42857142857142855,33.7,13.8,0.0,3,10,0,0,1,0.9272375462179537,0.374473674486883,1,2023
2023-03-11,bhosari,0,0.0,1.0,33.24166666666667,44.503571428571426,-1.6160714285714286,33,38.0,0.0,34.8,16.2,0.0,4,10,0,0,1,0.9335418911179212,0.35846832151248087,0,2023
2023-03-12,bhosari,0,0.0,1.0,46.4625,42.10238095238095,-2.4011904761904765,32,38.142857142857146,0.14285714285714285,34.1,16.2,0.0,5,10,0,0,1,0.9395699859530622,0.342356891994542,0,2023
2023-03-13,bhosari,0,0.0,1.0,48.512499999999996,40.85535714285714,-1.247023809523809,35,38.142857142857146,0.0,34.1,12.3,0.0,6,10,0,0,1,0.945320046913132,0.3261441535642696,0,2023
2023-03-14,bhosari,0,0.0,1.0,53.37916666666667,40.464285714285715,-0.3910714285714292,38,37.42857142857143,-0.7142857142857143,33.8,14.2,0.0,7,10,0,0,0,0.9507903724625832,0.3098349038318025,0,2023
2023-03-15,bhosari,0,0.0,1.0,51.93333333333334,41.47738095238095,1.0130952380952383,39,35.42857142857143,-2.0,32.8,14.2,0.0,8,10,0,0,0,0.9559793438440766,0.2934339689665273,0,2023
2023-03-16,bhosari,0,0.0,1.0,51.824999999999996,42.717261904761905,1.2398809523809535,64,34.714285714285715,-0.7142857142857143,31.2,16.9,2.2,0,10,0,0,0,0.9608854255574977,0.27694620226893646,0,2023
2023-03-17,bhosari,0,0.0,1.0,58.86666666666667,45.42857142857143,2.7113095238095233,63,39.0,4.285714285714286,30.9,21.7,0.0,1,10,0,0,0,0.9655071658143364,0.2603764827344581,0,2023
2023-03-18,bhosari,0,1.0,1.0,52.9375,49.17440476190476,3.745833333333333,59,43.42857142857143,4.428571428571429,31.0,17.3,0.0,2,10,0,0,0,0.969843196967294,0.24372971360968387,1,2023
2023-03-19,bhosari,1,1.0,1.0,36.775,51.988095238095234,2.813690476190476,61,47.142857142857146,3.7142857142857144,30.5,22.0,0.0,3,10,0,0,0,0.9738922359149924,0.22701082094141847,1,2023
2023-03-20,bhosari,0,0.0,1.0,20.179166666666667,50.60416666666667,-1.3839285714285714,59,51.285714285714285,4.142857142857143,29.8,18.3,0.0,4,10,0,0,0,0.9776530844816641,0.2102247521189836,0,2023
2023-03-21,bhosari,0,0.0,1.0,22.583333333333332,46.55654761904763,-4.047619047619047,64,54.714285714285715,3.4285714285714284,29.8,18.7,0.0,5,10,0,0,0,0.981124629771712,0.19337647441020586,0,2023
2023-03-22,bhosari,0,0.0,1.0,20.837500000000002,42.15714285714286,-4.399404761904763,64,58.42857142857143,3.7142857142857144,29.9,18.3,0.0,6,10,0,0,0,0.984305844499033,0.17647097349152166,0,2023
2023-03-23,bhosari,0,0.0,1.0,20.7625,37.71488095238095,-4.442261904761905,62,62.0,3.5714285714285716,31.2,18.4,0.0,7,10,0,0,0,0.9871957872910085,0.15951325197263655,0,2023
2023-03-24,bhosari,0,0.0,1.0,17.474999999999998,33.27738095238095,-4.437499999999999,58,61.714285714285715,-0.2857142857142857,32.9,20.4,0.0,8,10,0,0,0,0.9897936029670716,0.14250832791617088,0,2023
2023-03-25,bhosari,0,0.0,1.0,18.658333333333335,27.36428571428571,-5.913095238095238,54,61.0,-0.7142857142857143,33.1,18.0,0.0,9,10,0,0,0,0.992098522791769,0.12546123335273648,0,2023
2023-03-26,bhosari,0,0.0,1.0,24.3875,22.467261904761905,-4.89702380952381,49,60.285714285714285,-0.7142857142857143,32.9,17.0,0.0,10,10,0,0,0,0.9941098647022418,0.10837701279187609,0,2023
2023-03-27,bhosari,0,0.0,1.0,28.775000000000002,20.697619047619046,-1.769642857142857,57,58.57142857142857,-1.7142857142857142,33.4,17.6,0.0,11,10,0,0,0,0.9958270335100595,0.09126072172931188,0,2023
2023-03-28,bhosari,0,0.0,1.0,34.17916666666667,21.925595238095237,1.2279761904761908,54,58.285714285714285,-0.2857142857142857,33.9,16.1,0.0,12,10,0,0,0,0.9972495210773451,0.07411742515094437,0,2023
2023-03-29,bhosari,0,0.0,1.0,39.56666666666667,23.582142857142856,1.6565476190476194,57,56.857142857142854,-1.4285714285714286,33.9,18.4,0.0,13,10,0,0,0,0.998376906467142,0.056952196034039754,0,2023
2023-03-30,bhosari,0,0.0,1.0,35.55416666666667,26.257738095238096,2.675595238095238,65,55.857142857142854,-1.0,31.9,17.8,0.0,14,10,0,0,0,0.9992088560679753,0.03977011384605572,0,2023
2023-03-31,bhosari,0,0.0,1.0,25.354166666666668,28.370833333333334,2.113095238095238,65,56.285714285714285,0.42857142857142855,30.4,18.4,0.0,15,10,0,0,0,0.9997451236925734,0.022576263041545485,0,2023
2023-04-01,bhosari,0,0.0,1.0,22.791666666666668,29.49642857142857,1.1255952380952385,56,57.285714285714285,1.0,33.2,18.3,0.0,16,10,0,0,0,0.9999855506507186,0.005375731557583884,0,2023
2023-04-02,bhosari,0,0.0,1.0,24.058333333333334,30.086904761904766,0.5904761904761904,61,57.57142857142857,0.2857142857142857,33.6,18.2,0.0,17,10,0,0,0,0.9999300657962057,-0.011826390691832589,0,2023
2023-04-03,bhosari,0,0.0,1.0,26.733333333333334,30.03988095238096,-0.04702380952380939,63,59.285714285714285,1.7142857142857142,34.5,18.0,0.0,18,10,0,0,0,0.9995786855478958,-0.029025013321975237,0,2023
2023-04-04,bhosari,0,0.0,1.0,27.90416666666667,29.748214285714287,-0.29166666666666685,58,60.142857142857146,0.8571428571428571,36.0,21.8,0.0,19,10,0,0,0,0.9989315138848577,-0.046215046983708354,0,2023
2023-04-05,bhosari,0,0.0,1.0,31.329166666666666,28.851785714285715,-0.8964285714285712,51,60.714285714285715,0.5714285714285714,36.1,21.7,0.0,20,10,0,0,0,0.9979887423155984,-0.06339140486951038,0,2023
2023-04-06,bhosari,0,0.0,1.0,24.491666666666664,27.675000000000004,-1.176785714285715,38,59.857142857142854,-0.8571428571428571,36.0,14.0,0.0,21,10,0,0,0,0.9967506498213929,-0.08054900421874167,0,2023
2023-04-07,bhosari,0,0.0,1.0,30.729166666666668,26.094642857142855,-1.5803571428571435,42,56.0,-3.857142857142857,34.8,21.1,0.3,22,10,0,0,0,0.9952176027737294,-0.09768276782171598,0,2023
2023-04-08,bhosari,0,0.0,1.0,41.041666666666664,26.862500000000004,0.7678571428571429,58,52.714285714285715,-3.2857142857142856,32.7,18.7,5.8,0,10,0,0,0,0.9933900548258936,-0.11478762552212701,0,2023
2023-04-09,bhosari,0,0.0,1.0,38.57083333333333,29.469642857142855,2.6071428571428568,53,53.0,0.2857142857142857,34.7,18.7,0.0,1,10,0,0,0,0.9912685467787256,-0.13185851571739118,0,2023
2023-04-10,bhosari,0,0.0,1.0,26.745833333333334,31.54285714285714,2.0732142857142857,44,51.857142857142854,-1.1428571428571428,35.2,16.7,0.0,2,10,0,0,0,0.9888537064205885,-0.1488903868564548,0,2023
2023-04-11,bhosari,0,0.0,1.0,30.133333333333336,31.544642857142858,0.0017857142857141842,43,49.142857142857146,-2.7142857142857144,36.9,17.1,0.0,3,10,0,0,0,0.986146248341595,-0.16587819893463143,0,2023
2023-04-12,bhosari,0,0.0,1.0,28.558333333333334,31.86309523809524,0.3184523809523811,40,47.0,-2.142857142857143,37.9,16.4,0.0,4,10,0,0,0,0.9831469737221499,-0.1828169249850199,0,2023
2023-04-13,bhosari,0,0.0,1.0,31.6875,31.4672619047619,-0.39583333333333315,31,45.42857142857143,-1.5714285714285714,38.6,16.2,1.6,0,10,0,0,0,0.9798567700958665,-0.1997015525660636,0,2023
2023-04-14,bhosari,0,0.0,1.0,44.9125,32.49523809523809,1.0279761904761908,36,44.42857142857143,-1.0,36.8,14.8,0.0,1,10,0,0,0,0.9762766110869321,-0.21652708524481437,0,2023
2023-04-15,bhosari,0,0.0,1.0,49.09166666666667,34.521428571428565,2.026190476190476,42,43.57142857142857,-0.8571428571428571,36.4,14.1,0.0,2,10,0,0,0,0.9724075561219968,-0.23328854407545518,0,2023
2023-04-16,bhosari,0,0.0,1.0,43.895833333333336,35.67142857142857,1.1500000000000006,47,41.285714285714285,-2.2857142857142856,36.8,27.4,0.4,3,10,0,0,0,0.9682507501166718,-0.2499809690726521,0,2023
2023-04-17,bhosari,0,0.0,1.0,33.9375,36.43214285714286,0.7607142857142861,39,40.42857142857143,-0.8571428571428571,36.1,19.8,0.0,4,10,0,0,0,0.9638074231367307,-0.26659942067929354,0,2023
2023-04-18,bhosari,0,0.0,1.0,30.454166666666666,37.459523809523816,1.0273809523809523,37,39.714285714285715,-0.7142857142857143,37.8,16.5,0.2,5,10,0,0,0,0.9590788900341131,-0.28313898122818354,0,2023
2023-04-19,bhosari,0,0.0,1.0,28.78333333333333,37.50535714285714,0.04583333333333276,31,38.857142857142854,-0.8571428571428571,38.2,17.3,0.4,6,10,0,0,0,0.9540665500578387,-0.2995947563972602,0,2023
2023-04-20,bhosari,0,0.0,1.0,37.1875,37.5375,0.03214285714285684,35,37.57142857142857,-1.2857142857142858,37.4,21.3,0.1,7,10,0,0,0,0.9487718864399473,-0.31596187665790293,0,2023
2023-04-21,bhosari,0,0.0,1.0,23.979166666666668,38.323214285714286,0.7857142857142857,36,38.142857142857146,0.5714285714285714,36.1,22.4,0.0,8,10,0,0,0,0.9431964659565866,-0.33223549871590435,0,2023
2023-04-22,bhosari,0,0.0,1.0,22.5125,35.33273809523809,-2.9904761904761905,45,38.142857142857146,0.0,34.6,22.7,0.0,9,10,0,0,0,0.9373419384643772,-0.3484108069446808,0,2023
2023-04-23,bhosari,0,0.0,1.0,24.15833333333333,31.535714285714285,-3.79702380952381,53,38.57142857142857,0.42857142857142855,34.8,21.0,0.0,10,10,0,0,0,0.9312100364121947,-0.3644830148102912,0,2023
2023-04-24,bhosari,0,0.0,1.0,22.099999999999998,28.71607142857143,-2.8196428571428576,47,39.42857142857143,0.8571428571428571,37.9,18.4,0.0,11,10,0,0,0,0.9248025743285089,-0.38044736628785164,0,2023
2023-04-25,bhosari,0,0.0,1.0,23.21666666666667,27.025000000000002,-1.6910714285714288,49,40.57142857142857,1.1428571428571428,37.9,28.6,0.0,12,10,0,0,0,0.9181214482844364,-0.39629913726891813,0,2023
2023-04-26,bhosari,0,0.0,1.0,22.220833333333335,25.991071428571427,-1.033928571428571,61,42.285714285714285,1.7142857142857142,34.0,21.1,0.0,13,10,0,0,0,0.9111686353326631,-0.41203363695942635,0,2023
2023-04-27,bhosari,0,0.0,1.0,27.34166666666667,25.053571428571427,-0.9374999999999994,60,46.57142857142857,4.285714285714286,34.1,17.5,0.0,14,10,0,0,0,0.9039461929224011,-0.42764620926777464,0,2023
2023-04-28,bhosari,0,0.0,1.0,35.19583333333333,23.64702380952381,-1.4065476190476187,61,50.142857142857146,3.5714285714285716,34.2,20.5,1.2,0,10,0,0,0,0.8964562582905575,-0.44313223418263453,0,2023
2023-04-29,bhosari,0,0.0,1.0,32.65416666666667,25.249404761904763,1.6023809523809522,57,53.714285714285715,3.5714285714285716,33.8,20.2,0.6,1,10,0,0,0,0.8887010478292915,-0.45848712914008766,0,2023
2023-04-30,bhosari,0,0.0,1.0,28.712500000000002,26.69821428571429,1.4488095238095242,58,55.42857142857143,1.7142857142857142,34.1,24.3,0.0,2,10,0,0,0,0.8806828564301475,-0.47370635037968,0,2023
2023-05-01,bhosari,0,0.0,1.0,23.65833333333333,27.34880952380953,0.6505952380952387,57,56.142857142857146,0.7142857142857143,33.2,20.8,0.0,3,10,0,0,0,0.8724040568049612,-0.48878539428899265,0,2023
2023-05-02,bhosari,0,0.0,1.0,22.979166666666668,27.571428571428573,0.22261904761904766,60,57.57142857142857,1.4285714285714286,32.1,15.8,0.7,4,10,0,0,0,0.8638670987837349,-0.503719798736334,0,2023
2023-05-03,bhosari,0,0.0,1.0,26.041666666666668,27.537499999999998,-0.03392857142857153,63,59.142857142857146,1.5714285714285714,32.0,18.7,0.4,5,10,0,0,0,0.8550745085896932,-0.518505144391157,0,2023
2023-05-04,bhosari,0,0.0,1.0,30.404166666666665,28.083333333333336,0.5458333333333333,61,59.42857142857143,0.2857142857142857,34.0,18.7,0.0,6,10,0,0,0,0.8460288880917339,-0.533137056031809,0,2023
2023-05-05,bhosari,0,0.0,1.0,39.270833333333336,28.520833333333332,0.4374999999999995,60,59.57142857142857,0.14285714285714285,34.8,21.3,0.0,7,10,0,0,0,0.8367329140344921,-0.5476112038402312,0,2023
2023-05-06,bhosari,0,0.0,1.0,39.36666666666667,29.10297619047619,0.5821428571428575,64,59.42857142857143,-0.14285714285714285,34.3,18.5,0.3,8,10,0,0,0,0.8271893372462497,-0.5619233046832195,0,2023
2023-05-07,bhosari,0,0.0,1.0,39.199999999999996,30.061904761904763,0.9589285714285712,68,60.42857142857143,1.0,33.9,14.6,7.2,0,10,0,0,0,0.8174009818249189,-0.5760691233798758,0,2023
2023-05-08,bhosari,0,0.0,1.0,43.8125,31.560119047619047,1.4982142857142848,71,61.857142857142854,1.4285714285714286,36.1,20.0,8.0,0,10,0,0,0,0.8073707443023492,-0.5900444739548627,0,2023
2023-05-09,bhosari,0,0.0,1.0,45.40416666666667,34.43928571428571,2.879166666666667,68,63.857142857142854,2.0,36.0,18.6,6.7,0,10,0,0,0,0.7971015927871943,-0.6038452208771035,0,2023
2023-05-10,bhosari,0,0.0,1.0,35.9125,37.642857142857146,3.2035714285714287,55,65.0,1.1428571428571428,39.1,14.6,0.0,1,10,0,0,0,0.7865965660866021,-0.6174672802835514,0,2023
2023-05-11,bhosari,0,0.0,1.0,35.512499999999996,39.052976190476194,1.4101190476190477,49,63.857142857142854,-1.1428571428571428,40.7,21.0,0.0,2,10,0,0,0,0.7758587728069828,-0.6309066211876704,0,2023
2023-05-12,bhosari,0,0.0,1.0,34.24583333333333,39.782738095238095,0.7297619047619044,49,62.142857142857146,-1.7142857142857142,39.2,24.1,0.0,3,10,0,0,0,0.7648913904341225,-0.6441592666722685,0,2023
2023-05-13,bhosari,0,0.0,1.0,24.287499999999998,39.06488095238095,-0.7178571428571436,54,60.57142857142857,-1.5714285714285714,36.6,20.6,0.0,4,10,0,0,0,0.753697664392914,-0.6572212950663319,0,2023
2023-05-14,bhosari,0,0.0,1.0,18.525000000000002,36.910714285714285,-2.1541666666666672,54,59.142857142857146,-1.4285714285714286,36.4,22.4,0.0,5,10,0,0,0,0.742280907086982,-0.6700888411055113,0,2023
2023-05-15,bhosari,0,0.0,1.0,23.479166666666668,33.957142857142856,-2.953571428571428,63,57.142857142857146,-2.0,36.0,21.1,0.0,6,10,0,0,0,0.7306444969184916,-0.6827580970759147,0,2023
2023-05-16,bhosari,0,0.0,1.0,23.754166666666666,31.052380952380954,-2.9047619047619047,63,56.0,-1.1428571428571428,35.6,20.6,0.0,7,10,0,0,0,0.7187918772884232,-0.6952253139408722,0,2023
2023-05-17,bhosari,0,0.0,1.0,20.654166666666665,27.95952380952381,-3.092857142857143,60,55.285714285714285,-0.7142857142857143,37.3,21.9,0.0,8,10,0,0,0,0.7067265555776158,-0.7074868024503348,0,2023
2023-05-18,bhosari,0,0.0,1.0,19.658333333333335,25.779761904761905,-2.179761904761905,58,56.0,0.7142857142857143,38.3,22.1,0.0,9,10,0,0,0,0.6944521021088763,-0.719538934232584,0,2023
2023-05-19,bhosari,0,0.0,1.0,17.7,23.514880952380953,-2.2648809523809517,54,57.285714285714285,1.2857142857142858,38.9,22.2,0.0,10,10,0,0,0,0.6819721490904629,-0.7313781428679254,0,2023
2023-05-20,bhosari,0,0.0,1.0,21.941666666666666,21.151190476190475,-2.363690476190476,58,58.0,0.7142857142857143,37.3,18.9,0.0,11,10,0,0,0,0.6692903895412567,-0.7430009249440493,0,2023
2023-05-21,bhosari,0,0.0,1.0,29.604166666666668,20.81607142857143,-0.33511904761904737,63,58.57142857142857,0.5714285714285714,36.5,19.5,0.0,12,10,0,0,0,0.6564105761979381,-0.7544038410927472,0,2023
2023-05-22,bhosari,0,0.0,1.0,22.1375,22.398809523809522,1.5827380952380952,58,59.857142857142854,1.2857142857142858,37.3,21.7,0.0,13,10,0,0,0,0.6433365204044917,-0.765583517007675,0,2023
2023-05-23,bhosari,0,0.0,1.0,21.0,22.20714285714286,-0.19166666666666693,50,59.142857142857146,-0.7142857142857143,39.5,22.2,0.0,14,10,0,0,0,0.6300720909843687,-0.7765366444428655,0,2023
2023-05-24,bhosari,0,0.0,1.0,20.779166666666665,21.813690476190477,-0.39345238095238094,60,57.285714285714285,-1.8571428571428572,37.0,20.6,0.0,15,10,0,0,0,0.6166212130956382,-0.7872599821916922,0,2023
2023-05-25,bhosari,0,0.0,1.0,14.870833333333332,21.831547619047623,0.017857142857142856,63,57.285714285714285,0.0,34.7,23.4,0.0,16,10,0,0,0,0.6029878670694714,-0.7977503570459932,0,2023
2023-05-26,bhosari,0,0.0,1.0,14.083333333333334,21.14761904761905,-0.6839285714285719,68,58.0,0.7142857142857143,33.7,22.8,0.0,17,10,0,0,0,0.5891760872322963,-0.8080046647350754,0,2023
2023-05-27,bhosari,0,0.0,1.0,19.579166666666666,20.63095238095238,-0.5166666666666665,62,60.0,2.0,34.8,21.0,0.0,18,10,0,0,0,0.5751899607119775,-0.8180198708443174,0,2023
2023-05-28,bhosari,0,0.0,1.0,19.104166666666668,20.29345238095238,-0.3375000000000001,61,60.57142857142857,0.5714285714285714,36.2,18.7,0.0,19,10,0,0,0,0.5610336262283677,-0.8277930117131022,0,2023
2023-05-29,bhosari,0,0.0,1.0,18.879166666666666,18.79345238095238,-1.5,62,60.285714285714285,-0.2857142857142857,38.6,22.7,0.0,20,10,0,0,0,0.5467112728685939,-0.8373211953118121,0,2023
2023-05-30,bhosari,0,0.0,1.0,19.808333333333334,18.327976190476193,-0.46547619047619043,58,60.857142857142854,0.5714285714285714,38.2,22.8,0.0,21,10,0,0,0,0.5322271388474397,-0.8466016020976267,0,2023
2023-05-31,bhosari,0,0.0,1.0,28.77916666666667,18.157738095238095,-0.17023809523809522,56,62.0,1.1428571428571428,39.3,21.0,0.0,22,10,0,0,0,0.5175855102531889,-0.8556314858488706,0,2023
2023-06-01,bhosari,0,0.0,1.0,24.454166666666666,19.30059523809524,1.1428571428571435,50,61.42857142857143,-0.5714285714285714,38.7,22.6,0.0,23,10,0,0,0,0.5027907197793043,-0.8644081744776648,0,2023
2023-06-02,bhosari,0,0.0,1.0,23.1875,20.669642857142858,1.369047619047619,62,59.57142857142857,-1.8571428571428572,35.5,19.0,0.0,24,10,0,0,0,0.4878471454423119,-0.8729290708206411,0,2023
2023-06-03,bhosari,0,0.0,1.0,19.829166666666666,21.970238095238095,1.300595238095238,65,58.714285714285715,-0.8571428571428571,35.9,19.7,1.0,0,10,0,0,0,0.47275920928627757,-0.881191653407483,0,2023
2023-06-04,bhosari,0,0.0,1.0,19.708333333333332,22.005952380952383,0.03571428571428571,69,59.142857142857146,0.42857142857142855,33.2,24.7,2.6,0,10,0,0,0,0.4575313760742512,-0.8891934772070711,0,2023
2023-06-05,bhosari,0,0.0,1.0,30.266666666666666,22.0922619047619,0.08630952380952348,69,60.285714285714285,1.1428571428571428,34.7,19.0,0.1,1,10,0,0,0,0.44216815196707204,-0.8969321743510065,0,2023
2023-06-06,bhosari,0,0.0,1.0,23.2625,23.71904761904762,1.6267857142857143,65,61.285714285714285,1.0,35.6,16.6,0.0,2,10,0,0,0,0.42667408318992467,-0.9044054548343001,0,2023
2023-06-07,bhosari,0,0.0,1.0,20.058333333333334,24.212500000000002,0.4934523809523808,60,62.285714285714285,1.0,36.0,18.7,0.0,3,10,0,0,0,0.4110537546870351,-0.9116111071930239,0,2023
2023-06-08,bhosari,0,1.0,1.0,11.125,22.966666666666665,-1.2458333333333336,65,62.857142857142854,0.5714285714285714,36.0,21.6,0.3,4,10,0,0,0,0.3953117887649151,-0.9185469991587165,1,2023
2023-06-09,bhosari,1,1.0,1.0,7.5125,21.0625,-1.9041666666666666,64,65.0,2.142857142857143,36.9,19.7,0.5,5,10,0,0,0,0.37945284372454435,-0.925211078289358,1,2023
2023-06-10,bhosari,0,0.0,1.0,6.991666666666667,18.823214285714283,-2.2392857142857143,64,65.28571428571429,0.2857142857142857,35.3,23.4,3.5,0,10,0,0,0,0.36348161248290634,-0.9316013725767187,0,2023
2023-06-11,bhosari,0,0.0,1.0,9.487499999999999,16.989285714285714,-1.8339285714285711,63,65.14285714285714,-0.14285714285714285,34.7,23.4,3.3,0,10,0,0,0,0.3474028211842774,-0.9377159910299093,0,2023
2023-06-12,bhosari,0,0.0,1.0,10.341666666666667,15.529166666666667,-1.4601190476190475,61,64.28571428571429,-0.8571428571428571,34.1,26.7,0.6,1,10,0,0,0,0.3312212278016865,-0.9435531242349544,0,2023
2023-06-13,bhosari,0,0.0,1.0,9.279166666666667,12.682738095238095,-2.846428571428571,68,63.142857142857146,-1.1428571428571428,32.0,26.9,3.1,0,10,0,0,0,0.31494162072895193,-0.9491110448902284,0,2023
2023-06-14,bhosari,0,0.0,1.0,7.995833333333334,10.685119047619049,-1.9976190476190474,72,63.57142857142857,0.42857142857142855,32.3,28.2,2.1,0,10,0,0,0,0.2985688173637202,-0.9543881083175908,0,2023
2023-06-15,bhosari,0,0.0,1.0,9.108333333333333,8.961904761904762,-1.7232142857142858,69,65.28571428571429,1.7142857142857142,33.0,26.6,0.3,1,10,0,0,0,0.2821076626819194,-0.9593827529490743,0,2023
2023-06-16,bhosari,0,0.0,1.0,9.991666666666667,8.673809523809522,-0.28809523809523824,71,65.85714285714286,0.5714285714285714,32.1,31.6,1.1,0,10,0,0,0,0.26556302780405594,-0.9640935007889755,0,2023
2023-06-17,bhosari,0,0.0,1.0,9.754166666666666,9.02797619047619,0.3541666666666667,73,66.85714285714286,1.0,32.2,26.7,0.1,1,10,0,0,0,0.24893980855376657,-0.9685189578512204,0,2023
2023-06-18,bhosari,0,0.0,1.0,12.820833333333333,9.422619047619047,0.394642857142857,75,68.14285714285714,1.2857142857142858,32.2,26.0,1.9,0,10,0,0,0,0.23224292400907015,-0.9726578145718654,0,2023
2023-06-19,bhosari,0,0.0,1.0,16.150000000000002,9.898809523809524,0.4761904761904763,67,69.85714285714286,1.7142857142857142,33.9,24.1,0.0,1,10,0,0,0,0.21547731504673012,-0.976508846196619,0,2023
2023-06-20,bhosari,0,0.0,1.0,15.2125,10.728571428571428,0.829761904761905,70,70.71428571428571,0.8571428571428571,33.4,23.4,0.4,2,10,0,0,0,0.19864794288017112,-0.9800709131432666,0,2023
2023-06-21,bhosari,0,0.0,1.0,14.479166666666666,11.576190476190476,0.8476190476190476,68,71.0,0.2857142857142857,33.5,22.7,0.8,3,10,0,0,0,0.18175978759137534,-0.9833429613388902,0,2023
2023-06-22,bhosari,0,0.0,1.0,13.195833333333333,12.502380952380951,0.9261904761904761,67,70.42857142857143,-0.5714285714285714,33.4,22.0,0.3,4,10,0,0,0,0.16481784665719793,-0.9863240225317866,0,2023
2023-06-23,bhosari,0,0.0,1.0,7.979166666666667,13.086309523809522,0.5839285714285715,72,70.14285714285714,-0.2857142857142857,32.2,20.4,2.1,0,10,0,0,0,0.14782713347053048,-0.9890132145779883,0,2023
2023-06-24,bhosari,0,0.0,1.0,5.466666666666666,12.798809523809524,-0.28750000000000003,78,70.28571428571429,0.14285714285714285,29.9,21.7,9.9,0,10,0,0,0,0.13079267585675922,-0.9914097417023038,0,2023
2023-06-25,bhosari,0,0.0,1.0,5.8125,12.186309523809525,-0.6125,81,71.0,0.7142857142857143,28.7,24.1,3.2,0,10,0,0,0,0.11371951458594969,-0.9935128947338007,0,2023
2023-06-26,bhosari,0,0.0,1.0,5.929166666666667,11.185119047619049,-1.0011904761904762,87,71.85714285714286,0.8571428571428571,25.6,26.2,5.4,0,10,0,0,0,0.0966127018812031,-0.9953220513156602,0,2023
2023-06-27,bhosari,0,0.0,1.0,4.504166666666666,9.725,-1.4601190476190478,83,74.71428571428571,2.857142857142857,27.8,22.8,4.3,0,10,0,0,0,0.07947729992362097,-0.9968366760893436,0,2023
2023-06-28,bhosari,0,0.0,1.0,3.0416666666666665,8.195238095238095,-1.5297619047619049,86,76.57142857142857,1.8571428571428572,28.6,25.0,15.5,0,10,0,0,0,0.062318379354325076,-0.998056320853012,0,2023
2023-06-29,bhosari,0,0.0,1.0,2.316666666666667,6.561309523809524,-1.6339285714285714,91,79.14285714285714,2.5714285714285716,25.1,23.6,18.8,0,10,0,0,0,0.04514101777397193,-0.9989806246941579,0,2023
2023-06-30,bhosari,0,0.0,1.0,2.4541666666666666,5.007142857142858,-1.5541666666666667,89,82.57142857142857,3.4285714285714284,26.0,28.8,20.9,0,10,0,0,0,0.02795029824021032,-0.999609314096404,0,2023
2023-07-01,bhosari,0,0.0,1.0,3.5583333333333336,4.2178571428571425,-0.7892857142857144,86,85.0,2.4285714285714284,26.2,25.4,6.0,0,10,0,0,0,0.01075130776352193,-0.9999422030204416,0,2023
2023-07-02,bhosari,0,0.0,1.0,3.7458333333333336,3.9452380952380954,-0.2726190476190475,86,86.14285714285714,1.1428571428571428,28.2,24.1,10.7,0,10,0,0,0,-0.00645086419810515,-0.9999791929590823,0,2023
2023-07-03,bhosari,0,0.0,1.0,4.808333333333334,3.65,-0.2952380952380952,84,86.85714285714286,0.7142857142857143,29.7,18.6,7.4,0,10,0,0,0,-0.023651127245231586,-0.9997202729664083,0,2023
2023-07-04,bhosari,0,0.0,1.0,4.595833333333333,3.4898809523809526,-0.16011904761904766,84,86.42857142857143,-0.42857142857142855,28.6,19.9,6.0,0,10,0,0,0,-0.04084439154329611,-0.9991655196610109,0,2023
2023-07-05,bhosari,0,0.0,1.0,7.0249999999999995,3.5029761904761907,0.013095238095238113,86,86.57142857142857,0.14285714285714285,28.4,17.4,6.1,0,10,0,0,0,-0.05802556932878035,-0.9983150972033183,0,2023
2023-07-06,bhosari,0,0.0,1.0,3.1916666666666664,4.0720238095238095,0.569047619047619,87,86.57142857142857,0.0,27.0,28.7,4.5,0,10,0,0,0,-0.07518957641475855,-0.9971692572470178,0,2023
2023-07-07,bhosari,0,0.0,1.0,1.9083333333333332,4.1970238095238095,0.12499999999999993,88,86.0,-0.5714285714285714,27.6,25.4,27.4,0,10,0,0,0,-0.09233133369539122,-0.9957283388645872,0,2023
2023-07-08,bhosari,0,0.0,1.0,4.758333333333334,4.119047619047619,-0.07797619047619049,85,85.85714285714286,-0.14285714285714285,27.2,30.4,26.6,0,10,0,0,0,-0.10944576864891556,-0.993992768446958,0,2023
2023-07-09,bhosari,0,0.0,1.0,5.904166666666666,4.29047619047619,0.17142857142857146,84,85.71428571428571,-0.14285714285714285,27.7,28.5,4.2,0,10,0,0,0,-0.12652781683868314,-0.9919630595773397,0,2023
2023-07-10,bhosari,0,0.0,1.0,7.579166666666667,4.598809523809523,0.3083333333333332,83,85.42857142857143,-0.2857142857142857,27.8,25.4,1.5,0,10,0,0,0,-0.1435724234118113,-0.9896398128792412,0,2023
2023-07-11,bhosari,0,0.0,1.0,8.5625,4.994642857142857,0.3958333333333333,82,85.28571428571429,-0.14285714285714285,28.2,21.6,0.4,1,10,0,0,0,-0.16057454459499376,-0.9870237158387383,0,2023
2023-07-12,bhosari,0,0.0,1.0,8.458333333333334,5.561309523809524,0.5666666666666667,88,85.0,-0.2857142857142857,25.8,17.3,7.3,0,10,0,0,0,-0.17752914918703497,-0.984115542601034,0,2023
2023-07-13,bhosari,0,0.0,1.0,6.091666666666666,5.766071428571428,0.20476190476190492,83,85.28571428571429,0.2857142857142857,28.4,20.4,2.7,0,10,0,0,0,-0.19443122004766195,-0.9809161537413774,0,2023
2023-07-14,bhosari,0,0.0,1.0,3.5250000000000004,6.180357142857143,0.4142857142857142,87,84.71428571428571,-0.5714285714285714,26.4,25.0,10.2,0,10,0,0,0,-0.2112757555821793,-0.9774264960104055,0,2023
2023-07-15,bhosari,0,0.0,1.0,6.329166666666667,6.411309523809523,0.23095238095238102,85,84.57142857142857,-0.14285714285714285,27.2,24.8,1.3,0,10,0,0,0,-0.2280577712215198,-0.9736476020539838,0,2023
2023-07-16,bhosari,0,0.0,1.0,4.033333333333333,6.635714285714285,0.22440476190476183,86,84.57142857142857,0.0,27.4,22.4,6.9,0,10,0,0,0,-0.24477230089725957,-0.9695805901076308,0,2023
2023-07-17,bhosari,0,0.0,1.0,2.4375,6.368452380952381,-0.26726190476190465,87,84.85714285714286,0.2857142857142857,26.3,26.7,3.4,0,10,0,0,0,-0.2614143985111562,-0.965226663665613,0,2023
2023-07-18,bhosari,0,0.0,1.0,2.341666666666667,5.633928571428571,-0.7345238095238095,89,85.42857142857143,0.5714285714285714,25.7,28.5,12.4,0,10,0,0,0,-0.2779791393987801,-0.9605871111248129,0,2023
2023-07-19,bhosari,0,0.0,1.0,4.7749999999999995,4.745238095238095,-0.8886904761904761,92,86.42857142857143,1.0,24.8,25.2,27.7,0,10,0,0,0,-0.2944616217868012,-0.9556633054034704,0,2023
2023-07-20,bhosari,0,0.0,1.0,3.983333333333333,4.219047619047619,-0.5261904761904763,86,87.0,0.5714285714285714,26.7,30.1,4.8,0,10,0,0,0,-0.3108569682435036,-0.9504567035349151,0,2023
2023-07-21,bhosari,0,0.0,1.0,4.075,3.9178571428571423,-0.3011904761904761,89,87.42857142857143,0.42857142857142855,26.4,23.6,6.5,0,10,0,0,0,-0.3271603271220951,-0.9449688462364056,0,2023
2023-07-22,bhosari,0,0.0,1.0,4.495833333333333,3.9964285714285714,0.07857142857142854,90,87.71428571428571,0.2857142857142857,26.3,27.7,13.9,0,10,0,0,0,-0.34336687399638804,-0.939201357453208,0,2023
2023-07-23,bhosari,0,0.0,1.0,1.6708333333333334,3.7345238095238096,-0.261904761904762,90,88.42857142857143,0.7142857142857143,25.6,26.0,14.5,0,10,0,0,0,-0.3594718130884232,-0.9331559438780432,0,2023
2023-07-24,bhosari,0,0.0,1.0,2.7375000000000003,3.3970238095238092,-0.33749999999999997,89,89.0,0.5714285714285714,26.1,27.5,10.8,0,10,0,0,0,-0.3754703786876202,-0.9268343944460494,0,2023
2023-07-25,bhosari,0,0.0,1.0,2.2916666666666665,3.4398809523809524,0.04285714285714289,90,89.28571428571429,0.2857142857142857,25.0,21.3,27.5,0,10,0,0,0,-0.3913578365610259,-0.9202385798054075,0,2023
2023-07-26,bhosari,0,0.0,1.0,3.4625,3.4327380952380944,-0.007142857142857181,90,89.42857142857143,0.14285714285714285,26.2,25.7,23.8,0,10,0,0,0,-0.4071294853542516,-0.9133704517637858,0,2023
2023-07-27,bhosari,0,0.0,1.0,3.0541666666666667,3.245238095238095,-0.18749999999999994,92,89.14285714285714,-0.2857142857142857,24.8,24.9,22.1,0,10,0,0,0,-0.4227806579826773,-0.9062320427107697,0,2023
2023-07-28,bhosari,0,0.0,1.0,2.433333333333333,3.1125000000000003,-0.13273809523809518,90,90.0,0.8571428571428571,25.7,27.8,7.4,0,10,0,0,0,-0.4383067230125192,-0.898825465016444,0,2023
2023-07-29,bhosari,0,0.0,1.0,6.304166666666667,2.8779761904761902,-0.23452380952380958,89,90.14285714285714,0.14285714285714285,25.7,27.0,2.0,0,10,0,0,0,-0.45370308603134424,-0.8911529104063088,0,2023
2023-07-30,bhosari,0,0.0,1.0,4.5874999999999995,3.1363095238095235,0.25833333333333347,86,90.0,-0.14285714285714285,26.8,28.2,3.9,0,10,0,0,0,-0.46896519100763184,-0.8832166493127127,0,2023
2023-07-31,bhosari,0,0.0,1.0,3.6125000000000003,3.5529761904761905,0.4166666666666666,86,89.42857142857143,-0.5714285714285714,27.0,28.5,2.9,0,10,0,0,0,-0.48408852163897587,-0.8750190302029955,0,2023
2023-08-01,bhosari,0,0.0,1.0,4.416666666666667,3.6779761904761905,0.125,85,89.0,-0.42857142857142855,27.1,30.7,3.2,0,10,0,0,0,-0.4990686026885319,-0.8665624788845385,0,2023
2023-08-02,bhosari,0,0.0,1.0,5.141666666666667,3.9815476190476184,0.30357142857142866,86,88.28571428571429,-0.7142857142857143,26.4,30.9,2.5,0,10,0,0,0,-0.5139010013093103,-0.8578494977869301,0,2023
2023-08-03,bhosari,0,0.0,1.0,4.983333333333333,4.2214285714285715,0.2398809523809524,86,87.71428571428571,-0.5714285714285714,26.5,31.7,2.8,0,10,0,0,0,-0.5285813283559292,-0.8488826652214553,0,2023
2023-08-04,bhosari,0,0.0,1.0,4.9125000000000005,4.497023809523809,0.2755952380952381,86,86.85714285714286,-0.8571428571428571,26.9,31.6,1.8,0,10,0,0,0,-0.5431052396834317,-0.8396646346181327,0,2023
2023-08-05,bhosari,0,0.0,1.0,6.470833333333334,4.851190476190476,0.3541666666666668,86,86.28571428571429,-0.5714285714285714,27.0,28.2,2.6,0,10,0,0,0,-0.5574684374327892,-0.8301981337405212,0,2023
2023-08-06,bhosari,0,0.0,1.0,7.675,4.875,0.023809523809523853,85,85.85714285714286,-0.42857142857142855,27.3,29.2,2.5,0,10,0,0,0,-0.5716666713027052,-0.8204859638785327,0,2023
2023-08-07,bhosari,0,0.0,1.0,10.208333333333334,5.316071428571428,0.4410714285714286,84,85.71428571428571,-0.14285714285714285,27.4,29.5,0.4,1,10,0,0,0,-0.5856957398073508,-0.8105309990194823,0,2023
2023-08-08,bhosari,0,0.0,1.0,8.1625,6.258333333333334,0.9422619047619047,84,85.42857142857143,-0.2857142857142857,27.4,25.6,1.6,0,10,0,0,0,-0.5995514915196489,-0.8003361849976323,0,2023
2023-08-09,bhosari,0,0.0,1.0,9.354166666666666,6.793452380952381,0.5351190476190475,83,85.28571428571429,-0.14285714285714285,27.6,24.1,1.0,0,10,0,0,0,-0.6132298262997502,-0.7899045386224707,0,2023
2023-08-10,bhosari,0,0.0,1.0,9.595833333333333,7.395238095238095,0.6017857142857143,83,84.85714285714286,-0.42857142857142855,27.8,23.0,1.6,0,10,0,0,0,-0.6267266965083301,-0.7792391467859886,0,2023
2023-08-11,bhosari,0,0.0,1.0,10.641666666666667,8.054166666666665,0.6589285714285714,82,84.42857142857143,-0.42857142857142855,28.0,19.3,0.8,1,10,0,0,0,-0.6400381082043503,-0.7683431655492202,0,2023
2023-08-12,bhosari,0,0.0,1.0,10.229166666666666,8.872619047619049,0.818452380952381,83,83.85714285714286,-0.5714285714285714,28.1,23.1,1.8,0,10,0,0,0,-0.65316012232693,-0.7572198192083127,0,2023
2023-08-13,bhosari,0,0.0,1.0,7.695833333333333,9.409523809523808,0.5369047619047617,83,83.42857142857143,-0.42857142857142855,26.9,25.4,2.3,0,10,0,0,0,-0.666088855860977,-0.7458723993404063,0,2023
2023-08-14,bhosari,0,0.0,1.0,10.416666666666666,9.4125,0.002976190476190434,82,83.14285714285714,-0.2857142857142857,27.6,24.9,1.5,0,10,0,0,0,-0.6788204829862355,-0.734304263829602,0,2023
2023-08-15,bhosari,0,0.0,1.0,9.65,9.442261904761905,0.029761904761904594,82,82.85714285714286,-0.2857142857142857,27.5,22.7,0.8,1,10,0,0,0,-0.6913512362094071,-0.722518835873311,0,2023
2023-08-16,bhosari,0,0.0,1.0,11.954166666666666,9.654761904761903,0.2125000000000001,82,82.57142857142857,-0.2857142857142857,28.6,22.8,1.0,0,10,0,0,0,-0.7036774074790128,-0.7105196029692745,0,2023
2023-08-17,bhosari,0,0.0,1.0,12.183333333333332,10.026190476190477,0.3714285714285714,80,82.42857142857143,-0.14285714285714285,27.6,22.9,0.1,1,10,0,0,0,-0.7157953492826642,-0.6983101158835584,0,2023
2023-08-18,bhosari,0,0.0,1.0,10.879166666666668,10.395833333333332,0.36964285714285694,81,82.0,-0.42857142857142855,28.7,21.9,0.0,2,10,0,0,0,-0.7277014757264236,-0.6858939875998223,0,2023
2023-08-19,bhosari,0,0.0,1.0,10.083333333333334,10.429761904761905,0.03392857142857153,84,81.85714285714286,-0.14285714285714285,28.1,24.7,1.2,0,10,0,0,0,-0.7393922635959241,-0.673274892250183,0,2023
2023-08-20,bhosari,0,0.0,1.0,9.370833333333334,10.408928571428572,-0.020833333333333166,84,82.0,0.14285714285714285,26.7,23.6,1.5,0,10,0,0,0,-0.7508642533989489,-0.6604565640279754,0,2023
2023-08-21,bhosari,0,0.0,1.0,10.770833333333334,10.648214285714287,0.23928571428571438,82,82.14285714285714,0.14285714285714285,28.3,21.7,1.0,0,10,0,0,0,-0.7621140503891487,-0.6474427960827475,0,2023
2023-08-22,bhosari,0,0.0,1.0,9.754166666666666,10.698809523809524,0.05059523809523826,86,82.14285714285714,0.0,28.8,22.4,6.3,0,10,0,0,0,-0.7731383255706026,-0.6342374393978054,0,2023
2023-08-23,bhosari,0,0.0,1.0,7.375,10.713690476190475,0.014880952380952297,81,82.71428571428571,0.5714285714285714,28.4,23.1,0.0,1,10,0,0,0,-0.7839338166829201,-0.620844401650647,0,2023
2023-08-24,bhosari,0,0.0,1.0,5.766666666666667,10.05952380952381,-0.6541666666666666,82,82.57142857142857,-0.14285714285714285,28.5,23.9,0.9,2,10,0,0,0,-0.7944973291665992,-0.6072676460566135,0,2023
2023-08-25,bhosari,0,0.0,1.0,3.8833333333333333,9.142857142857142,-0.9166666666666664,83,82.85714285714286,0.2857142857142857,28.2,23.9,2.7,0,10,0,0,0,-0.8048257371083452,-0.593511190196115,0,2023
2023-08-26,bhosari,0,0.0,1.0,3.9875000000000003,8.14345238095238,-0.9994047619047622,84,83.14285714285714,0.2857142857142857,28.4,23.7,2.7,0,10,0,0,0,-0.8149159841660791,-0.5795791048257612,0,2023
2023-08-27,bhosari,0,0.0,1.0,5.175,7.272619047619047,-0.8708333333333333,84,83.14285714285714,0.0,28.2,23.8,1.9,0,10,0,0,0,-0.8247650844733614,-0.5654755126737576,0,2023
2023-08-28,bhosari,0,0.0,1.0,6.6375,6.673214285714286,-0.599404761904762,83,83.14285714285714,0.0,28.5,23.5,4.6,0,10,0,0,0,-0.8343701235229538,-0.5512045872199277,0,2023
2023-08-29,bhosari,0,0.0,1.0,11.204166666666666,6.082738095238095,-0.5904761904761905,81,83.28571428571429,0.14285714285714285,28.6,16.8,1.2,0,10,0,0,0,-0.8437282590292712,-0.5367705514607103,0,2023
2023-08-30,bhosari,0,0.0,1.0,22.041666666666668,6.289880952380953,0.20714285714285705,80,82.57142857142857,-0.7142857142857143,30.3,15.7,0.2,1,10,0,0,0,-0.8528367217694595,-0.522177676659508,0,2023
2023-08-31,bhosari,0,0.0,1.0,29.837500000000002,8.385119047619048,2.0952380952380953,80,82.42857142857143,-0.14285714285714285,30.3,15.2,1.0,0,10,0,0,0,-0.8616928164028522,-0.5074302810827518,0,2023
2023-09-01,bhosari,0,0.0,1.0,27.770833333333332,11.823809523809524,3.4386904761904766,81,82.14285714285714,-0.2857142857142857,31.7,14.6,3.3,0,10,0,0,0,-0.8702939222685674,-0.49253272872205434,0,2023
2023-09-02,bhosari,0,0.0,1.0,20.791666666666668,15.236309523809524,3.4125,82,81.85714285714286,-0.2857142857142857,29.6,16.0,2.7,0,10,0,0,0,-0.8786374941610001,-0.4774894280028391,0,2023
2023-09-03,bhosari,0,0.0,1.0,19.775000000000002,17.636904761904763,2.4005952380952382,82,81.57142857142857,-0.2857142857142857,29.9,16.6,6.3,0,10,0,0,0,-0.886721063082993,-0.46230483047981086,0,2023
2023-09-04,bhosari,0,0.0,1.0,19.724999999999998,19.722619047619048,2.085714285714286,80,81.28571428571429,-0.2857142857142857,30.0,15.7,1.8,0,10,0,0,0,-0.8945422369764496,-0.4469834295196741,0,2023
2023-09-05,bhosari,0,0.0,1.0,22.650000000000002,21.592261904761905,1.869642857142857,77,80.85714285714286,-0.42857142857142855,29.7,16.9,0.3,1,10,0,0,0,-0.9020987014301837,-0.43152975897147144,0,2023
2023-09-06,bhosari,0,0.0,1.0,23.425,23.22738095238095,1.635119047619048,79,80.28571428571429,-0.5714285714285714,29.4,21.2,0.5,2,10,0,0,0,-0.9093882203647925,-0.4159483918249421,0,2023
2023-09-07,bhosari,0,0.0,1.0,17.083333333333332,23.425000000000004,0.19761904761904756,82,80.14285714285714,-0.14285714285714285,28.0,25.7,1.5,0,10,0,0,0,-0.9164086366943458,-0.4002439388573056,0,2023
2023-09-08,bhosari,0,0.0,1.0,4.641666666666667,21.60297619047619,-1.82202380952381,90,80.42857142857143,0.2857142857142857,27.3,26.4,32.8,0,10,0,0,0,-0.9231578729647039,-0.38442104726885545,0,2023
2023-09-09,bhosari,0,0.0,1.0,7.633333333333333,18.298809523809524,-3.3041666666666667,88,81.71428571428571,1.2857142857142858,27.7,24.3,6.7,0,10,0,0,0,-0.9296339319682695,-0.3684843993077793,0,2023
2023-09-10,bhosari,0,0.0,1.0,9.275,16.41904761904762,-1.879761904761905,85,82.57142857142857,0.8571428571428571,27.9,25.9,0.8,1,10,0,0,0,-0.9358348973349941,-0.35243871088460327,0,2023
2023-09-11,bhosari,0,0.0,1.0,9.466666666666667,14.91904761904762,-1.5000000000000002,84,83.0,0.42857142857142855,28.2,23.7,2.6,0,10,0,0,0,-0.9417589340994617,-0.33628873017668287,0,2023
2023-09-12,bhosari,0,0.0,1.0,12.145833333333334,13.453571428571431,-1.4654761904761902,82,83.57142857142857,0.5714285714285714,28.6,20.9,1.5,0,10,0,0,0,-0.9474042892438845,-0.32003923622313857,0,2023
2023-09-13,bhosari,0,0.0,1.0,10.079166666666667,11.95297619047619,-1.5005952380952383,82,84.28571428571429,0.7142857142857143,28.1,20.5,0.9,1,10,0,0,0,-0.9527692922168511,-0.30369503751065885,0,2023
2023-09-14,bhosari,0,0.0,1.0,11.358333333333334,10.046428571428573,-1.906547619047619,82,84.71428571428571,0.42857142857142855,28.8,19.8,0.2,2,10,0,0,0,-0.9578523554276669,-0.28726097055059635,0,2023
2023-09-15,bhosari,0,0.0,1.0,9.720833333333333,9.22857142857143,-0.8178571428571425,82,84.71428571428571,0.0,28.7,20.9,0.3,3,10,0,0,0,-0.9626519747161487,-0.2707418984477642,0,2023
2023-09-16,bhosari,0,0.0,1.0,6.433333333333334,9.954166666666667,0.7255952380952381,85,83.57142857142857,-1.1428571428571428,26.7,26.6,0.4,4,10,0,0,0,-0.9671667297977312,-0.2541427094613622,0,2023
2023-09-17,bhosari,0,0.0,1.0,7.458333333333333,9.782738095238097,-0.17142857142857132,85,83.14285714285714,-0.42857142857142855,26.9,26.3,1.9,0,10,0,0,0,-0.97139528468375,-0.23746831555846842,0,2023
2023-09-18,bhosari,0,0.0,1.0,4.2875000000000005,9.523214285714285,-0.2595238095238096,84,83.14285714285714,0.0,28.0,25.2,8.7,0,10,0,0,0,-0.9753363880767837,-0.2207236509605022,0,2023
2023-09-19,bhosari,0,0.0,1.0,4.004166666666666,8.783333333333333,-0.7398809523809523,84,83.14285714285714,0.0,28.5,23.0,1.3,0,10,0,0,0,-0.9789888737409319,-0.20391367068311472,0,2023
2023-09-20,bhosari,0,0.0,1.0,4.75,7.620238095238095,-1.1630952380952382,83,83.42857142857143,0.2857142857142857,29.8,21.1,2.7,0,10,0,0,0,-0.9823516608469237,-0.18704334906991657,0,2023
2023-09-21,bhosari,0,0.0,1.0,4.345833333333333,6.858928571428572,-0.7613095238095239,87,83.57142857142857,0.14285714285714285,29.8,14.8,21.7,0,10,0,0,0,-0.9854237542919524,-0.17011767832049052,0,2023
2023-09-22,bhosari,0,0.0,1.0,6.075,5.857142857142857,-1.0017857142857145,91,84.28571428571429,0.7142857142857143,27.4,11.2,33.2,0,10,0,0,0,-0.9882042449941422,-0.15314166701312007,0,2023
2023-09-23,bhosari,0,0.0,1.0,5.808333333333334,5.336309523809524,-0.5208333333333333,92,85.57142857142857,1.2857142857142858,28.2,12.7,41.8,0,10,0,0,0,-0.9906923101615609,-0.13612033862266704,0,2023
2023-09-24,bhosari,0,0.0,1.0,8.720833333333333,5.247023809523809,-0.08928571428571429,88,86.57142857142857,1.0,27.2,14.1,8.2,0,10,0,0,0,-0.9928872135356962,-0.11905873003404988,0,2023
2023-09-25,bhosari,0,0.0,1.0,12.204166666666666,5.427380952380952,0.18035714285714288,87,87.0,0.42857142857142855,28.4,15.4,5.6,0,10,0,0,0,-0.994788305609327,-0.10196189005174576,0,2023
2023-09-26,bhosari,0,0.0,1.0,16.804166666666667,6.558333333333333,1.1309523809523807,85,87.42857142857143,0.42857142857142855,29.8,14.5,14.0,0,10,0,0,0,-0.9963950238187231,-0.08483487790576538,0,2023
2023-09-27,bhosari,0,0.0,1.0,22.22083333333333,8.386904761904763,1.8285714285714287,89,87.57142857142857,0.14285714285714285,28.3,11.4,24.3,0,10,0,0,0,-0.9977068927101168,-0.06768276175455162,0,2023
2023-09-28,bhosari,0,0.0,1.0,23.337500000000002,10.882738095238095,2.495833333333333,89,88.42857142857143,0.8571428571428571,29.2,11.4,20.2,0,10,0,0,0,-0.9987235240803972,-0.050510617185222886,0,2023
2023-09-29,bhosari,0,0.0,1.0,21.158333333333335,13.595833333333333,2.7130952380952382,89,88.71428571428571,0.2857142857142857,28.9,14.0,15.3,0,10,0,0,0,-0.9994446170919858,-0.033323525711631344,0,2023
2023-09-30,bhosari,0,0.0,1.0,14.674999999999999,15.750595238095238,2.154761904761905,88,88.42857142857143,-0.2857142857142857,29.5,16.3,11.7,0,10,0,0,0,-0.9998699583618592,-0.016126573270657762,0,2023
2023-10-01,bhosari,0,0.0,1.0,34.11666666666667,17.017261904761906,1.2666666666666664,88,87.85714285714286,-0.5714285714285714,28.5,14.5,21.8,0,10,0,0,0,-0.9999994220246925,0.001075151282798226,0,2023
2023-10-02,bhosari,0,0.0,1.0,32.12916666666667,20.645238095238096,3.6279761904761907,83,87.85714285714286,0.0,28.0,17.0,0.0,1,10,0,0,0,-0.999832969770105,0.018276557681691223,0,2023
2023-10-03,bhosari,0,0.0,1.0,37.61666666666667,23.491666666666667,2.846428571428572,80,87.28571428571429,-0.5714285714285714,30.5,15.0,0.2,2,10,0,0,0,-0.9993706508539969,0.03547255575312556,0,2023
2023-10-04,bhosari,0,0.0,1.0,37.12083333333333,26.464880952380952,2.9732142857142856,80,86.57142857142857,-0.7142857142857143,30.5,12.7,0.1,3,10,0,0,0,-0.9986126020839734,0.052658056924614005,0,2023
2023-10-05,bhosari,0,0.0,1.0,33.67916666666667,28.593452380952385,2.1285714285714286,78,85.28571428571429,-1.2857142857142858,30.7,9.6,0.0,4,10,0,0,0,-0.9975590477788613,0.06982797572987089,0,2023
2023-10-06,bhosari,0,0.0,1.0,36.362500000000004,30.070833333333333,1.4773809523809522,78,83.71428571428571,-1.5714285714285714,29.9,13.9,0.0,5,10,0,0,0,-0.9962102997023297,0.0869772313136861,0,2023
2023-10-07,bhosari,0,0.0,1.0,37.37083333333333,32.24285714285714,2.17202380952381,74,82.14285714285714,-1.5714285714285714,30.6,11.6,0.0,6,10,0,0,0,-0.9945667569706337,0.1041007489354256,0,2023
2023-10-08,bhosari,0,0.0,1.0,37.800000000000004,35.48511904761905,3.2422619047619046,72,80.14285714285714,-2.0,31.1,10.4,0.0,7,10,0,0,0,-0.9926289059345095,0.121193461470736,0,2023
2023-10-09,bhosari,0,0.0,1.0,40.949999999999996,36.01130952380952,0.5261904761904768,71,77.85714285714286,-2.2857142857142856,31.0,14.0,0.0,8,10,0,0,0,-0.9903973200352558,0.1382503109109819,0,2023
2023-10-10,bhosari,0,0.0,1.0,36.49166666666667,37.271428571428565,1.2601190476190465,68,76.14285714285714,-1.7142857142857142,31.1,14.7,0.0,9,10,0,0,0,-0.9878726596350429,0.15526624985999563,0,2023
2023-10-11,bhosari,0,0.0,1.0,37.15416666666666,37.11071428571428,-0.16071428571428573,73,74.42857142857143,-1.7142857142857142,30.2,12.2,0.4,10,10,0,0,0,-0.9850556718215013,0.172236243027682,0,2023
2023-10-12,bhosari,0,0.0,1.0,40.05416666666667,37.115476190476194,0.004761904761904491,71,73.42857142857143,-1.0,31.0,13.1,0.4,11,10,0,0,0,-0.981947190186646,0.18915526872004093,0,2023
2023-10-13,bhosari,0,0.0,1.0,36.704166666666666,38.02619047619048,0.9107142857142857,63,72.42857142857143,-1.0,31.4,13.5,0.0,12,10,0,0,0,-0.9785481345802031,0.20601832032517084,0,2023
2023-10-14,bhosari,0,0.0,1.0,32.229166666666664,38.074999999999996,0.04880952380952307,63,70.28571428571429,-2.142857142857143,30.9,9.7,0.0,13,10,0,0,0,-0.9748595108374125,0.22282040779479959,0,2023
2023-10-15,bhosari,0,0.0,1.0,38.30833333333333,37.34047619047619,-0.7345238095238094,64,68.71428571428571,-1.5714285714285714,30.6,8.9,0.0,14,10,0,0,0,-0.9708824104813836,0.23955655912092708,0,2023
2023-10-16,bhosari,0,0.0,1.0,42.237500000000004,37.41309523809524,0.07261904761904654,62,67.57142857142857,-1.1428571428571428,31.1,13.7,0.5,15,10,0,0,0,-0.9666180104000972,0.2562218218071163,0,2023
2023-10-17,bhosari,0,0.0,1.0,48.38333333333333,37.59702380952381,0.18392857142857263,62,66.28571428571429,-1.2857142857142858,30.6,11.5,0.0,16,10,0,0,0,-0.9620675724981452,0.27281126433401914,0,2023
2023-10-18,bhosari,0,0.0,1.0,47.916666666666664,39.295833333333334,1.6988095238095238,58,65.42857142857143,-0.8571428571428571,31.0,14.1,0.0,17,10,0,0,0,-0.957232443323312,0.28931997761869527,0,2023
2023-10-19,bhosari,0,0.0,1.0,48.020833333333336,40.83333333333333,1.5375000000000003,67,63.285714285714285,-2.142857142857143,31.1,15.3,0.5,18,10,0,0,0,-0.9521140536681102,0.3057430764672831,0,2023
2023-10-20,bhosari,0,0.0,1.0,58.95416666666667,41.971428571428575,1.1380952380952383,71,62.714285714285715,-0.5714285714285714,30.2,9.4,0.8,19,10,0,0,0,-0.9467139181463862,0.3220757010206104,0,2023
2023-10-21,bhosari,0,0.0,1.0,55.137499999999996,45.15,3.1785714285714297,67,63.857142857142854,1.1428571428571428,30.5,10.8,0.2,20,10,0,0,0,-0.9410336347451197,0.3383130181923076,0,2023
2023-10-22,bhosari,0,0.0,1.0,41.46666666666667,48.422619047619044,3.2726190476190475,60,64.42857142857143,0.5714285714285714,31.2,11.6,0.0,21,10,0,0,0,-0.9350748843515574,0.3544502230989869,0,2023
2023-10-23,bhosari,0,0.0,1.0,43.55416666666667,48.87380952380953,0.4511904761904769,56,63.857142857142854,-0.5714285714285714,31.6,12.6,0.0,22,10,0,0,0,-0.9288394302558068,0.3704825404820963,0,2023
2023-10-24,bhosari,0,0.0,1.0,32.47083333333333,49.06190476190476,0.18809523809523757,51,63.0,-0.8571428571428571,31.6,12.1,0.0,23,10,0,0,0,-0.9223291176290545,0.3864052261209853,0,2023
2023-10-25,bhosari,0,0.0,1.0,34.13333333333333,46.788690476190474,-2.273214285714286,51,61.42857142857143,-1.5714285714285714,30.9,10.8,0.0,24,10,0,0,0,-0.9155458729775467,0.40221356823680365,0,2023
2023-10-26,bhosari,0,0.0,1.0,28.97083333333333,44.81964285714286,-1.9690476190476187,46,60.42857142857143,-1.0,30.5,10.9,0.0,25,10,0,0,0,-0.9084917035725082,0.41790288888678667,0,2023
2023-10-27,bhosari,0,0.0,1.0,26.40833333333333,42.098214285714285,-2.721428571428572,45,57.42857142857143,-3.0,30.5,12.4,0.0,26,10,0,0,0,-0.9011686968561569,0.4334685453485363,0,2023
2023-10-28,bhosari,0,0.0,1.0,33.229166666666664,37.44880952380952,-4.649404761904763,46,53.714285714285715,-3.7142857142857144,30.2,11.7,0.0,27,10,0,0,0,-0.8935790198239952,0.4489059314938798,0,2023
2023-10-29,bhosari,0,0.0,1.0,33.920833333333334,34.31904761904762,-3.1297619047619043,47,50.714285714285715,-3.0,30.3,12.8,0.0,28,10,0,0,0,-0.8857249183835637,0.4642104791518923,0,2023
2023-10-30,bhosari,0,0.0,1.0,36.612500000000004,33.24107142857142,-1.0779761904761906,51,48.857142857142854,-1.8571428571428572,30.7,11.9,0.0,29,10,0,0,0,-0.8776087166898392,0.4793776594606945,0,2023
2023-10-31,bhosari,0,0.0,1.0,39.137499999999996,32.24940476190476,-0.9916666666666661,55,48.142857142857146,-0.7142857142857143,30.7,13.0,0.0,30,10,0,0,0,-0.8692328164574792,0.49440298420761813,0,2023
2023-11-01,bhosari,0,0.0,1.0,37.550000000000004,33.20178571428571,0.952380952380952,52,48.714285714285715,0.5714285714285714,30.6,10.8,0.0,31,10,0,0,0,-0.8605996962501181,0.5092820071573356,0,2023
2023-11-02,bhosari,0,0.0,1.0,36.38333333333333,33.68988095238095,0.48809523809523875,55,48.857142857142854,0.14285714285714285,30.3,9.6,0.0,32,10,0,0,0,-0.8517119107469189,0.5240103253675756,0,2023
2023-11-03,bhosari,0,0.0,1.0,47.94166666666666,34.74880952380953,1.0589285714285717,55,50.142857142857146,1.2857142857142858,31.1,11.8,0.0,33,10,0,0,0,-0.8425720899866032,0.5385835804920232,0,2023
2023-11-04,bhosari,0,0.0,1.0,52.15,37.824999999999996,3.076190476190476,54,51.57142857142857,1.4285714285714286,30.9,15.0,0.0,34,10,0,0,0,-0.8331829385891785,0.5529974600700271,0,2023
2023-11-05,bhosari,0,0.0,1.0,49.63333333333333,40.52797619047619,2.7029761904761904,53,52.714285714285715,1.1428571428571428,31.5,13.6,0.0,35,10,0,0,0,-0.8235472349556007,0.5672476988027229,0,2023
2023-11-06,bhosari,0,0.0,1.0,35.24166666666667,42.77261904761905,2.244642857142857,49,53.57142857142857,0.8571428571428571,31.4,14.2,0.0,36,10,0,0,0,-0.8136678304455991,0.5813300798152042,0,2023
2023-11-07,bhosari,0,0.0,1.0,43.46666666666667,42.57678571428572,-0.1958333333333339,56,53.285714285714285,-0.2857142857142857,30.8,10.2,0.0,37,10,0,0,0,-0.8035476485339116,0.5952404359043674,0,2023
2023-11-08,bhosari,0,0.0,1.0,29.6875,43.195238095238096,0.6184523809523819,72,53.42857142857143,0.14285714285714285,30.4,18.1,1.1,0,10,0,0,0,-0.7931896839451843,0.6089746507720486,0,2023
2023-11-09,bhosari,0,0.0,1.0,30.483333333333334,42.072023809523806,-1.1232142857142864,80,56.285714285714285,2.857142857142857,30.4,15.0,3.8,0,10,0,0,0,-0.7825970017677834,0.6225286602431057,0,2023
2023-11-10,bhosari,0,0.0,1.0,30.820833333333336,41.22916666666667,-0.8428571428571426,83,59.857142857142854,3.5714285714285716,30.4,14.8,12.5,0,10,0,0,0,-0.7717727365467836,0.6358984534680745,0,2023
2023-11-11,bhosari,0,0.0,1.0,41.46666666666667,38.78333333333334,-2.4458333333333324,71,63.857142857142854,4.0,30.9,13.8,0.0,1,10,0,0,0,-0.7607200913564104,0.6490800741100398,0,2023
2023-11-12,bhosari,0,0.0,1.0,43.770833333333336,37.25714285714286,-1.5261904761904757,58,66.28571428571429,2.4285714285714284,31.2,14.0,0.0,2,10,0,0,1,-0.7494423368521954,0.6620696215153815,0,2023
2023-11-13,bhosari,0,0.0,1.0,54.1,36.41964285714286,-0.8374999999999996,57,67.0,0.7142857142857143,30.5,11.0,0.0,3,10,0,0,1,-0.7379428103031386,0.6748632518680403,0,2023
2023-11-14,bhosari,0,0.0,1.0,47.041666666666664,39.11369047619048,2.6940476190476192,59,68.14285714285714,1.1428571428571428,30.2,9.2,0.0,4,10,0,0,1,-0.7262249146041543,0.6874571793269664,0,2023
2023-11-15,bhosari,0,0.0,1.0,45.02916666666667,39.62440476190476,0.5107142857142851,53,68.57142857142857,0.42857142857142855,29.2,11.0,0.0,5,10,0,0,1,-0.7142921172691032,0.699847677146407,0,2023
2023-11-16,bhosari,0,0.0,1.0,56.262499999999996,41.81607142857143,2.191666666666667,56,65.85714285714286,-2.7142857142857144,29.3,10.2,0.0,6,10,0,0,1,-0.7021479494046978,0.7120310787787131,0,2023
2023-11-17,bhosari,0,0.0,1.0,67.075,45.49880952380953,3.6827380952380944,54,62.42857142857143,-3.4285714285714284,29.0,11.3,0.0,7,10,0,0,1,-0.6897960046655887,0.7240037789593305,0,2023
2023-11-18,bhosari,0,0.0,1.0,58.5875,50.677976190476194,5.179166666666666,60,58.285714285714285,-4.142857142857143,29.5,9.2,0.0,8,10,0,0,1,-0.6772399381909491,0.7357622347736527,0,2023
2023-11-19,bhosari,0,0.0,1.0,51.64166666666667,53.12380952380953,2.445833333333333,62,56.714285714285715,-1.5714285714285714,31.1,9.2,0.0,9,10,0,0,0,-0.6644834655228552,0.7473029667054296,0,2023
2023-11-20,bhosari,0,0.0,1.0,40.762499999999996,54.24821428571429,1.1244047619047624,59,57.285714285714285,0.5714285714285714,30.5,13.7,0.0,10,10,0,0,0,-0.6515303615068021,0.75862255966641,0,2023
2023-11-21,bhosari,0,0.0,1.0,37.875,52.34285714285715,-1.9053571428571436,53,57.57142857142857,0.2857142857142857,30.1,12.4,0.0,11,10,0,0,0,-0.6383844591746642,0.7697176640069211,0,2023
2023-11-22,bhosari,0,0.0,1.0,39.25833333333333,51.03333333333334,-1.309523809523809,57,56.714285714285715,-0.8571428571428571,29.3,11.7,0.0,12,10,0,0,0,-0.6250496486104377,0.7805849965070866,0,2023
2023-11-23,bhosari,0,0.0,1.0,36.920833333333334,50.208928571428565,-0.8244047619047622,61,57.285714285714285,0.5714285714285714,29.8,9.5,0.0,13,10,0,0,0,-0.6115298757991053,0.7912213413483807,0,2023
2023-11-24,bhosari,0,0.0,1.0,23.870833333333334,47.44583333333333,-2.763095238095237,68,58.0,0.7142857142857143,30.3,13.9,0.0,14,10,0,0,0,-0.5978291414589552,0.801623551065242,0,2023
2023-11-25,bhosari,0,0.0,1.0,23.866666666666664,41.273809523809526,-6.172023809523809,72,60.0,2.0,29.6,14.4,1.5,0,10,0,0,0,-0.5839514998576998,0.8117885474764613,0,2023
2023-11-26,bhosari,0,0.0,1.0,24.837500000000002,36.31369047619047,-4.960119047619047,77,61.714285714285715,1.7142857142857142,29.6,19.3,9.4,0,10,0,0,0,-0.5699010576127624,0.8217133225960589,0,2023
2023-11-27,bhosari,0,0.0,1.0,23.224999999999998,32.484523809523814,-3.829166666666667,82,63.857142857142854,2.142857142857143,27.6,11.3,3.9,0,10,0,0,0,-0.5556819724760489,0.8313949395234058,0,2023
2023-11-28,bhosari,0,0.0,1.0,27.308333333333334,29.979166666666664,-2.5053571428571426,82,67.14285714285714,3.2857142857142856,28.1,10.1,0.7,1,10,0,0,0,-0.5412984521036173,0.8408305333122887,0,2023
2023-11-29,bhosari,0,0.0,1.0,24.0625,28.469642857142855,-1.5095238095238095,79,71.28571428571429,4.142857142857143,28.3,11.0,0.2,2,10,0,0,0,-0.5267547528105542,0.8500173118187018,0,2023
2023-11-30,bhosari,0,0.0,1.0,30.333333333333332,26.298809523809524,-2.1708333333333334,78,74.42857142857143,3.142857142857143,29.2,13.3,1.3,0,10,0,0,0,-0.5120551783114646,0.8589525565270845,0,2023
2023-12-01,bhosari,0,0.0,1.0,27.47083333333333,25.357738095238094,-0.9410714285714289,75,76.85714285714286,2.4285714285714284,28.8,8.7,0.0,1,10,0,0,0,-0.4972040784469378,0.8676336233547726,0,2023
2023-12-02,bhosari,0,0.0,1.0,17.5,25.872023809523814,0.514285714285714,70,77.85714285714286,1.0,30.0,16.4,0.1,2,10,0,0,0,-0.4822058478963526,0.8760579434344281,0,2023
2023-12-03,bhosari,0,0.0,1.0,26.754166666666666,24.962500000000002,-0.9095238095238091,70,77.57142857142857,-0.2857142857142857,29.6,15.5,0.0,3,10,0,0,0,-0.46706492487743034,0.8842230238742036,0,2023
2023-12-04,bhosari,0,0.0,1.0,19.925,25.236309523809524,0.27380952380952345,68,76.57142857142857,-1.0,30.1,11.7,0.1,4,10,0,0,0,-0.451785789832884,0.8921264484954345,0,2023
2023-12-05,bhosari,0,0.0,1.0,24.458333333333332,24.764880952380953,-0.47142857142857103,68,74.57142857142857,-2.0,30.0,12.7,0.0,5,10,0,0,0,-0.4363729641045924,0.8997658785476209,0,2023
2023-12-06,bhosari,0,0.0,1.0,26.570833333333336,24.357738095238094,-0.40714285714285736,75,72.57142857142857,-2.0,28.2,10.1,0.8,6,10,0,0,0,-0.42083100859565564,0.9071390534005044,0,2023
2023-12-07,bhosari,0,0.0,1.0,28.329166666666666,24.71607142857143,0.3583333333333338,76,72.0,-0.5714285714285714,27.2,7.7,0.2,7,10,0,0,0,-0.4051645224207563,0.9142437912130223,0,2023
2023-12-08,bhosari,0,0.0,1.0,27.254166666666666,24.429761904761907,-0.2863095238095238,74,71.71428571428571,-0.2857142857142857,27.6,10.0,0.1,8,10,0,0,0,-0.3893781415452015,0.9210779895789526,0,2023
2023-12-09,bhosari,0,0.0,1.0,23.9375,24.398809523809526,-0.030952380952380714,69,71.57142857142857,-0.14285714285714285,28.5,11.0,0.0,9,10,0,0,0,-0.37347653741307074,0.9276396261490467,0,2023
2023-12-10,bhosari,0,0.0,1.0,26.766666666666666,25.318452380952383,0.9196428571428571,68,71.42857142857143,-0.14285714285714285,28.3,12.1,0.0,10,10,0,0,0,-0.3574644155648614,0.9339267592294762,0,2023
2023-12-11,bhosari,0,0.0,1.0,31.316666666666666,25.320238095238093,0.0017857142857141842,65,71.14285714285714,-0.2857142857142857,28.6,9.7,0.0,11,10,0,0,0,-0.34134651424503615,0.9399375283564133,0,2023
2023-12-12,bhosari,0,0.0,1.0,32.949999999999996,26.947619047619046,1.6273809523809522,65,70.71428571428571,-0.42857142857142855,28.3,7.5,0.0,12,10,0,0,0,-0.3251276029999093,0.9456701548465688,0,2023
2023-12-13,bhosari,0,0.0,1.0,33.625,28.160714285714285,1.2130952380952376,62,70.28571428571429,-0.42857142857142855,28.2,10.6,0.0,13,10,0,0,0,-0.30881248126625377,0.9511229423235357,0,2023
2023-12-14,bhosari,0,0.0,1.0,26.587500000000002,29.16845238095238,1.0077380952380948,60,68.42857142857143,-1.8571428571428572,27.4,13.5,0.0,14,10,0,0,0,-0.29240597695107734,0.9562942772197719,0,2023
2023-12-15,bhosari,0,0.0,1.0,29.075,28.919642857142858,-0.24880952380952337,59,66.14285714285714,-2.2857142857142856,26.8,13.8,0.0,15,10,0,0,0,-0.27591294500296043,0.9611826292540837,0,2023
2023-12-16,bhosari,0,0.0,1.0,41.1625,29.179761904761904,0.2601190476190475,61,64.0,-2.142857142857143,26.8,12.5,0.0,16,10,0,0,0,-0.2593382659754056,0.9657865518844574,0,2023
2023-12-17,bhosari,0,0.0,1.0,47.75,31.64047619047619,2.460714285714286,68,62.857142857142854,-1.1428571428571428,27.0,15.7,0.0,17,10,0,0,0,-0.2426868445825954,0.9701046827361175,0,2023
2023-12-18,bhosari,0,0.0,1.0,47.270833333333336,34.63809523809524,2.9976190476190476,64,62.857142857142854,0.0,26.4,19.4,0.0,18,10,0,0,0,-0.22596360824801906,0.974135744004672,0,2023
2023-12-19,bhosari,0,0.0,1.0,40.766666666666666,36.91726190476191,2.2791666666666672,61,62.714285714285715,-0.14285714285714285,25.9,16.5,0.0,19,10,0,0,0,-0.20917350564635637,0.9778785428342386,0,2023
2023-12-20,bhosari,0,0.0,1.0,30.404166666666665,38.033928571428575,1.1166666666666671,59,62.142857142857146,-0.5714285714285714,26.6,14.6,0.0,20,10,0,0,0,-0.19232150523909483,0.9813319716704275,0,2023
2023-12-21,bhosari,0,0.0,1.0,36.75,37.57380952380952,-0.46011904761904787,60,61.714285714285715,-0.42857142857142855,28.5,11.0,0.0,21,10,0,0,0,-0.17541259380427843,0.9844950085880858,0,2023
2023-12-22,bhosari,0,0.0,1.0,43.78333333333333,39.02559523809524,1.451785714285714,67,61.714285714285715,0.0,29.1,10.2,0.0,22,10,0,0,0,-0.15845177496083632,0.9873667175937016,0,2023
2023-12-23,bhosari,0,0.0,1.0,38.737500000000004,41.12678571428571,2.101190476190476,56,62.857142857142854,1.1428571428571428,29.2,10.8,0.0,23,10,0,0,0,-0.14144406768794202,0.9899462489023779,0,2023
2023-12-24,bhosari,0,0.0,1.0,44.40416666666667,40.78035714285715,-0.34642857142857103,53,62.142857142857146,-0.7142857142857143,28.5,11.3,0.0,24,10,0,0,0,-0.12439450483979998,0.9922328391893008,0,2023
2023-12-25,bhosari,0,0.0,1.0,52.4,40.30238095238095,-0.4779761904761902,60,60.0,-2.142857142857143,28.8,10.4,0.0,25,10,0,0,0,-0.10730813165636247,0.9942258118156161,0,2023
2023-12-26,bhosari,0,0.0,1.0,46.84583333333333,41.03511904761905,0.7327380952380947,60,59.42857142857143,-0.5714285714285714,30.1,10.6,0.0,26,10,0,0,0,-0.09019000427034513,0.9959245770286599,0,2023
2023-12-27,bhosari,0,0.0,1.0,51.92916666666667,41.90357142857143,0.8684523809523809,56,59.285714285714285,-0.14285714285714285,29.3,11.9,0.0,27,10,0,0,0,-0.07304518821104743,0.9973286321364752,0,2023
2023-12-28,bhosari,0,0.0,1.0,55.229166666666664,44.97857142857142,3.075,64,58.857142857142854,-0.42857142857142855,29.3,9.9,0.0,28,10,0,0,0,-0.05587875690537313,0.9984375616565666,0,2023
2023-12-29,bhosari,0,0.0,1.0,42.85833333333333,47.61845238095238,2.639880952380952,61,59.42857142857143,0.5714285714285714,29.3,10.8,0.0,29,10,0,0,0,-0.03869579017652689,0.9992510374388481,0,2023
2023-12-30,bhosari,0,0.0,1.0,33.4625,47.48630952380953,-0.13214285714285776,61,58.57142857142857,-0.8571428571428571,29.1,10.2,0.0,30,10,0,0,0,-0.021501372740813793,0.999768818762748,0,2023
2023-12-31,bhosari,0,0.0,1.0,30.554166666666664,46.7327380952381,-0.7535714285714293,60,59.285714285714285,0.7142857142857143,29.5,11.3,0.0,31,10,0,0,0,-0.004300592702981974,0.9999907524084426,0,2023
2024-01-01,bhosari,0,0.0,1.0,36.19583333333333,44.75416666666666,-1.9785714285714293,61,60.285714285714285,1.0,28.8,9.0,0.0,32,10,0,0,0,0.017201575418260506,0.9998520419557735,0,2024
2024-01-02,bhosari,0,0.0,1.0,46.333333333333336,42.43928571428571,-2.3148809523809524,61,60.42857142857143,0.14285714285714285,29.5,10.8,0.0,33,10,0,0,0,0.03439806061360801,0.9994082116062598,0,2024
2024-01-03,bhosari,0,0.0,1.0,49.02916666666667,42.36607142857143,-0.07321428571428511,67,60.57142857142857,0.14285714285714285,29.1,9.8,0.0,34,10,0,0,0,0.051584366869408364,0.9986686402879997,0,2024
2024-01-04,bhosari,0,0.0,1.0,48.69166666666666,41.95178571428571,-0.4142857142857141,63,62.142857142857146,1.5714285714285714,29.5,14.1,0.0,35,10,0,0,0,0.06875540848113941,0.9976335468520451,0,2024
2024-01-05,bhosari,0,0.0,1.0,41.083333333333336,41.017857142857146,-0.9339285714285717,61,62.0,-0.14285714285714285,29.1,13.8,0.0,36,10,0,0,0,0.08590610426133272,0.9963032375991965,0,2024
2024-01-06,bhosari,0,0.0,1.0,48.145833333333336,40.76428571428572,-0.25357142857142734,65,62.0,0.0,29.1,11.2,0.0,37,10,0,0,0,0.10303137904317879,0.9946781061893646,0,2024
2024-01-07,bhosari,0,0.0,1.0,32.21666666666667,42.86190476190477,2.097619047619048,62,62.57142857142857,0.5714285714285714,29.2,13.9,0.7,38,10,0,0,0,0.1201261651823505,0.9927586335250793,0,2024
2024-01-08,bhosari,0,0.0,1.0,23.995833333333334,43.09940476190476,0.2375000000000007,57,62.857142857142854,0.2857142857142857,29.1,17.4,0.0,39,10,0,0,0,0.13718540405660057,0.9905453876091833,0,2024
2024-01-09,bhosari,0,0.0,1.0,19.408333333333335,41.35654761904762,-1.7428571428571427,69,62.285714285714285,-0.5714285714285714,27.8,18.0,0.3,40,10,0,0,0,0.1542040475626894,0.988039023376751,0,2024
2024-01-10,bhosari,0,0.0,1.0,28.291666666666668,37.51011904761905,-3.8464285714285715,79,63.42857142857143,1.1428571428571428,27.2,13.3,0.5,41,10,0,0,0,0.17117705961019986,0.985240282501282,0,2024
2024-01-11,bhosari,0,0.0,1.0,25.662499999999998,34.54761904761905,-2.9625,71,65.14285714285714,1.7142857142857142,28.4,8.4,0.0,42,10,0,0,0,0.18809941761179758,0.9821499931752291,0,2024
2024-01-12,bhosari,0,0.0,1.0,28.72083333333333,31.257738095238096,-3.289880952380952,64,66.28571428571429,1.1428571428571428,29.3,10.0,0.0,43,10,0,0,0,0.20496611396949532,0.9787690698649216,0,2024
2024-01-13,bhosari,0,0.0,1.0,25.754166666666666,29.49166666666667,-1.7660714285714292,57,66.71428571428571,0.42857142857142855,30.1,11.2,0.0,44,10,0,0,0,0.22177215755648186,0.975098513039961,0,2024
2024-01-14,bhosari,0,0.0,1.0,18.191666666666666,26.292857142857144,-3.198809523809524,56,65.57142857142857,-1.1428571428571428,30.4,15.8,0.0,45,10,0,0,0,0.23851257519407648,0.9711394088771653,0,2024
2024-01-15,bhosari,0,1.0,1.0,16.083333333333332,24.289285714285715,-2.003571428571429,53,64.71428571428571,-0.8571428571428571,28.7,12.6,0.0,46,10,0,0,0,0.2551824131233728,0.9668929289391521,1,2024
2024-01-16,bhosari,1,1.0,1.0,23.837500000000002,23.15892857142857,-1.130357142857143,60,64.14285714285714,-0.5714285714285714,29.0,14.0,0.0,47,10,0,0,0,0.2717767384711357,0.9623603298276545,1,2024
2024-01-17,bhosari,0,1.0,1.0,37.8375,23.791666666666668,0.6327380952380953,67,62.857142857142854,-1.2857142857142858,28.7,17.6,0.0,48,10,0,0,0,0.2882906407095177,0.9575429528116719,1,2024
2024-01-18,bhosari,1,1.0,1.0,44.824999999999996,25.155357142857138,1.3636904761904758,71,61.142857142857146,-1.7142857142857142,27.4,13.5,0.0,49,10,0,0,0,0.3047192331091634,0.9524422234305676,1,2024
2024-01-19,bhosari,0,0.0,1.0,37.762499999999996,27.892857142857142,2.7375,68,61.142857142857146,0.0,29.0,15.3,0.0,50,10,0,0,0,0.321057654185271,0.9470596510722283,0,2024
2024-01-20,bhosari,0,0.0,1.0,36.612500000000004,29.184523809523807,1.2916666666666663,63,61.714285714285715,0.5714285714285714,28.6,18.0,0.0,51,10,0,0,0,0.3373010691361842,0.9413968285264122,0,2024
2024-01-21,bhosari,0,0.0,1.0,40.358333333333334,30.735714285714284,1.551190476190477,63,62.57142857142857,0.8571428571428571,27.5,9.2,0.0,52,10,0,0,0,0.3534446712740877,0.9354554315134164,0,2024
2024-01-22,bhosari,0,2.0,1.0,38.354166666666664,33.90238095238095,3.166666666666667,62,63.57142857142857,1.0,30.2,17.4,0.0,53,10,0,0,0,0.3694836834473831,0.9292372181882051,1,2024
2024-01-23,bhosari,2,2.0,1.0,38.041666666666664,37.083928571428565,3.181547619047619,57,64.85714285714286,1.2857142857142858,28.0,12.8,0.0,54,10,0,0,0,0.38541335945432564,0.9227440286201427,1,2024
2024-01-24,bhosari,0,0.0,1.0,21.329166666666666,39.11309523809524,2.029166666666666,43,64.42857142857143,-0.42857142857142855,27.7,10.7,0.0,55,10,0,0,0,0.4012289854475009,0.9159777842484877,0,2024
2024-01-25,bhosari,0,0.0,1.0,22.566666666666666,36.7547619047619,-2.3583333333333334,48,61.0,-3.4285714285714284,27.7,11.3,0.0,56,10,0,0,0,0.4169258813287287,0.908940487313808,0,2024
2024-01-26,bhosari,0,0.0,1.0,39.979166666666664,33.575,-3.179761904761904,50,57.714285714285715,-3.2857142857142856,29.1,10.4,0.0,57,10,0,0,0,0.4324994021339788,0.901634220265486,0,2024
2024-01-27,bhosari,0,0.0,1.0,48.083333333333336,33.891666666666666,0.31666666666666693,48,55.142857142857146,-2.5714285714285716,29.7,11.4,0.0,58,10,0,0,0,0.44794493940789115,0.8940611451454876,0,2024
2024-01-28,bhosari,0,0.0,1.0,51.35833333333333,35.53035714285714,1.638690476190476,47,53.0,-2.142857142857143,30.4,13.7,0.0,59,10,0,0,0,0.4632579225674917,0.88622350294858,0,2024
2024-01-29,bhosari,0,0.0,1.0,40.391666666666666,37.10178571428571,1.5714285714285705,46,50.714285714285715,-2.2857142857142856,30.7,12.6,0.0,60,10,0,0,0,0.4784338202547012,0.8781236129591848,0,2024
2024-01-30,bhosari,0,0.0,1.0,46.17083333333333,37.392857142857146,0.29107142857142876,49,48.42857142857143,-2.2857142857142856,30.0,14.1,0.0,61,10,0,0,0,0.49346814167723735,0.8697638720650646,0,2024
2024-01-31,bhosari,0,0.0,1.0,45.99166666666667,38.55416666666667,1.1613095238095232,54,47.285714285714285,-1.1428571428571428,31.0,18.3,0.0,62,10,0,0,0,0.5083564379375122,0.8611467540480452,0,2024
2024-02-01,bhosari,0,0.0,1.0,42.12916666666667,42.07738095238095,3.523214285714286,57,48.857142857142854,1.5714285714285714,28.2,15.7,0.0,63,10,0,0,0,0.5230943033491326,0.8522748088519838,0,2024
2024-02-02,bhosari,0,0.0,1.0,31.795833333333334,44.87202380952381,2.7946428571428577,59,50.142857142857146,1.2857142857142858,29.0,10.3,0.0,64,10,0,0,0,0.5376773767406141,0.8431506618282,0,2024
2024-02-03,bhosari,0,0.0,1.0,27.5,43.702976190476186,-1.1690476190476187,50,51.42857142857143,1.2857142857142858,30.7,13.6,0.0,65,10,0,0,0,0.5521013427459208,0.8337770129585915,0,2024
2024-02-04,bhosari,0,0.0,1.0,41.74166666666667,40.762499999999996,-2.9404761904761907,51,51.714285714285715,0.2857142857142857,32.3,8.3,0.0,66,10,0,0,0,0.5663619330814524,0.8241566360566663,0,2024
2024-02-05,bhosari,0,0.0,1.0,45.425000000000004,39.38869047619047,-1.373809523809523,50,52.285714285714285,0.5714285714285714,33.4,16.2,0.0,67,10,0,0,0,0.580454927809098,0.8142923779467267,0,2024
2024-02-06,bhosari,0,0.0,1.0,30.25,40.1077380952381,0.7190476190476198,48,52.857142857142854,0.5714285714285714,33.8,16.0,0.0,68,10,0,0,0,0.5943761565849831,0.804187157621448,0,2024
2024-02-07,bhosari,0,0.0,1.0,23.0625,37.833333333333336,-2.274404761904761,47,52.714285714285715,-0.14285714285714285,33.7,16.4,0.0,69,10,0,0,0,0.6081214998935418,0.7938439653781019,0,2024
2024-02-08,bhosari,0,0.0,1.0,24.525000000000002,34.55773809523809,-3.2755952380952382,44,51.714285714285715,-1.0,32.7,10.5,0.0,70,10,0,0,0,0.6216868902665479,0.7832658619336791,0,2024
2024-02-09,bhosari,0,0.0,1.0,28.208333333333332,32.042857142857144,-2.5148809523809526,41,49.857142857142854,-1.8571428571428572,33.2,18.0,0.0,71,10,0,0,0,0.6350683134867438,0.7724559775191742,0,2024
2024-02-10,bhosari,0,0.0,1.0,25.825,31.530357142857145,-0.5125000000000003,40,47.285714285714285,-2.5714285714285716,33.5,18.9,0.0,72,10,0,0,0,0.6482618097757122,0.7614175109532997,0,2024
2024-02-11,bhosari,0,0.0,1.0,27.816666666666666,31.291071428571428,-0.23928571428571438,40,45.857142857142854,-1.4285714285714286,32.5,16.2,0.0,73,10,0,0,0,0.6612634749656386,0.7501537286959042,0,2024
2024-02-12,bhosari,0,0.0,1.0,25.90416666666667,29.301785714285717,-1.9892857142857143,39,44.285714285714285,-1.5714285714285714,32.1,18.2,0.0,74,10,0,0,0,0.6740694616546161,0.7386679638813748,0,2024
2024-02-13,bhosari,0,0.0,1.0,30.670833333333334,26.51309523809524,-2.7886904761904767,28,42.714285714285715,-1.5714285714285714,33.5,18.5,0.0,75,10,0,0,0,0.6866759803451553,0.726963615332308,0,2024
2024-02-14,bhosari,0,0.0,1.0,32.875,26.57321428571429,0.06011904761904775,35,39.857142857142854,-2.857142857142857,32.7,12.9,0.0,76,10,0,0,0,0.6990793005655562,0.7150441465537444,0,2024
2024-02-15,bhosari,0,0.0,1.0,30.541666666666668,27.975,1.4017857142857142,37,38.142857142857146,-1.7142857142857142,33.2,12.4,0.0,77,10,0,0,0,0.7112757519738152,0.7029130847082615,0,2024
2024-02-16,bhosari,0,0.0,1.0,28.5,28.83452380952381,0.8595238095238094,38,37.142857142857146,-1.0,35.3,13.7,0.0,78,10,0,0,0,0.7232617254437388,0.6905740195722293,0,2024
2024-02-17,bhosari,0,0.0,1.0,33.762499999999996,28.876190476190477,0.04166666666666684,37,36.714285714285715,-0.42857142857142855,33.9,11.9,0.0,79,10,0,0,0,0.7350336741329413,0.6780306024735382,0,2024
2024-02-18,bhosari,0,0.0,1.0,38.199999999999996,30.010119047619046,1.133928571428571,39,36.285714285714285,-0.42857142857142855,33.4,13.6,0.0,80,10,0,0,0,0.746588114532413,0.6652865452111116,0,2024
2024-02-19,bhosari,0,0.0,1.0,23.2,31.493452380952384,1.4833333333333327,32,36.142857142857146,-0.14285714285714285,33.6,15.1,0.0,81,10,0,0,0,0.7579216274973472,0.6523456189565257,0,2024
2024-02-20,bhosari,0,2.0,1.0,15.804166666666667,31.107142857142858,-0.38630952380952416,35,35.142857142857146,-1.0,32.9,20.0,0.0,82,10,0,0,0,0.7690308592589181,0.6392116531380588,1,2024
2024-02-21,bhosari,2,2.0,1.0,17.587500000000002,28.98333333333333,-2.123809523809524,54,36.142857142857146,1.0,31.1,18.3,0.0,83,10,0,0,0,0.7799125224167177,0.6258885343075018,1,2024
2024-02-22,bhosari,0,0.0,1.0,22.570833333333336,26.79940476190476,-2.183928571428571,60,38.857142857142854,2.7142857142857144,30.1,19.2,0.0,84,10,0,0,0,0.7905633969115482,0.612380204990065,0,2024
2024-02-23,bhosari,0,0.0,1.0,21.279166666666665,25.660714285714285,-1.138690476190476,48,42.142857142857146,3.2857142857142856,31.1,13.6,0.0,85,10,0,0,0,0.8009803309782905,0.5986906625177214,0,2024
2024-02-24,bhosari,0,1.0,1.0,18.366666666666667,24.629166666666666,-1.0315476190476194,34,43.57142857142857,1.4285714285714286,32.3,17.4,0.0,86,10,0,0,0,0.8111602420785621,0.5848239578463322,1,2024
2024-02-25,bhosari,1,1.0,1.0,21.558333333333334,22.429761904761904,-2.1994047619047614,22,43.142857142857146,-0.42857142857142855,32.2,10.5,0.0,87,10,0,0,0,0.8211001178128892,0.5707841943569036,1,2024
2024-02-26,bhosari,0,0.0,1.0,40.46666666666667,20.052380952380954,-2.377380952380952,38,40.714285714285715,-2.4285714285714284,34.8,14.5,0.0,88,10,0,0,0,0.8307970168121247,0.5565755266413303,0,2024
2024-02-27,bhosari,0,0.0,1.0,57.17083333333333,22.51904761904762,2.4666666666666672,39,41.57142857142857,0.8571428571428571,33.9,18.7,0.0,89,10,0,0,0,0.8402480696078469,0.5422021592729844,0,2024
2024-02-28,bhosari,0,0.0,1.0,40.59583333333333,28.428571428571427,5.909523809523809,39,42.142857142857146,0.5714285714285714,34.3,12.6,0.0,90,10,0,0,0,0.8494504794814806,0.527668345562516,0,2024
2024-02-29,bhosari,0,0.0,1.0,30.099999999999998,31.71547619047619,3.2869047619047613,35,40.0,-2.142857142857143,34.9,16.9,0.0,91,10,0,0,0,0.8584015232918917,0.512978386299228,0,2024
2024-03-01,bhosari,0,0.0,1.0,45.612500000000004,32.79107142857143,1.0755952380952374,37,36.42857142857143,-3.5714285714285716,35.5,13.3,0.0,92,10,0,0,0,0.8670985522812081,0.4981366284784055,0,2024
2024-03-02,bhosari,0,0.0,1.0,36.854166666666664,36.2672619047619,3.476190476190477,45,34.857142857142854,-1.5714285714285714,34.1,25.1,0.0,93,10,0,0,0,0.8755389928586302,0.4831474640149687,0,2024
2024-03-03,bhosari,0,0.0,1.0,23.995833333333334,38.908333333333324,2.6410714285714283,67,36.42857142857143,1.5714285714285714,30.1,20.9,0.0,94,10,0,0,0,0.8837203473619977,0.4680153284438345,0,2024
2024-03-04,bhosari,0,0.0,1.0,19.733333333333334,39.256547619047616,0.3482142857142857,49,42.857142857142854,6.428571428571429,32.3,19.2,0.0,95,10,0,0,0,0.8916401947968874,0.45274469960737107,0,2024
2024-03-05,bhosari,0,0.0,1.0,23.420833333333334,36.294642857142854,-2.961904761904762,38,44.42857142857143,1.5714285714285714,33.7,21.1,0.0,96,10,0,0,0,0.8992961915530253,0.4373400963303323,0,2024
2024-03-06,bhosari,0,0.0,1.0,27.95,31.473214285714285,-4.82142857142857,38,44.285714285714285,-0.14285714285714285,34.3,22.0,0.0,97,10,0,0,0,0.9066860720977985,0.4218060770826634,0,2024
2024-03-07,bhosari,0,0.0,1.0,21.40416666666667,29.666666666666664,-1.8065476190476188,27,44.142857142857146,-0.14285714285714285,34.8,17.9,0.0,98,10,0,0,0,0.9138076496466615,0.4061472386305789,0,2024
2024-03-08,bhosari,0,0.0,1.0,15.491666666666667,28.42440476190476,-1.2422619047619041,25,43.0,-1.1428571428571428,35.5,18.3,0.0,99,10,0,0,0,0.9206588168102428,0.3903682146763026,0,2024
2024-03-09,bhosari,0,0.0,1.0,15.020833333333334,24.121428571428574,-4.302976190476191,23,41.285714285714285,-1.7142857142857142,34.9,17.7,0.0,100,10,0,0,0,0.9272375462179537,0.374473674486883,0,2024
2024-03-10,bhosari,0,0.0,1.0,19.05,21.00238095238095,-3.119047619047618,26,38.142857142857146,-3.142857142857143,35.7,19.6,0.0,101,10,0,0,0,0.9335418911179212,0.35846832151248087,0,2024
2024-03-11,bhosari,0,0.0,1.0,22.287499999999998,20.29583333333333,-0.706547619047619,26,32.285714285714285,-5.857142857142857,36.1,19.0,0.0,102,10,0,0,0,0.9395699859530622,0.342356891994542,0,2024
2024-03-12,bhosari,0,0.0,1.0,22.037499999999998,20.660714285714285,0.3648809523809519,31,29.0,-3.2857142857142856,36.6,19.8,0.0,103,10,0,0,0,0.945320046913132,0.3261441535642696,0,2024
2024-03-13,bhosari,0,0.0,1.0,21.095833333333335,20.46309523809524,-0.19761904761904805,30,28.0,-1.0,35.0,18.5,0.0,104,10,0,0,0,0.9507903724625832,0.3098349038318025,0,2024
2024-03-14,bhosari,0,0.0,1.0,24.47083333333333,19.48392857142857,-0.9791666666666663,34,26.857142857142858,-1.1428571428571428,34.8,17.2,0.0,105,10,0,0,0,0.9559793438440766,0.2934339689665273,0,2024
2024-03-15,bhosari,0,0.0,1.0,28.5,19.922023809523807,0.43809523809523754,32,27.857142857142858,1.0,34.4,19.8,0.0,106,10,0,0,0,0.9608854255574977,0.27694620226893646,0,2024
2024-03-16,bhosari,0,0.0,1.0,34.65833333333333,21.780357142857138,1.8583333333333332,41,28.857142857142858,1.0,35.4,21.9,0.0,107,10,0,0,0,0.9655071658143364,0.2603764827344581,0,2024
2024-03-17,bhosari,0,0.0,1.0,35.37916666666667,24.58571428571429,2.8053571428571424,33,31.428571428571427,2.5714285714285716,35.6,21.0,0.0,108,10,0,0,0,0.969843196967294,0.24372971360968387,0,2024
2024-03-18,bhosari,0,0.0,1.0,33.270833333333336,26.91845238095238,2.3327380952380956,26,32.42857142857143,1.0,35.0,20.2,0.0,109,10,0,0,0,0.9738922359149924,0.22701082094141847,0,2024
2024-03-19,bhosari,0,0.0,1.0,29.15833333333333,28.487500000000004,1.5690476190476197,28,32.42857142857143,0.0,34.7,17.7,0.0,110,10,0,0,0,0.9776530844816641,0.2102247521189836,0,2024
2024-03-20,bhosari,0,0.0,1.0,16.029166666666665,29.50476190476191,1.0172619047619047,21,32.0,-0.42857142857142855,35.7,16.3,0.0,111,10,0,0,0,0.981124629771712,0.19337647441020586,0,2024
2024-03-21,bhosari,0,0.0,1.0,24.120833333333334,28.78095238095238,-0.7238095238095242,21,30.714285714285715,-1.2857142857142858,36.1,14.4,0.0,112,10,0,0,0,0.984305844499033,0.17647097349152166,0,2024
2024-03-22,bhosari,0,0.0,1.0,46.72083333333333,28.73095238095238,-0.0499999999999997,37,28.857142857142858,-1.8571428571428572,36.6,19.2,0.0,113,10,0,0,0,0.9871957872910085,0.15951325197263655,0,2024
2024-03-23,bhosari,0,0.0,1.0,41.62083333333333,31.333928571428572,2.6029761904761903,36,29.571428571428573,0.7142857142857143,36.9,23.5,0.0,114,10,0,0,0,0.9897936029670716,0.14250832791617088,0,2024
2024-03-24,bhosari,0,0.0,1.0,29.170833333333334,32.32857142857143,0.9946428571428569,30,28.857142857142858,-0.7142857142857143,37.0,18.6,0.0,115,10,0,0,1,0.992098522791769,0.12546123335273648,0,2024
2024-03-25,bhosari,0,0.0,1.0,27.708333333333332,31.441666666666663,-0.8869047619047622,36,28.428571428571427,-0.42857142857142855,38.8,17.9,0.0,116,10,0,0,1,0.9941098647022418,0.10837701279187609,0,2024
2024-03-26,bhosari,0,0.0,1.0,30.412499999999998,30.64702380952381,-0.7946428571428577,40,29.857142857142858,1.4285714285714286,39.6,16.1,0.0,117,10,0,0,1,0.9958270335100595,0.09126072172931188,0,2024
2024-03-27,bhosari,0,0.0,1.0,33.44166666666667,30.826190476190476,0.17916666666666664,38,31.571428571428573,1.7142857142857142,40.2,24.1,0.0,118,10,0,0,1,0.9972495210773451,0.07411742515094437,0,2024
2024-03-28,bhosari,0,0.0,1.0,35.670833333333334,33.31369047619047,2.4875000000000007,40,34.0,2.4285714285714284,38.9,21.7,0.0,119,10,0,0,1,0.998376906467142,0.056952196034039754,0,2024
2024-03-29,bhosari,0,0.0,1.0,37.56666666666667,34.96369047619048,1.6500000000000001,41,36.714285714285715,2.7142857142857144,38.9,18.0,0.1,120,10,0,0,1,0.9992088560679753,0.03977011384605572,0,2024
2024-03-30,bhosari,0,0.0,1.0,40.05833333333333,33.65595238095238,-1.3077380952380946,39,37.285714285714285,0.5714285714285714,38.1,20.5,0.0,121,10,0,0,1,0.9997451236925734,0.022576263041545485,0,2024
2024-03-31,bhosari,0,0.0,1.0,30.974999999999998,33.43273809523809,-0.22321428571428573,28,37.714285714285715,0.42857142857142855,38.5,25.0,0.0,122,10,0,0,0,0.9999855506507186,0.005375731557583884,0,2024
2024-04-01,bhosari,0,0.0,1.0,29.541666666666668,33.69047619047619,0.2577380952380948,24,37.42857142857143,-0.2857142857142857,39.8,24.5,0.0,123,10,0,0,0,0.9999300657962057,-0.011826390691832589,0,2024
2024-04-02,bhosari,0,0.0,1.0,34.770833333333336,33.952380952380956,0.26190476190476225,33,35.714285714285715,-1.7142857142857142,39.2,20.5,0.0,124,10,0,0,0,0.9995786855478958,-0.029025013321975237,0,2024
2024-04-03,bhosari,0,0.0,1.0,31.15833333333333,34.575,0.6226190476190483,38,34.714285714285715,-1.0,39.4,21.9,0.0,125,10,0,0,0,0.9989315138848577,-0.046215046983708354,0,2024
2024-04-04,bhosari,0,0.0,1.0,27.120833333333334,34.24880952380952,-0.3261904761904769,31,34.714285714285715,0.0,38.6,21.9,0.0,126,10,0,0,0,0.9979887423155984,-0.06339140486951038,0,2024
2024-04-05,bhosari,0,0.0,1.0,25.391666666666666,33.02738095238095,-1.2214285714285715,29,33.42857142857143,-1.2857142857142858,39.7,23.1,0.0,127,10,0,0,0,0.9967506498213929,-0.08054900421874167,0,2024
2024-04-06,bhosari,0,0.0,1.0,19.595833333333335,31.28809523809524,-1.739285714285715,25,31.714285714285715,-1.7142857142857142,39.4,21.1,0.0,128,10,0,0,0,0.9952176027737294,-0.09768276782171598,0,2024
2024-04-07,bhosari,0,0.0,1.0,22.170833333333334,28.364880952380954,-2.923214285714285,22,29.714285714285715,-2.0,37.6,27.9,0.0,129,10,0,0,0,0.9933900548258936,-0.11478762552212701,0,2024
2024-04-08,bhosari,0,0.0,1.0,16.045833333333334,27.107142857142858,-1.2577380952380948,20,28.857142857142858,-0.8571428571428571,37.7,16.8,0.0,130,10,0,0,0,0.9912685467787256,-0.13185851571739118,0,2024
2024-04-09,bhosari,0,0.0,1.0,25.34166666666667,25.179166666666667,-1.9279761904761905,35,28.285714285714285,-0.5714285714285714,38.0,20.0,0.0,131,10,0,0,0,0.9888537064205885,-0.1488903868564548,0,2024
2024-04-10,bhosari,0,0.0,1.0,31.28333333333333,23.83214285714286,-1.3470238095238096,34,28.571428571428573,0.2857142857142857,38.6,21.3,0.0,132,10,0,0,0,0.986146248341595,-0.16587819893463143,0,2024
2024-04-11,bhosari,0,0.0,1.0,31.679166666666664,23.85,0.017857142857142856,31,28.0,-0.5714285714285714,38.1,21.5,0.0,133,10,0,0,0,0.9831469737221499,-0.1828169249850199,0,2024
2024-04-12,bhosari,0,0.0,1.0,30.516666666666666,24.501190476190477,0.6511904761904758,31,28.0,0.0,38.2,22.0,0.0,134,10,0,0,0,0.9798567700958665,-0.1997015525660636,0,2024
2024-04-13,bhosari,0,0.0,1.0,29.270833333333332,25.23333333333333,0.7321428571428571,33,28.285714285714285,0.2857142857142857,38.0,20.5,0.0,135,10,0,0,0,0.9762766110869321,-0.21652708524481437,0,2024
2024-04-14,bhosari,0,0.0,1.0,27.641666666666666,26.61547619047619,1.3821428571428567,45,29.428571428571427,1.1428571428571428,39.2,24.4,0.0,136,10,0,0,0,0.9724075561219968,-0.23328854407545518,0,2024
2024-04-15,bhosari,0,0.0,1.0,25.6875,27.39702380952381,0.7815476190476188,44,32.714285714285715,3.2857142857142856,40.3,13.9,0.0,137,10,0,0,0,0.9682507501166718,-0.2499809690726521,0,2024
2024-04-16,bhosari,0,0.0,1.0,31.891666666666666,28.77440476190476,1.3773809523809522,34,36.142857142857146,3.4285714285714284,39.2,13.3,0.0,138,10,0,0,0,0.9638074231367307,-0.26659942067929354,0,2024
2024-04-17,bhosari,0,0.0,1.0,42.541666666666664,29.71011904761904,0.9357142857142853,33,36.0,-0.14285714285714285,40.3,19.6,0.0,139,10,0,0,0,0.9590788900341131,-0.28313898122818354,0,2024
2024-04-18,bhosari,0,0.0,1.0,30.758333333333336,31.31845238095238,1.6083333333333332,51,35.857142857142854,-0.14285714285714285,40.8,23.1,0.0,140,10,0,0,0,0.9540665500578387,-0.2995947563972602,0,2024
2024-04-19,bhosari,0,0.0,1.0,29.212500000000002,31.186904761904763,-0.13154761904761816,39,38.714285714285715,2.857142857142857,40.4,23.1,0.0,141,10,0,0,0,0.9487718864399473,-0.31596187665790293,0,2024
2024-04-20,bhosari,0,0.0,1.0,32.604166666666664,31.000595238095237,-0.18630952380952337,42,39.857142857142854,1.1428571428571428,38.5,17.6,0.0,142,10,0,0,0,0.9431964659565866,-0.33223549871590435,0,2024
2024-04-21,bhosari,0,0.0,1.0,26.71666666666667,31.476785714285715,0.476190476190476,37,41.142857142857146,1.2857142857142858,39.3,20.7,0.0,143,10,0,0,0,0.9373419384643772,-0.3484108069446808,0,2024
2024-04-22,bhosari,0,0.0,1.0,29.645833333333332,31.344642857142855,-0.13214285714285673,33,40.0,-1.1428571428571428,38.5,18.1,0.0,144,10,0,0,0,0.9312100364121947,-0.3644830148102912,0,2024
2024-04-23,bhosari,0,0.0,1.0,30.458333333333332,31.910119047619048,0.5654761904761904,32,38.42857142857143,-1.5714285714285714,39.4,21.7,0.0,145,10,0,0,0,0.9248025743285089,-0.38044736628785164,0,2024
2024-04-24,bhosari,0,0.0,1.0,32.75416666666667,31.705357142857142,-0.20476190476190478,39,38.142857142857146,-0.2857142857142857,39.7,22.7,0.0,146,10,0,0,0,0.9181214482844364,-0.39629913726891813,0,2024
2024-04-25,bhosari,0,0.0,1.0,32.37916666666667,30.307142857142857,-1.398214285714285,40,39.0,0.8571428571428571,38.9,16.6,0.3,147,10,0,0,0,0.9111686353326631,-0.41203363695942635,0,2024
2024-04-26,bhosari,0,0.0,1.0,32.512499999999996,30.538690476190478,0.23154761904761909,33,37.42857142857143,-1.5714285714285714,39.4,23.2,0.1,148,10,0,0,0,0.9039461929224011,-0.42764620926777464,0,2024
2024-04-27,bhosari,0,0.0,1.0,38.18333333333333,31.010119047619046,0.47142857142857053,33,36.57142857142857,-0.8571428571428571,40.5,14.5,0.0,149,10,0,0,0,0.8964562582905575,-0.44313223418263453,0,2024
2024-04-28,bhosari,0,0.0,1.0,28.537499999999998,31.807142857142857,0.7970238095238094,30,35.285714285714285,-1.2857142857142858,41.0,21.0,0.0,150,10,0,0,0,0.8887010478292915,-0.45848712914008766,0,2024
2024-04-29,bhosari,0,0.0,1.0,26.608333333333334,32.06726190476191,0.26011904761904703,24,34.285714285714285,-1.0,41.4,20.7,0.0,151,10,0,0,0,0.8806828564301475,-0.47370635037968,0,2024
2024-04-30,bhosari,0,0.0,1.0,22.641666666666666,31.633333333333333,-0.4339285714285711,20,33.0,-1.2857142857142858,40.6,20.8,0.0,152,10,0,0,0,0.8724040568049612,-0.48878539428899265,0,2024
2024-05-01,bhosari,0,0.0,1.0,21.266666666666666,30.51666666666667,-1.1166666666666667,30,31.285714285714285,-1.7142857142857142,38.3,23.0,0.0,153,10,0,0,0,0.8638670987837349,-0.503719798736334,0,2024
2024-05-02,bhosari,0,0.0,1.0,26.308333333333334,28.875595238095237,-1.6410714285714292,39,30.0,-1.2857142857142858,38.7,17.7,0.0,154,10,0,0,0,0.8550745085896932,-0.518505144391157,0,2024
2024-05-03,bhosari,0,0.0,1.0,28.3875,28.008333333333333,-0.8672619047619052,37,29.857142857142858,-0.14285714285714285,39.5,17.9,0.0,155,10,0,0,0,0.8460288880917339,-0.533137056031809,0,2024
2024-05-04,bhosari,0,0.0,1.0,27.854166666666668,27.41904761904762,-0.5892857142857137,46,30.428571428571427,0.5714285714285714,39.0,18.2,0.0,156,10,0,0,0,0.8367329140344921,-0.5476112038402312,0,2024
2024-05-05,bhosari,0,0.0,1.0,21.5,25.94345238095238,-1.4755952380952375,48,32.285714285714285,1.8571428571428572,38.9,22.2,0.0,157,10,0,0,0,0.8271893372462497,-0.5619233046832195,0,2024
2024-05-06,bhosari,0,0.0,1.0,18.849999999999998,24.938095238095237,-1.0053571428571426,50,34.857142857142854,2.5714285714285716,37.8,21.3,0.0,158,10,0,0,0,0.8174009818249189,-0.5760691233798758,0,2024
2024-05-07,bhosari,0,0.0,1.0,18.266666666666666,23.829761904761902,-1.1083333333333338,59,38.57142857142857,3.7142857142857144,37.2,24.3,0.0,159,10,0,0,0,0.8073707443023492,-0.5900444739548627,0,2024
2024-05-08,bhosari,0,0.0,1.0,19.733333333333334,23.204761904761906,-0.625,62,44.142857142857146,5.571428571428571,38.9,24.0,0.0,160,10,0,0,0,0.7971015927871943,-0.6038452208771035,0,2024
2024-05-09,bhosari,0,0.0,1.0,20.166666666666668,22.985714285714284,-0.21904761904761877,62,48.714285714285715,4.571428571428571,36.5,23.7,0.0,161,10,0,0,0,0.7865965660866021,-0.6174672802835514,0,2024
2024-05-10,bhosari,0,0.0,1.0,25.229166666666668,22.10833333333333,-0.8773809523809523,65,52.0,3.2857142857142856,36.0,16.6,2.0,0,10,0,0,0,0.7758587728069828,-0.6309066211876704,0,2024
2024-05-11,bhosari,0,0.0,1.0,24.554166666666664,21.657142857142855,-0.4511904761904759,60,56.0,4.0,37.1,25.4,0.5,1,10,0,0,0,0.7648913904341225,-0.6441592666722685,0,2024
2024-05-12,bhosari,0,0.0,1.0,28.670833333333334,21.185714285714287,-0.47142857142857203,53,58.0,2.0,37.3,19.8,2.6,0,10,0,0,0,0.753697664392914,-0.6572212950663319,0,2024
2024-05-13,bhosari,0,0.0,1.0,39.420833333333334,22.21011904761905,1.024404761904762,59,58.714285714285715,0.7142857142857143,34.8,22.1,3.4,0,10,0,0,0,0.742280907086982,-0.6700888411055113,0,2024
2024-05-14,bhosari,0,0.0,1.0,34.47083333333333,25.148809523809526,2.9386904761904766,52,60.0,1.2857142857142858,38.1,20.9,0.1,1,10,0,0,0,0.7306444969184916,-0.6827580970759147,0,2024
2024-05-15,bhosari,0,0.0,1.0,31.166666666666668,27.463690476190475,2.3148809523809524,45,59.0,-1.0,37.8,22.2,0.4,2,10,0,0,0,0.7187918772884232,-0.6952253139408722,0,2024
2024-05-16,bhosari,0,0.0,1.0,29.587500000000002,29.09702380952381,1.6333333333333333,52,56.57142857142857,-2.4285714285714284,38.5,11.0,1.0,0,10,0,0,0,0.7067265555776158,-0.7074868024503348,0,2024
2024-05-17,bhosari,0,0.0,1.0,44.800000000000004,30.442857142857143,1.3458333333333334,56,55.142857142857146,-1.4285714285714286,38.1,26.0,1.5,0,10,0,0,0,0.6944521021088763,-0.719538934232584,0,2024
2024-05-18,bhosari,0,0.0,1.0,57.7125,33.23869047619048,2.795833333333334,53,53.857142857142854,-1.2857142857142858,38.9,16.8,1.1,0,10,0,0,0,0.6819721490904629,-0.7313781428679254,0,2024
2024-05-19,bhosari,0,0.0,1.0,42.541666666666664,37.97559523809524,4.7369047619047615,60,52.857142857142854,-1.0,39.2,20.7,0.6,1,10,0,0,0,0.6692903895412567,-0.7430009249440493,0,2024
2024-05-20,bhosari,0,0.0,1.0,32.75,39.957142857142856,1.9815476190476187,62,53.857142857142854,1.0,40.7,25.6,0.5,2,10,0,0,0,0.6564105761979381,-0.7544038410927472,0,2024
2024-05-21,bhosari,0,0.0,1.0,24.40416666666667,39.00416666666666,-0.9529761904761906,57,54.285714285714285,0.42857142857142855,41.2,24.7,0.0,3,10,0,0,0,0.6433365204044917,-0.765583517007675,0,2024
2024-05-22,bhosari,0,0.0,1.0,31.495833333333334,37.566071428571426,-1.4380952380952376,56,55.0,0.7142857142857143,39.6,18.4,0.6,4,10,0,0,0,0.6300720909843687,-0.7765366444428655,0,2024
2024-05-23,bhosari,0,0.0,1.0,33.512499999999996,37.61309523809524,0.04702380952380939,66,56.57142857142857,1.5714285714285714,38.8,21.9,2.9,0,10,0,0,0,0.6166212130956382,-0.7872599821916922,0,2024
2024-05-24,bhosari,0,0.0,1.0,28.004166666666666,38.17380952380953,0.5607142857142848,65,58.57142857142857,2.0,35.9,24.9,1.1,0,10,0,0,0,0.6029878670694714,-0.7977503570459932,0,2024
2024-05-25,bhosari,0,0.0,1.0,18.266666666666666,35.77440476190476,-2.3994047619047625,66,59.857142857142854,1.2857142857142858,34.7,24.3,0.0,1,10,0,0,0,0.5891760872322963,-0.8080046647350754,0,2024
2024-05-26,bhosari,0,0.0,1.0,20.108333333333334,30.139285714285712,-5.635119047619048,68,61.714285714285715,1.8571428571428572,34.4,26.0,0.0,2,10,0,0,0,0.5751899607119775,-0.8180198708443174,0,2024
2024-05-27,bhosari,0,0.0,1.0,19.754166666666666,26.934523809523807,-3.2047619047619045,74,62.857142857142854,1.1428571428571428,32.8,26.6,0.0,3,10,0,0,0,0.5610336262283677,-0.8277930117131022,0,2024
2024-05-28,bhosari,0,0.0,1.0,18.783333333333335,25.07797619047619,-1.8565476190476191,67,64.57142857142857,1.7142857142857142,33.9,30.8,0.0,4,10,0,0,0,0.5467112728685939,-0.8373211953118121,0,2024
2024-05-29,bhosari,0,0.0,1.0,17.808333333333334,24.275,-0.8029761904761905,67,66.0,1.4285714285714286,34.5,28.4,0.0,5,10,0,0,0,0.5322271388474397,-0.8466016020976267,0,2024
2024-05-30,bhosari,0,0.0,1.0,18.345833333333335,22.319642857142856,-1.9553571428571428,65,67.57142857142857,1.5714285714285714,35.9,22.9,0.0,6,10,0,0,0,0.5175855102531889,-0.8556314858488706,0,2024
2024-05-31,bhosari,0,0.0,1.0,15.958333333333334,20.15297619047619,-2.1666666666666656,68,67.42857142857143,-0.14285714285714285,35.7,21.8,0.0,7,10,0,0,0,0.5027907197793043,-0.8644081744776648,0,2024
2024-06-01,bhosari,0,0.0,1.0,16.408333333333335,18.432142857142857,-1.7208333333333332,66,67.85714285714286,0.42857142857142855,35.8,20.9,0.2,8,10,0,0,0,0.4878471454423119,-0.8729290708206411,0,2024
2024-06-02,bhosari,0,0.0,1.0,16.791666666666668,18.166666666666668,-0.2654761904761901,58,67.85714285714286,0.0,36.0,19.8,0.0,9,10,0,0,0,0.47275920928627757,-0.881191653407483,0,2024
2024-06-03,bhosari,0,0.0,1.0,24.204166666666666,17.692857142857143,-0.4738095238095238,62,66.42857142857143,-1.4285714285714286,38.0,19.7,2.5,0,10,0,0,0,0.4575313760742512,-0.8891934772070711,0,2024
2024-06-04,bhosari,0,0.0,1.0,22.041666666666668,18.32857142857143,0.6357142857142856,82,64.71428571428571,-1.7142857142857142,31.7,18.1,14.9,0,10,0,0,0,0.44216815196707204,-0.8969321743510065,0,2024
2024-06-05,bhosari,0,0.0,1.0,12.108333333333334,18.79404761904762,0.46547619047619043,81,66.85714285714286,2.142857142857143,33.1,17.3,8.9,0,10,0,0,0,0.42667408318992467,-0.9044054548343001,0,2024
2024-06-06,bhosari,0,0.0,1.0,13.420833333333334,17.979761904761904,-0.8142857142857142,78,68.85714285714286,2.0,32.9,17.5,4.1,0,10,0,0,0,0.4110537546870351,-0.9116111071930239,0,2024
2024-06-07,bhosari,0,0.0,1.0,22.95,17.276190476190475,-0.7035714285714286,78,70.71428571428571,1.8571428571428572,34.4,18.1,5.3,0,10,0,0,0,0.3953117887649151,-0.9185469991587165,0,2024
2024-06-08,bhosari,0,0.0,1.0,26.40833333333333,18.275000000000002,0.9988095238095236,81,72.14285714285714,1.4285714285714286,33.0,12.9,12.7,0,10,0,0,0,0.37945284372454435,-0.925211078289358,0,2024
2024-06-09,bhosari,0,0.0,1.0,24.0625,19.70357142857143,1.4285714285714282,84,74.28571428571429,2.142857142857143,27.5,17.0,2.1,0,10,0,0,0,0.36348161248290634,-0.9316013725767187,0,2024
2024-06-10,bhosari,0,0.0,1.0,20.420833333333334,20.742261904761904,1.038690476190476,85,78.0,3.7142857142857144,28.3,17.3,21.8,0,10,0,0,0,0.3474028211842774,-0.9377159910299093,0,2024
2024-06-11,bhosari,0,0.0,1.0,11.633333333333333,20.201785714285712,-0.5404761904761902,86,81.28571428571429,3.2857142857142856,28.2,19.3,31.1,0,10,0,0,0,0.3312212278016865,-0.9435531242349544,0,2024
2024-06-12,bhosari,0,0.0,1.0,12.704166666666666,18.714880952380952,-1.4869047619047622,85,81.85714285714286,0.5714285714285714,28.9,18.1,12.0,0,10,0,0,0,0.31494162072895193,-0.9491110448902284,0,2024
2024-06-13,bhosari,0,0.0,1.0,7.2749999999999995,18.8,0.08511904761904734,83,82.42857142857143,0.5714285714285714,29.4,20.5,4.6,0,10,0,0,0,0.2985688173637202,-0.9543881083175908,0,2024
2024-06-14,bhosari,0,0.0,1.0,7.841666666666666,17.92202380952381,-0.8779761904761907,82,83.14285714285714,0.7142857142857143,28.6,20.5,2.5,0,10,0,0,0,0.2821076626819194,-0.9593827529490743,0,2024
2024-06-15,bhosari,0,0.0,1.0,8.208333333333334,15.763690476190476,-2.1583333333333337,82,83.71428571428571,0.5714285714285714,30.1,18.1,9.2,0,10,0,0,0,0.26556302780405594,-0.9640935007889755,0,2024
2024-06-16,bhosari,0,0.0,1.0,11.579166666666666,13.163690476190476,-2.599999999999999,83,83.85714285714286,0.14285714285714285,30.5,13.3,10.2,0,10,0,0,0,0.24893980855376657,-0.9685189578512204,0,2024
2024-06-17,bhosari,0,0.0,1.0,12.354166666666666,11.380357142857141,-1.7833333333333334,83,83.71428571428571,-0.14285714285714285,31.0,17.3,4.2,0,10,0,0,0,0.23224292400907015,-0.9726578145718654,0,2024
2024-06-18,bhosari,0,0.0,1.0,9.304166666666667,10.22797619047619,-1.1523809523809525,83,83.42857142857143,-0.2857142857142857,29.5,21.5,8.6,0,10,0,0,0,0.21547731504673012,-0.976508846196619,0,2024
2024-06-19,bhosari,0,0.0,1.0,7.070833333333333,9.895238095238096,-0.3327380952380951,83,83.0,-0.42857142857142855,27.9,23.7,1.4,0,10,0,0,0,0.19864794288017112,-0.9800709131432666,0,2024
2024-06-20,bhosari,0,0.0,1.0,5.5625,9.09047619047619,-0.8047619047619047,84,82.71428571428571,-0.2857142857142857,28.8,24.0,3.5,0,10,0,0,0,0.18175978759137534,-0.9833429613388902,0,2024
2024-06-21,bhosari,0,0.0,1.0,9.029166666666667,8.845833333333333,-0.24464285714285708,81,82.85714285714286,0.14285714285714285,29.5,22.9,1.1,0,10,0,0,0,0.16481784665719793,-0.9863240225317866,0,2024
2024-06-22,bhosari,0,0.0,1.0,11.304166666666667,9.01547619047619,0.16964285714285726,79,82.71428571428571,-0.14285714285714285,30.0,19.2,0.8,1,10,0,0,0,0.14782713347053048,-0.9890132145779883,0,2024
2024-06-23,bhosari,0,0.0,1.0,14.366666666666667,9.457738095238096,0.44226190476190474,81,82.28571428571429,-0.42857142857142855,30.7,15.7,4.5,0,10,0,0,0,0.13079267585675922,-0.9914097417023038,0,2024
2024-06-24,bhosari,0,0.0,1.0,10.679166666666667,9.855952380952383,0.3982142857142859,81,82.0,-0.2857142857142857,31.1,17.4,8.6,0,10,0,0,0,0.11371951458594969,-0.9935128947338007,0,2024
2024-06-25,bhosari,0,0.0,1.0,7.2124999999999995,9.616666666666665,-0.23928571428571413,82,81.71428571428571,-0.2857142857142857,29.9,21.4,16.7,0,10,0,0,0,0.0966127018812031,-0.9953220513156602,0,2024
2024-06-26,bhosari,0,0.0,1.0,3.1374999999999997,9.317857142857145,-0.29880952380952397,85,81.57142857142857,-0.14285714285714285,29.4,22.4,18.0,0,10,0,0,0,0.07947729992362097,-0.9968366760893436,0,2024
2024-06-27,bhosari,0,0.0,1.0,4.35,8.755952380952381,-0.5619047619047619,84,81.85714285714286,0.2857142857142857,28.0,26.4,3.2,0,10,0,0,0,0.062318379354325076,-0.998056320853012,0,2024
2024-06-28,bhosari,0,0.0,1.0,3.9166666666666665,8.582738095238096,-0.17321428571428577,84,81.85714285714286,0.0,27.4,26.1,6.1,0,10,0,0,0,0.04514101777397193,-0.9989806246941579,0,2024
2024-06-29,bhosari,0,0.0,1.0,5.016666666666667,7.852380952380953,-0.7303571428571429,82,82.28571428571429,0.42857142857142855,28.8,25.4,3.1,0,10,0,0,0,0.02795029824021032,-0.999609314096404,0,2024
2024-06-30,bhosari,0,0.0,1.0,4.695833333333334,6.954166666666667,-0.8982142857142857,84,82.71428571428571,0.42857142857142855,28.0,27.0,6.0,0,10,0,0,0,0.01075130776352193,-0.9999422030204416,0,2024
2024-07-01,bhosari,0,0.0,1.0,4.3625,5.572619047619048,-1.3815476190476192,85,83.14285714285714,0.42857142857142855,27.4,31.4,6.7,0,10,0,0,0,-0.00645086419810515,-0.9999791929590823,0,2024
2024-07-02,bhosari,0,0.0,1.0,7.8,4.670238095238095,-0.9023809523809525,87,83.71428571428571,0.5714285714285714,27.9,27.3,9.8,0,10,0,0,0,-0.023651127245231586,-0.9997202729664083,0,2024
2024-07-03,bhosari,0,0.0,1.0,6.0125,4.754166666666667,0.08392857142857148,85,84.42857142857143,0.7142857142857143,27.3,25.0,0.9,1,10,0,0,0,-0.04084439154329611,-0.9991655196610109,0,2024
2024-07-04,bhosari,0,0.0,1.0,3.766666666666667,5.164880952380953,0.41071428571428575,86,84.42857142857143,0.0,27.4,24.2,2.8,0,10,0,0,0,-0.05802556932878035,-0.9983150972033183,0,2024
2024-07-05,bhosari,0,0.0,1.0,3.966666666666667,5.081547619047619,-0.08333333333333323,84,84.71428571428571,0.2857142857142857,28.2,26.4,5.4,0,10,0,0,0,-0.07518957641475855,-0.9971692572470178,0,2024
2024-07-06,bhosari,0,0.0,1.0,5.1375,5.088690476190476,0.007142857142857181,84,84.71428571428571,0.0,27.4,30.1,5.0,0,10,0,0,0,-0.09233133369539122,-0.9957283388645872,0,2024
2024-07-07,bhosari,0,0.0,1.0,5.129166666666666,5.105952380952381,0.017261904761904794,88,85.0,0.2857142857142857,25.8,18.4,6.8,0,10,0,0,0,-0.10944576864891556,-0.993992768446958,0,2024
2024-07-08,bhosari,0,0.0,1.0,5.579166666666667,5.167857142857143,0.06190476190476181,88,85.57142857142857,0.5714285714285714,27.1,18.4,68.1,0,10,0,0,0,-0.12652781683868314,-0.9919630595773397,0,2024
2024-07-09,bhosari,0,0.0,1.0,5.733333333333333,5.341666666666667,0.17380952380952383,86,86.0,0.42857142857142855,27.8,17.1,22.3,0,10,0,0,0,-0.1435724234118113,-0.9896398128792412,0,2024
2024-07-10,bhosari,0,0.0,1.0,7.258333333333333,5.046428571428572,-0.2952380952380952,82,85.85714285714286,-0.14285714285714285,28.2,20.8,4.4,0,10,0,0,0,-0.16057454459499376,-0.9870237158387383,0,2024
2024-07-11,bhosari,0,0.0,1.0,6.05,5.224404761904762,0.17797619047619037,87,85.42857142857143,-0.42857142857142855,27.4,23.7,11.6,0,10,0,0,0,-0.17752914918703497,-0.984115542601034,0,2024
2024-07-12,bhosari,0,0.0,1.0,3.0041666666666664,5.550595238095238,0.3261904761904761,88,85.57142857142857,0.14285714285714285,26.3,24.3,7.9,0,10,0,0,0,-0.19443122004766195,-0.9809161537413774,0,2024
2024-07-13,bhosari,0,0.0,1.0,2.470833333333333,5.413095238095238,-0.13750000000000004,88,86.14285714285714,0.5714285714285714,27.0,28.3,14.3,0,10,0,0,0,-0.2112757555821793,-0.9774264960104055,0,2024
2024-07-14,bhosari,0,0.0,1.0,2.120833333333333,5.032142857142857,-0.380952380952381,93,86.71428571428571,0.5714285714285714,24.5,20.5,93.5,0,10,0,0,0,-0.2280577712215198,-0.9736476020539838,0,2024
2024-07-15,bhosari,0,0.0,1.0,9.204166666666667,4.602380952380953,-0.42976190476190473,86,87.42857142857143,0.7142857142857143,29.0,19.9,6.3,0,10,0,0,0,-0.24477230089725957,-0.9695805901076308,0,2024
2024-07-16,bhosari,0,0.0,1.0,4.566666666666667,5.120238095238095,0.517857142857143,83,87.14285714285714,-0.2857142857142857,29.4,23.0,3.6,0,10,0,0,0,-0.2614143985111562,-0.965226663665613,0,2024
2024-07-17,bhosari,0,0.0,1.0,3.1166666666666667,4.953571428571428,-0.16666666666666657,89,86.71428571428571,-0.42857142857142855,26.7,23.3,18.6,0,10,0,0,0,-0.2779791393987801,-0.9605871111248129,0,2024
2024-07-18,bhosari,0,0.0,1.0,2.1791666666666667,4.361904761904762,-0.5916666666666666,89,87.71428571428571,1.0,26.2,27.2,9.7,0,10,0,0,0,-0.2944616217868012,-0.9556633054034704,0,2024
2024-07-19,bhosari,0,0.0,1.0,1.7916666666666667,3.8089285714285714,-0.5529761904761904,89,88.0,0.2857142857142857,25.5,27.2,8.8,0,10,0,0,0,-0.3108569682435036,-0.9504567035349151,0,2024
2024-07-20,bhosari,0,0.0,1.0,2.2375000000000003,3.6357142857142857,-0.17321428571428568,89,88.14285714285714,0.14285714285714285,26.0,29.5,21.8,0,10,0,0,0,-0.3271603271220951,-0.9449688462364056,0,2024
2024-07-21,bhosari,0,0.0,1.0,2.2416666666666667,3.6023809523809525,-0.03333333333333328,89,88.28571428571429,0.14285714285714285,26.5,27.9,8.2,0,10,0,0,0,-0.34336687399638804,-0.939201357453208,0,2024
2024-07-22,bhosari,0,0.0,1.0,1.6166666666666665,3.6196428571428574,0.017261904761904794,92,87.71428571428571,-0.5714285714285714,24.3,29.7,19.4,0,10,0,0,0,-0.3594718130884232,-0.9331559438780432,0,2024
2024-07-23,bhosari,0,0.0,1.0,1.5666666666666667,2.5357142857142856,-1.0839285714285716,93,88.57142857142857,0.8571428571428571,23.9,28.1,22.5,0,10,0,0,0,-0.3754703786876202,-0.9268343944460494,0,2024
2024-07-24,bhosari,0,0.0,1.0,2.8791666666666664,2.107142857142857,-0.4285714285714287,92,90.0,1.4285714285714286,24.6,27.3,30.1,0,10,0,0,0,-0.3913578365610259,-0.9202385798054075,0,2024
2024-07-25,bhosari,0,0.0,1.0,4.283333333333333,2.0732142857142857,-0.03392857142857147,93,90.42857142857143,0.42857142857142855,23.7,28.9,62.7,0,10,0,0,0,-0.4071294853542516,-0.9133704517637858,0,2024
2024-07-26,bhosari,0,0.0,1.0,7.116666666666667,2.373809523809524,0.3005952380952381,91,91.0,0.5714285714285714,24.9,25.4,11.5,0,10,0,0,0,-0.4227806579826773,-0.9062320427107697,0,2024
2024-07-27,bhosari,0,0.0,1.0,7.9624999999999995,3.1345238095238095,0.7607142857142858,91,91.28571428571429,0.2857142857142857,24.8,31.9,10.9,0,10,0,0,0,-0.4383067230125192,-0.898825465016444,0,2024
2024-07-28,bhosari,0,0.0,1.0,4.0874999999999995,3.952380952380952,0.8178571428571428,91,91.57142857142857,0.2857142857142857,25.3,26.8,13.2,0,10,0,0,0,-0.45370308603134424,-0.8911529104063088,0,2024
2024-07-29,bhosari,0,0.0,1.0,3.704166666666667,4.2160714285714285,0.2636904761904761,90,91.85714285714286,0.2857142857142857,26.6,26.8,10.0,0,10,0,0,0,-0.46896519100763184,-0.8832166493127127,0,2024
2024-07-30,bhosari,0,0.0,1.0,6.5125,4.514285714285714,0.29821428571428577,87,91.57142857142857,-0.2857142857142857,27.4,24.4,11.1,0,10,0,0,0,-0.48408852163897587,-0.8750190302029955,0,2024
2024-07-31,bhosari,0,0.0,1.0,4.595833333333333,5.220833333333333,0.7065476190476191,89,90.71428571428571,-0.8571428571428571,26.0,22.8,24.6,0,10,0,0,0,-0.4990686026885319,-0.8665624788845385,0,2024
2024-08-01,bhosari,0,0.0,1.0,4.058333333333334,5.466071428571429,0.24523809523809526,87,90.28571428571429,-0.42857142857142855,26.5,26.7,3.3,0,10,0,0,0,-0.5139010013093103,-0.8578494977869301,0,2024
2024-08-02,bhosari,0,0.0,1.0,2.75,5.433928571428571,-0.03214285714285709,87,89.42857142857143,-0.8571428571428571,26.4,29.6,12.9,0,10,0,0,0,-0.5285813283559292,-0.8488826652214553,0,2024
2024-08-03,bhosari,0,0.0,1.0,2.5166666666666666,4.810119047619048,-0.6238095238095239,89,88.85714285714286,-0.5714285714285714,25.6,28.9,14.4,0,10,0,0,0,-0.5431052396834317,-0.8396646346181327,0,2024
2024-08-04,bhosari,0,0.0,1.0,2.525,4.0321428571428575,-0.7779761904761904,91,88.57142857142857,-0.2857142857142857,25.3,25.2,27.1,0,10,0,0,0,-0.5574684374327892,-0.8301981337405212,0,2024
2024-08-05,bhosari,0,0.0,1.0,6.05,3.8089285714285714,-0.22321428571428564,86,88.57142857142857,0.0,27.1,26.8,2.8,0,10,0,0,0,-0.5716666713027052,-0.8204859638785327,0,2024
2024-08-06,bhosari,0,0.0,1.0,5.2625,4.144047619047619,0.33511904761904754,83,88.0,-0.5714285714285714,27.8,25.3,2.0,0,10,0,0,0,-0.5856957398073508,-0.8105309990194823,0,2024
2024-08-07,bhosari,0,0.0,1.0,5.758333333333333,3.9654761904761906,-0.17857142857142858,85,87.42857142857143,-0.5714285714285714,27.1,24.5,3.7,0,10,0,0,0,-0.5995514915196489,-0.8003361849976323,0,2024
2024-08-08,bhosari,0,0.0,1.0,7.608333333333333,4.131547619047619,0.1660714285714285,84,86.85714285714286,-0.5714285714285714,27.3,22.0,2.5,0,10,0,0,0,-0.6132298262997502,-0.7899045386224707,0,2024
2024-08-09,bhosari,0,0.0,1.0,8.112499999999999,4.638690476190476,0.5071428571428571,90,86.42857142857143,-0.42857142857142855,24.5,19.1,9.0,0,10,0,0,0,-0.6267266965083301,-0.7792391467859886,0,2024
2024-08-10,bhosari,0,0.0,1.0,6.970833333333334,5.404761904761904,0.7660714285714284,86,86.85714285714286,0.42857142857142855,28.6,21.7,2.3,0,10,0,0,0,-0.6400381082043503,-0.7683431655492202,0,2024
2024-08-11,bhosari,0,0.0,1.0,6.991666666666667,6.041071428571429,0.6363095238095239,85,86.42857142857143,-0.42857142857142855,27.2,23.1,1.7,0,10,0,0,0,-0.65316012232693,-0.7572198192083127,0,2024
2024-08-12,bhosari,0,0.0,1.0,7.841666666666666,6.679166666666667,0.6380952380952382,84,85.57142857142857,-0.8571428571428571,27.9,20.2,2.6,0,10,0,0,0,-0.666088855860977,-0.7458723993404063,0,2024
2024-08-13,bhosari,0,0.0,1.0,12.408333333333333,6.935119047619048,0.2559523809523809,83,85.28571428571429,-0.2857142857142857,29.1,17.0,0.7,1,10,0,0,0,-0.6788204829862355,-0.734304263829602,0,2024
2024-08-14,bhosari,0,0.0,1.0,19.395833333333332,7.9559523809523816,1.0208333333333333,83,85.28571428571429,0.0,29.3,17.5,0.8,2,10,0,0,0,-0.6913512362094071,-0.722518835873311,0,2024
2024-08-15,bhosari,0,0.0,1.0,21.537499999999998,9.904166666666667,1.9482142857142857,82,85.0,-0.2857142857142857,30.3,18.2,0.6,3,10,0,0,0,-0.7036774074790128,-0.7105196029692745,0,2024
2024-08-16,bhosari,0,0.0,1.0,18.504166666666666,11.894047619047617,1.989880952380952,82,84.71428571428571,-0.2857142857142857,29.8,17.1,1.7,0,10,0,0,0,-0.7157953492826642,-0.6983101158835584,0,2024
2024-08-17,bhosari,0,0.0,1.0,22.625,13.37857142857143,1.4845238095238096,83,83.57142857142857,-1.1428571428571428,29.1,13.6,4.0,0,10,0,0,0,-0.7277014757264236,-0.6858939875998223,0,2024
2024-08-18,bhosari,0,0.0,1.0,14.049999999999999,15.614880952380954,2.2363095238095236,90,83.14285714285714,-0.42857142857142855,28.5,9.0,38.7,0,10,0,0,0,-0.7393922635959241,-0.673274892250183,0,2024
2024-08-19,bhosari,0,0.0,1.0,12.945833333333333,16.623214285714287,1.008333333333333,87,83.85714285714286,0.7142857142857143,29.9,14.1,17.3,0,10,0,0,0,-0.7508642533989489,-0.6604565640279754,0,2024
2024-08-20,bhosari,0,0.0,1.0,15.112499999999999,17.35238095238095,0.7291666666666667,86,84.28571428571429,0.42857142857142855,29.7,11.6,10.0,0,10,0,0,0,-0.7621140503891487,-0.6474427960827475,0,2024
2024-08-21,bhosari,0,0.0,1.0,15.095833333333333,17.738690476190474,0.38630952380952366,87,84.71428571428571,0.42857142857142855,29.8,14.8,9.7,0,10,0,0,0,-0.7731383255706026,-0.6342374393978054,0,2024
2024-08-22,bhosari,0,0.0,1.0,20.783333333333335,17.12440476190476,-0.6142857142857141,88,85.28571428571429,0.5714285714285714,29.0,11.8,13.9,0,10,0,0,0,-0.7839338166829201,-0.620844401650647,0,2024
2024-08-23,bhosari,0,0.0,1.0,10.345833333333333,17.01666666666667,-0.1077380952380947,91,86.14285714285714,0.8571428571428571,27.9,14.4,13.4,0,10,0,0,0,-0.7944973291665992,-0.6072676460566135,0,2024
2024-08-24,bhosari,0,0.0,1.0,3.4583333333333335,15.851190476190478,-1.1654761904761906,94,87.42857142857143,1.2857142857142858,24.0,19.8,55.0,0,10,0,0,0,-0.8048257371083452,-0.593511190196115,0,2024
2024-08-25,bhosari,0,0.0,1.0,2.2624999999999997,13.113095238095239,-2.738095238095238,91,89.0,1.5714285714285714,24.9,27.4,24.4,0,10,0,0,0,-0.8149159841660791,-0.5795791048257612,0,2024
2024-08-26,bhosari,0,0.0,1.0,3.7083333333333335,11.429166666666665,-1.6839285714285714,90,89.14285714285714,0.14285714285714285,24.6,24.8,8.3,0,10,0,0,0,-0.8247650844733614,-0.5654755126737576,0,2024
2024-08-27,bhosari,0,0.0,1.0,2.4916666666666667,10.10952380952381,-1.319642857142857,87,89.57142857142857,0.42857142857142855,25.9,27.9,8.9,0,10,0,0,0,-0.8343701235229538,-0.5512045872199277,0,2024
2024-08-28,bhosari,0,0.0,1.0,4.3875,8.306547619047619,-1.8029761904761903,85,89.71428571428571,0.14285714285714285,26.6,32.2,7.0,0,10,0,0,0,-0.8437282590292712,-0.5367705514607103,0,2024
2024-08-29,bhosari,0,0.0,1.0,6.029166666666666,6.776785714285714,-1.5297619047619047,85,89.42857142857143,-0.2857142857142857,27.1,24.3,1.5,0,10,0,0,0,-0.8528367217694595,-0.522177676659508,0,2024
2024-08-30,bhosari,0,0.0,1.0,5.608333333333333,4.6690476190476184,-2.1077380952380955,85,89.0,-0.42857142857142855,27.0,21.7,2.2,0,10,0,0,0,-0.8616928164028522,-0.5074302810827518,0,2024
2024-08-31,bhosari,0,0.0,1.0,8.733333333333333,3.9922619047619046,-0.6767857142857142,87,88.14285714285714,-0.8571428571428571,25.8,17.7,4.9,0,10,0,0,0,-0.8702939222685674,-0.49253272872205434,0,2024
2024-09-01,bhosari,0,0.0,1.0,11.583333333333334,4.745833333333333,0.7535714285714283,89,87.14285714285714,-1.0,25.8,21.8,3.1,0,10,0,0,0,-0.8786374941610001,-0.4774894280028391,0,2024
2024-09-02,bhosari,0,0.0,1.0,6.5,6.077380952380952,1.3315476190476192,94,86.85714285714286,-0.2857142857142857,23.4,17.8,59.1,0,10,0,0,0,-0.886721063082993,-0.46230483047981086,0,2024
2024-09-03,bhosari,0,0.0,1.0,3.9875000000000003,6.476190476190475,0.3988095238095238,89,87.42857142857143,0.5714285714285714,25.9,20.9,8.8,0,10,0,0,0,-0.8945422369764496,-0.4469834295196741,0,2024
2024-09-04,bhosari,0,0.0,1.0,6.870833333333334,6.689880952380952,0.21369047619047624,87,87.71428571428571,0.2857142857142857,26.3,23.1,2.5,0,10,0,0,0,-0.9020987014301837,-0.43152975897147144,0,2024
2024-09-05,bhosari,0,0.0,1.0,4.745833333333334,7.044642857142857,0.3547619047619048,87,88.0,0.2857142857142857,27.2,23.8,13.0,0,10,0,0,0,-0.9093882203647925,-0.4159483918249421,0,2024
2024-09-06,bhosari,0,0.0,1.0,6.479166666666667,6.861309523809524,-0.18333333333333318,87,88.28571428571429,0.2857142857142857,26.4,24.8,1.3,0,10,0,0,0,-0.9164086366943458,-0.4002439388573056,0,2024
2024-09-07,bhosari,0,0.0,1.0,6.675,6.985714285714286,0.12440476190476193,86,88.57142857142857,0.2857142857142857,27.5,23.8,2.8,0,10,0,0,0,-0.9231578729647039,-0.38442104726885545,0,2024
2024-09-08,bhosari,0,0.0,1.0,7.308333333333334,6.691666666666667,-0.29404761904761895,84,88.42857142857143,-0.14285714285714285,28.0,18.8,1.1,0,10,0,0,0,-0.9296339319682695,-0.3684843993077793,0,2024
2024-09-09,bhosari,0,0.0,1.0,7.4875,6.0809523809523816,-0.6107142857142858,86,87.71428571428571,-0.7142857142857143,28.2,18.8,2.6,0,10,0,0,0,-0.9358348973349941,-0.35243871088460327,0,2024
2024-09-10,bhosari,0,0.0,1.0,5.7749999999999995,6.22202380952381,0.14107142857142854,87,86.57142857142857,-1.1428571428571428,27.7,18.9,14.4,0,10,0,0,0,-0.9417589340994617,-0.33628873017668287,0,2024
2024-09-11,bhosari,0,0.0,1.0,5.125,6.477380952380953,0.2553571428571427,85,86.28571428571429,-0.2857142857142857,27.7,20.1,2.1,0,10,0,0,0,-0.9474042892438845,-0.32003923622313857,0,2024
2024-09-12,bhosari,0,0.0,1.0,9.4625,6.22797619047619,-0.24940476190476193,83,86.0,-0.2857142857142857,27.7,23.9,0.3,1,10,0,0,0,-0.9527692922168511,-0.30369503751065885,0,2024
2024-09-13,bhosari,0,0.0,1.0,12.429166666666667,6.901785714285714,0.6738095238095239,83,85.42857142857143,-0.5714285714285714,27.2,21.4,0.8,2,10,0,0,0,-0.9578523554276669,-0.28726097055059635,0,2024
2024-09-14,bhosari,0,0.0,1.0,8.4125,7.751785714285715,0.85,84,84.85714285714286,-0.5714285714285714,27.0,22.7,0.7,3,10,0,0,0,-0.9626519747161487,-0.2707418984477642,0,2024
2024-09-15,bhosari,0,0.0,1.0,9.174999999999999,8.0,0.2482142857142857,85,84.57142857142857,-0.2857142857142857,26.7,22.0,2.1,0,10,0,0,0,-0.9671667297977312,-0.2541427094613622,0,2024
2024-09-16,bhosari,0,0.0,1.0,16.920833333333334,8.266666666666667,0.2666666666666665,82,84.71428571428571,0.14285714285714285,28.1,16.8,0.7,1,10,0,0,0,-0.97139528468375,-0.23746831555846842,0,2024
2024-09-17,bhosari,0,0.0,1.0,21.083333333333332,9.614285714285716,1.3476190476190477,80,84.14285714285714,-0.5714285714285714,28.0,16.1,2.2,0,10,0,0,0,-0.9753363880767837,-0.2207236509605022,0,2024
2024-09-18,bhosari,0,0.0,1.0,26.429166666666664,11.801190476190476,2.186904761904762,80,83.14285714285714,-1.0,28.2,13.1,0.0,1,10,0,0,0,-0.9789888737409319,-0.20391367068311472,0,2024
2024-09-19,bhosari,0,0.0,1.0,29.316666666666666,14.844642857142857,3.0434523809523806,81,82.42857142857143,-0.7142857142857143,29.0,13.7,0.0,2,10,0,0,0,-0.9823516608469237,-0.18704334906991657,0,2024
2024-09-20,bhosari,0,0.0,1.0,27.883333333333336,17.68095238095238,2.8363095238095233,87,82.14285714285714,-0.2857142857142857,28.0,13.8,8.8,0,10,0,0,0,-0.9854237542919524,-0.17011767832049052,0,2024
2024-09-21,bhosari,0,0.0,1.0,25.416666666666668,19.888690476190476,2.2077380952380956,84,82.71428571428571,0.5714285714285714,29.3,18.5,4.4,0,10,0,0,0,-0.9882042449941422,-0.15314166701312007,0,2024
2024-09-22,bhosari,0,0.0,1.0,27.729166666666668,22.317857142857143,2.429166666666667,84,82.71428571428571,0.0,29.6,14.8,4.4,0,10,0,0,0,-0.9906923101615609,-0.13612033862266704,0,2024
2024-09-23,bhosari,0,0.0,1.0,21.537499999999998,24.96845238095238,2.6505952380952382,89,82.57142857142857,-0.14285714285714285,28.9,13.7,34.8,0,10,0,0,0,-0.9928872135356962,-0.11905873003404988,0,2024
2024-09-24,bhosari,0,0.0,1.0,14.8375,25.627976190476193,0.6595238095238091,90,83.57142857142857,1.0,29.6,9.4,27.2,0,10,0,0,0,-0.994788305609327,-0.10196189005174576,0,2024
2024-09-25,bhosari,0,0.0,1.0,6.558333333333334,24.735714285714288,-0.8922619047619046,93,85.0,1.4285714285714286,27.7,13.3,42.8,0,10,0,0,0,-0.9963950238187231,-0.08483487790576538,0,2024
2024-09-26,bhosari,0,0.0,1.0,2.5749999999999997,21.897023809523812,-2.8386904761904757,90,86.85714285714286,1.8571428571428572,25.7,21.5,9.2,0,10,0,0,0,-0.9977068927101168,-0.06768276175455162,0,2024
2024-09-27,bhosari,0,0.0,1.0,4.441666666666666,18.076785714285716,-3.8202380952380954,88,88.14285714285714,1.2857142857142858,25.6,27.3,5.3,0,10,0,0,0,-0.9987235240803972,-0.050510617185222886,0,2024
2024-09-28,bhosari,0,0.0,1.0,4.7124999999999995,14.72797619047619,-3.3488095238095243,85,88.28571428571429,0.14285714285714285,27.5,20.0,2.0,0,10,0,0,0,-0.9994446170919858,-0.033323525711631344,0,2024
2024-09-29,bhosari,0,0.0,1.0,10.804166666666667,11.770238095238096,-2.9577380952380956,86,88.42857142857143,0.14285714285714285,28.0,15.7,2.0,0,10,0,0,0,-0.9998699583618592,-0.016126573270657762,0,2024
2024-09-30,bhosari,0,0.0,1.0,21.7625,9.352380952380953,-2.417857142857143,82,88.71428571428571,0.2857142857142857,30.3,9.8,0.0,1,10,0,0,0,-0.9999994220246925,0.001075151282798226,0,2024
2024-10-01,bhosari,0,0.0,1.0,26.704166666666666,9.38452380952381,0.03214285714285735,83,87.71428571428571,-1.0,30.5,8.9,0.0,2,10,0,0,0,-0.999832969770105,0.018276557681691223,0,2024
2024-10-02,bhosari,0,0.0,1.0,36.395833333333336,11.079761904761906,1.695238095238095,88,86.71428571428571,-1.0,30.5,12.3,6.5,0,10,0,0,0,-0.9993706508539969,0.03547255575312556,0,2024
2024-10-03,bhosari,0,0.0,1.0,25.925,15.342261904761903,4.2625,86,86.0,-0.7142857142857143,29.6,17.5,1.9,0,10,0,0,0,-0.9986126020839734,0.052658056924614005,0,2024
2024-10-04,bhosari,0,0.0,1.0,20.825,18.67797619047619,3.335714285714286,86,85.42857142857143,-0.5714285714285714,28.8,15.9,1.7,0,10,0,0,0,-0.9975590477788613,0.06982797572987089,0,2024
2024-10-05,bhosari,0,0.0,1.0,23.133333333333336,21.01845238095238,2.3404761904761906,82,85.14285714285714,-0.2857142857142857,29.5,13.0,0.0,1,10,0,0,0,-0.9962102997023297,0.0869772313136861,0,2024
2024-10-06,bhosari,0,0.0,1.0,36.175000000000004,23.65,2.6315476190476197,83,84.71428571428571,-0.42857142857142855,29.4,14.8,1.5,0,10,0,0,0,-0.9945667569706337,0.1041007489354256,0,2024
2024-10-07,bhosari,0,0.0,1.0,36.4625,27.274404761904766,3.6244047619047626,74,84.28571428571429,-0.42857142857142855,30.5,16.7,0.0,1,10,0,0,0,-0.9926289059345095,0.121193461470736,0,2024
2024-10-08,bhosari,0,0.0,1.0,36.84583333333333,29.374404761904763,2.1,76,83.14285714285714,-1.1428571428571428,30.3,11.4,0.8,2,10,0,0,0,-0.9903973200352558,0.1382503109109819,0,2024
2024-10-09,bhosari,0,0.0,1.0,32.545833333333334,30.82321428571429,1.4488095238095238,81,82.14285714285714,-1.0,27.8,13.6,5.5,0,10,0,0,0,-0.9878726596350429,0.15526624985999563,0,2024
2024-10-10,bhosari,0,0.0,1.0,13.075000000000001,30.273214285714285,-0.5500000000000002,84,81.14285714285714,-1.0,28.5,25.6,4.6,0,10,0,0,0,-0.9850556718215013,0.172236243027682,0,2024
2024-10-11,bhosari,0,0.0,1.0,10.525,28.4375,-1.8357142857142856,85,80.85714285714286,-0.2857142857142857,29.2,22.9,13.3,0,10,0,0,0,-0.981947190186646,0.18915526872004093,0,2024
2024-10-12,bhosari,0,0.0,1.0,12.375,26.96607142857143,-1.4714285714285713,86,80.71428571428571,-0.14285714285714285,29.5,16.6,5.0,0,10,0,0,0,-0.9785481345802031,0.20601832032517084,0,2024
2024-10-13,bhosari,0,0.0,1.0,13.108333333333334,25.429166666666667,-1.5369047619047624,86,81.28571428571429,0.5714285714285714,29.8,13.6,6.6,0,10,0,0,0,-0.9748595108374125,0.22282040779479959,0,2024
2024-10-14,bhosari,0,0.0,1.0,11.216666666666667,22.133928571428573,-3.2952380952380955,85,81.71428571428571,0.42857142857142855,29.4,16.6,8.0,0,10,0,0,0,-0.9708824104813836,0.23955655912092708,0,2024
2024-10-15,bhosari,0,0.0,1.0,16.641666666666666,18.527380952380952,-3.6065476190476184,86,83.28571428571429,1.5714285714285714,28.7,11.4,2.0,0,10,0,0,0,-0.9666180104000972,0.2562218218071163,0,2024
2024-10-16,bhosari,0,0.0,1.0,23.28333333333333,15.641071428571427,-2.8863095238095235,85,84.71428571428571,1.4285714285714286,29.7,14.8,13.4,0,10,0,0,0,-0.9620675724981452,0.27281126433401914,0,2024
2024-10-17,bhosari,0,0.0,1.0,25.204166666666666,14.317857142857141,-1.3232142857142861,87,85.28571428571429,0.5714285714285714,28.5,13.8,6.2,0,10,0,0,0,-0.957232443323312,0.28931997761869527,0,2024
2024-10-18,bhosari,0,0.0,1.0,12.183333333333332,16.050595238095237,1.7327380952380949,87,85.71428571428571,0.42857142857142855,29.7,21.7,8.8,0,10,0,0,0,-0.9521140536681102,0.3057430764672831,0,2024
2024-10-19,bhosari,0,0.0,1.0,12.441666666666668,16.2875,0.23690476190476165,89,86.0,0.2857142857142857,29.5,13.1,16.6,0,10,0,0,0,-0.9467139181463862,0.3220757010206104,0,2024
2024-10-20,bhosari,0,0.0,1.0,9.716666666666667,16.29702380952381,0.009523809523809743,88,86.42857142857143,0.42857142857142855,27.8,12.8,8.3,0,10,0,0,0,-0.9410336347451197,0.3383130181923076,0,2024
2024-10-21,bhosari,0,0.0,1.0,10.35,15.8125,-0.48452380952380963,85,86.71428571428571,0.2857142857142857,27.3,13.0,7.7,0,10,0,0,0,-0.9350748843515574,0.3544502230989869,0,2024
2024-10-22,bhosari,0,0.0,1.0,13.933333333333332,15.688690476190475,-0.12380952380952388,84,86.71428571428571,0.0,28.4,9.6,0.3,1,10,0,0,0,-0.9288394302558068,0.3704825404820963,0,2024
2024-10-23,bhosari,0,0.0,1.0,28.425,15.301785714285714,-0.386904761904762,81,86.42857142857143,-0.2857142857142857,29.1,12.2,0.1,2,10,0,0,0,-0.9223291176290545,0.3864052261209853,0,2024
2024-10-24,bhosari,0,0.0,1.0,48.300000000000004,16.036309523809525,0.7345238095238099,75,85.85714285714286,-0.5714285714285714,29.1,10.9,0.0,3,10,0,0,0,-0.9155458729775467,0.40221356823680365,0,2024
2024-10-25,bhosari,0,0.0,1.0,49.012499999999996,19.335714285714285,3.299404761904763,66,84.14285714285714,-1.7142857142857142,29.1,13.1,0.0,4,10,0,0,0,-0.9084917035725082,0.41790288888678667,0,2024
2024-10-26,bhosari,0,0.0,1.0,37.104166666666664,24.59702380952381,5.2613095238095235,74,81.14285714285714,-3.0,29.6,11.6,0.0,5,10,0,0,0,-0.9011686968561569,0.4334685453485363,0,2024
2024-10-27,bhosari,0,0.0,1.0,39.199999999999996,28.120238095238097,3.523214285714285,71,79.0,-2.142857142857143,30.7,11.2,0.0,6,10,0,0,0,-0.8935790198239952,0.4489059314938798,0,2024
2024-10-28,bhosari,0,0.0,1.0,45.487500000000004,32.332142857142856,4.211904761904761,72,76.57142857142857,-2.4285714285714284,30.6,13.7,0.0,7,10,0,0,0,-0.8857249183835637,0.4642104791518923,0,2024
2024-10-29,bhosari,0,0.0,1.0,56.15416666666667,37.35178571428571,5.019642857142857,74,74.71428571428571,-1.8571428571428572,30.6,13.6,0.0,8,10,0,0,0,-0.8776087166898392,0.4793776594606945,0,2024
2024-10-30,bhosari,0,0.0,1.0,50.020833333333336,43.38333333333333,6.03154761904762,75,73.28571428571429,-1.4285714285714286,29.8,9.4,0.0,9,10,0,0,0,-0.8692328164574792,0.49440298420761813,0,2024
2024-10-31,bhosari,0,0.0,1.0,43.25833333333333,46.46845238095238,3.085119047619048,69,72.42857142857143,-0.8571428571428571,30.7,14.9,0.5,10,10,0,0,0,-0.8605996962501181,0.5092820071573356,0,2024
2024-11-01,bhosari,0,0.0,1.0,48.862500000000004,45.748214285714276,-0.7202380952380959,70,71.57142857142857,-0.8571428571428571,30.1,13.2,0.7,11,10,0,0,1,-0.8517119107469189,0.5240103253675756,0,2024
2024-11-02,bhosari,0,0.0,1.0,42.30416666666667,45.72678571428571,-0.02142857142857021,65,72.14285714285714,0.5714285714285714,30.3,13.8,0.0,12,10,0,0,1,-0.8425720899866032,0.5385835804920232,0,2024
2024-11-03,bhosari,0,0.0,1.0,43.49166666666667,46.46964285714286,0.7428571428571432,59,70.85714285714286,-1.2857142857142858,30.3,13.8,0.0,13,10,0,0,1,-0.8331829385891785,0.5529974600700271,0,2024
2024-11-04,bhosari,0,0.0,1.0,48.18333333333334,47.08273809523809,0.6130952380952388,60,69.14285714285714,-1.7142857142857142,29.8,13.9,0.0,14,10,0,0,1,-0.8235472349556007,0.5672476988027229,0,2024
2024-11-05,bhosari,0,0.0,1.0,55.37083333333334,47.46785714285715,0.3851190476190475,58,67.42857142857143,-1.7142857142857142,29.8,15.0,0.0,15,10,0,0,1,-0.8136678304455991,0.5813300798152042,0,2024
2024-11-06,bhosari,0,0.0,1.0,46.27916666666667,47.35595238095238,-0.11190476190476163,57,65.14285714285714,-2.2857142857142856,31.2,13.8,0.0,16,10,0,0,1,-0.8035476485339116,0.5952404359043674,0,2024
2024-11-07,bhosari,0,0.0,1.0,50.69166666666666,46.82142857142857,-0.5345238095238096,55,62.57142857142857,-2.5714285714285716,30.2,12.2,0.0,17,10,0,0,1,-0.7931896839451843,0.6089746507720486,0,2024
2024-11-08,bhosari,0,0.0,1.0,58.041666666666664,47.88333333333334,1.0619047619047615,57,60.57142857142857,-2.0,30.3,15.7,0.0,18,10,0,0,0,-0.7825970017677834,0.6225286602431057,0,2024
2024-11-09,bhosari,0,0.0,1.0,59.99583333333334,49.19464285714286,1.311309523809523,53,58.714285714285715,-1.8571428571428572,30.4,13.2,0.0,19,10,0,0,0,-0.7717727365467836,0.6358984534680745,0,2024
2024-11-10,bhosari,0,0.0,1.0,60.53333333333333,51.72202380952381,2.5273809523809527,53,57.0,-1.7142857142857142,29.6,11.5,0.0,20,10,0,0,0,-0.7607200913564104,0.6490800741100398,0,2024
2024-11-11,bhosari,0,0.0,1.0,63.84583333333333,54.15654761904762,2.4345238095238093,51,56.142857142857146,-0.8571428571428571,29.7,14.5,0.0,21,10,0,0,0,-0.7494423368521954,0.6620696215153815,0,2024
2024-11-12,bhosari,0,0.0,1.0,54.2875,56.39404761904762,2.2374999999999994,52,54.857142857142854,-1.2857142857142858,29.8,16.4,0.0,22,10,0,0,0,-0.7379428103031386,0.6748632518680403,0,2024
2024-11-13,bhosari,0,0.0,1.0,42.762499999999996,56.239285714285714,-0.1547619047619051,53,54.0,-0.8571428571428571,30.2,13.8,0.0,23,10,0,0,0,-0.7262249146041543,0.6874571793269664,0,2024
2024-11-14,bhosari,0,0.0,1.0,40.4625,55.73690476190477,-0.5023809523809533,54,53.42857142857143,-0.5714285714285714,32.0,11.8,0.0,24,10,0,0,0,-0.7142921172691032,0.699847677146407,0,2024
2024-11-15,bhosari,0,0.0,1.0,50.62916666666666,54.27559523809524,-1.4613095238095235,61,53.285714285714285,-0.14285714285714285,32.0,11.5,0.2,25,10,0,0,0,-0.7021479494046978,0.7120310787787131,0,2024
2024-11-16,bhosari,0,0.0,1.0,60.375,53.21666666666666,-1.0589285714285717,59,53.857142857142854,0.5714285714285714,31.9,13.4,0.0,26,10,0,0,0,-0.6897960046655887,0.7240037789593305,0,2024
2024-11-17,bhosari,0,0.0,1.0,41.62083333333333,53.27083333333333,0.05416666666666613,50,54.714285714285715,0.8571428571428571,31.4,15.0,0.0,27,10,0,0,0,-0.6772399381909491,0.7357622347736527,0,2024
2024-11-18,bhosari,0,0.0,1.0,38.833333333333336,50.569047619047616,-2.7017857142857147,49,54.285714285714285,-0.42857142857142855,29.4,12.4,0.0,28,10,0,0,0,-0.6644834655228552,0.7473029667054296,0,2024
2024-11-19,bhosari,0,0.0,1.0,51.050000000000004,46.99583333333333,-3.5732142857142852,51,54.0,-0.2857142857142857,28.5,14.0,0.0,29,10,0,0,0,-0.6515303615068021,0.75862255966641,0,2024
2024-11-20,bhosari,0,0.0,1.0,49.65,46.533333333333324,-0.4624999999999996,52,53.857142857142854,-0.14285714285714285,28.0,13.2,0.0,30,10,0,0,0,-0.6383844591746642,0.7697176640069211,0,2024
2024-11-21,bhosari,0,0.0,1.0,56.74583333333333,47.5172619047619,0.9839285714285718,52,53.714285714285715,-0.14285714285714285,28.8,10.6,0.0,31,10,0,0,0,-0.6250496486104377,0.7805849965070866,0,2024
2024-11-22,bhosari,0,0.0,1.0,68.34583333333333,49.843452380952385,2.326190476190476,55,53.42857142857143,-0.2857142857142857,29.1,8.2,0.0,32,10,0,0,0,-0.6115298757991053,0.7912213413483807,0,2024
2024-11-23,bhosari,0,0.0,1.0,74.0,52.37440476190476,2.5309523809523813,56,52.57142857142857,-0.8571428571428571,29.3,11.4,0.0,33,10,0,0,0,-0.5978291414589552,0.801623551065242,0,2024
2024-11-24,bhosari,0,0.0,1.0,87.175,54.32083333333333,1.9464285714285714,56,52.142857142857146,-0.42857142857142855,29.0,12.3,0.0,34,10,0,0,0,-0.5839514998576998,0.8117885474764613,0,2024
2024-11-25,bhosari,0,0.0,1.0,59.666666666666664,60.82857142857143,6.507738095238095,50,53.0,0.8571428571428571,28.1,13.3,0.0,35,10,0,0,0,-0.5699010576127624,0.8217133225960589,0,2024
2024-11-26,bhosari,0,0.0,1.0,45.39166666666667,63.804761904761904,2.9761904761904754,50,53.142857142857146,0.14285714285714285,27.5,14.4,0.0,36,10,0,0,0,-0.5556819724760489,0.8313949395234058,0,2024
2024-11-27,bhosari,0,0.0,1.0,38.016666666666666,62.996428571428574,-0.808333333333333,44,53.0,-0.14285714285714285,27.4,12.5,0.0,37,10,0,0,0,-0.5412984521036173,0.8408305333122887,0,2024
2024-11-28,bhosari,0,0.0,1.0,35.82083333333333,61.33452380952381,-1.6619047619047618,46,51.857142857142854,-1.1428571428571428,27.4,18.2,0.0,38,10,0,0,0,-0.5267547528105542,0.8500173118187018,0,2024
2024-11-29,bhosari,0,0.0,1.0,33.324999999999996,58.34523809523809,-2.989285714285714,43,51.0,-0.8571428571428571,27.3,12.5,0.0,39,10,0,0,0,-0.5120551783114646,0.8589525565270845,0,2024
2024-11-30,bhosari,0,0.0,1.0,48.70416666666667,53.342261904761905,-5.002976190476191,51,49.285714285714285,-1.7142857142857142,28.1,9.0,0.0,40,10,0,0,0,-0.4972040784469378,0.8676336233547726,0,2024
2024-12-01,bhosari,0,0.0,1.0,52.65416666666667,49.728571428571435,-3.613690476190475,57,48.57142857142857,-0.7142857142857143,29.1,9.6,0.0,41,10,0,0,0,-0.4822058478963526,0.8760579434344281,0,2024
2024-12-02,bhosari,0,0.0,1.0,24.229166666666668,44.79702380952381,-4.931547619047619,66,48.714285714285715,0.14285714285714285,29.0,15.5,0.1,42,10,0,0,0,-0.46706492487743034,0.8842230238742036,0,2024
2024-12-03,bhosari,0,0.0,1.0,20.545833333333334,39.73452380952381,-5.0625,72,51.0,2.2857142857142856,30.1,17.0,0.6,43,10,0,0,0,-0.451785789832884,0.8921264484954345,0,2024
2024-12-04,bhosari,0,0.0,1.0,19.183333333333334,36.18511904761905,-3.549404761904763,71,54.142857142857146,3.142857142857143,30.4,17.4,0.3,44,10,0,0,0,-0.4363729641045924,0.8997658785476209,0,2024
2024-12-05,bhosari,0,0.0,1.0,21.666666666666668,33.49464285714286,-2.6904761904761902,66,58.0,3.857142857142857,31.8,10.6,0.0,45,10,0,0,0,-0.42083100859565564,0.9071390534005044,0,2024
2024-12-06,bhosari,0,0.0,1.0,29.183333333333334,31.472619047619048,-2.0220238095238092,65,60.857142857142854,2.857142857142857,31.8,8.8,0.1,46,10,0,0,0,-0.4051645224207563,0.9142437912130223,0,2024
2024-12-07,bhosari,0,0.0,1.0,24.329166666666666,30.880952380952383,-0.591666666666666,60,64.0,3.142857142857143,32.0,12.7,0.0,47,10,0,0,0,-0.3893781415452015,0.9210779895789526,0,2024
2024-12-08,bhosari,0,0.0,1.0,18.900000000000002,27.398809523809526,-3.482142857142858,50,65.28571428571429,1.2857142857142858,30.4,13.4,0.0,48,10,0,0,0,-0.37347653741307074,0.9276396261490467,0,2024
2024-12-09,bhosari,0,0.0,1.0,24.125,22.576785714285716,-4.822023809523809,48,64.28571428571429,-1.0,29.9,13.1,0.0,49,10,0,0,0,-0.3574644155648614,0.9339267592294762,0,2024
2024-12-10,bhosari,0,0.0,1.0,28.316666666666666,22.561904761904763,-0.01488095238095255,50,61.714285714285715,-2.5714285714285716,28.4,9.4,0.0,50,10,0,0,0,-0.34134651424503615,0.9399375283564133,0,2024
2024-12-11,bhosari,0,0.0,1.0,37.5,23.67202380952381,1.1101190476190474,58,58.57142857142857,-3.142857142857143,29.2,9.1,0.0,51,10,0,0,0,-0.3251276029999093,0.9456701548465688,0,2024
2024-12-12,bhosari,0,0.0,1.0,32.19166666666667,26.288690476190478,2.6166666666666667,55,56.714285714285715,-1.8571428571428572,29.0,10.5,0.0,52,10,0,0,0,-0.30881248126625377,0.9511229423235357,0,2024
2024-12-13,bhosari,0,0.0,1.0,26.254166666666666,27.792261904761908,1.5035714285714288,50,55.142857142857146,-1.5714285714285714,28.0,12.2,0.0,53,10,0,0,0,-0.29240597695107734,0.9562942772197719,0,2024
2024-12-14,bhosari,0,0.0,1.0,36.87083333333333,27.373809523809523,-0.418452380952381,48,53.0,-2.142857142857143,27.8,12.2,0.0,54,10,0,0,0,-0.27591294500296043,0.9611826292540837,0,2024
2024-12-15,bhosari,0,0.0,1.0,28.745833333333334,29.16547619047619,1.7916666666666663,45,51.285714285714285,-1.7142857142857142,28.0,10.8,0.0,55,10,0,0,0,-0.2593382659754056,0.9657865518844574,0,2024
2024-12-16,bhosari,0,0.0,1.0,18.166666666666668,30.57202380952381,1.4065476190476187,37,50.57142857142857,-0.7142857142857143,28.3,9.6,0.0,56,10,0,0,0,-0.2426868445825954,0.9701046827361175,0,2024
2024-12-17,bhosari,0,0.0,1.0,35.27916666666667,29.72083333333333,-0.851190476190476,43,49.0,-1.5714285714285714,29.0,12.3,0.0,57,10,0,0,0,-0.22596360824801906,0.974135744004672,0,2024
2024-12-18,bhosari,0,0.0,1.0,46.5,30.71547619047619,0.9946428571428575,44,48.0,-1.0,29.3,8.7,0.0,58,10,0,0,0,-0.20917350564635637,0.9778785428342386,0,2024
2024-12-19,bhosari,0,0.0,1.0,52.020833333333336,32.00119047619047,1.2857142857142858,47,46.0,-2.0,29.5,12.4,0.0,59,10,0,0,0,-0.19232150523909483,0.9813319716704275,0,2024
2024-12-20,bhosari,0,0.0,1.0,67.35416666666667,34.83392857142857,2.832738095238095,60,44.857142857142854,-1.1428571428571428,29.4,12.8,0.0,60,10,0,0,0,-0.17541259380427843,0.9844950085880858,0,2024
2024-12-21,bhosari,0,0.0,1.0,67.51666666666667,40.705357142857146,5.871428571428573,71,46.285714285714285,1.4285714285714286,29.5,13.1,0.0,61,10,0,0,0,-0.15845177496083632,0.9873667175937016,0,2024
2024-12-22,bhosari,0,0.0,1.0,59.29583333333333,45.083333333333336,4.377976190476191,78,49.57142857142857,3.2857142857142856,29.1,16.3,0.0,62,10,0,0,0,-0.14144406768794202,0.9899462489023779,0,2024
2024-12-23,bhosari,0,0.0,1.0,51.5875,49.44761904761905,4.364285714285713,77,54.285714285714285,4.714285714285714,28.3,15.3,0.0,63,10,0,0,0,-0.12439450483979998,0.9922328391893008,0,2024
2024-12-24,bhosari,0,0.0,1.0,79.37083333333334,54.22202380952381,4.774404761904762,73,60.0,5.714285714285714,28.1,12.8,0.3,64,10,0,0,0,-0.10730813165636247,0.9942258118156161,0,2024
2024-12-25,bhosari,0,0.0,1.0,86.15833333333335,60.520833333333336,6.298809523809524,67,64.28571428571429,4.285714285714286,29.6,11.6,0.0,65,10,0,0,0,-0.09019000427034513,0.9959245770286599,0,2024
2024-12-26,bhosari,0,0.0,1.0,48.75833333333333,66.18630952380953,5.665476190476192,67,67.57142857142857,3.2857142857142856,30.1,13.0,0.2,66,10,0,0,0,-0.07304518821104743,0.9973286321364752,0,2024
2024-12-27,bhosari,0,0.0,1.0,25.287499999999998,65.72023809523809,-0.46607142857142897,72,70.42857142857143,2.857142857142857,30.1,11.9,0.3,67,10,0,0,0,-0.05587875690537313,0.9984375616565666,0,2024
2024-12-28,bhosari,0,0.0,1.0,23.245833333333334,59.71071428571429,-6.009523809523811,74,72.14285714285714,1.7142857142857142,29.4,12.9,2.4,0,10,0,0,0,-0.03869579017652689,0.9992510374388481,0,2024
2024-12-29,bhosari,0,0.0,1.0,43.4125,53.38630952380953,-6.324404761904761,67,72.57142857142857,0.42857142857142855,30.1,10.1,0.0,1,10,0,0,0,-0.021501372740813793,0.999768818762748,0,2024
2024-12-30,bhosari,0,0.0,1.0,44.43333333333334,51.117261904761904,-2.269047619047618,61,71.0,-1.5714285714285714,30.9,7.5,0.0,2,10,0,0,0,-0.004300592702981974,0.9999907524084426,0,2024
2024-12-31,bhosari,0,0.0,1.0,38.829166666666666,50.09523809523811,-1.0220238095238088,56,68.71428571428571,-2.2857142857142856,30.3,11.9,0.0,3,10,0,0,0,0.012901459949419653,0.9999167727021953,0,2024
2022-08-12,hadapsar,0,0.0,1.0,4.4750000000000005,4.903571428571429,-1.2255325814536338,83,85.85714285714286,-0.5714285714285714,26.3,37.8,3.2,0,12,1,1,0,-0.65316012232693,-0.7572198192083127,0,2022
2022-08-13,hadapsar,0,0.0,1.0,5.4125000000000005,4.432142857142857,-0.47142857142857125,83,85.0,-0.8571428571428571,27.2,31.1,3.1,0,12,1,1,0,-0.666088855860977,-0.7458723993404063,0,2022
2022-08-14,hadapsar,0,0.0,1.0,5.733333333333333,4.4279761904761905,-0.0041666666666665565,83,84.57142857142857,-0.42857142857142855,26.5,29.7,3.0,0,12,1,1,0,-0.6788204829862355,-0.734304263829602,0,2022
2022-08-15,hadapsar,0,0.0,1.0,5.245833333333334,4.6000000000000005,0.17202380952380952,85,84.14285714285714,-0.42857142857142855,26.0,28.2,3.1,0,12,1,1,0,-0.6913512362094071,-0.722518835873311,0,2022
2022-08-16,hadapsar,0,0.0,1.0,5.195833333333334,4.7749999999999995,0.17500000000000007,86,83.85714285714286,-0.2857142857142857,25.1,28.7,7.5,0,12,1,1,0,-0.7036774074790128,-0.7105196029692745,0,2022
2022-08-17,hadapsar,0,0.0,1.0,5.2749999999999995,5.067261904761905,0.29226190476190483,83,83.85714285714286,0.0,26.6,28.5,3.0,0,12,1,1,0,-0.7157953492826642,-0.6983101158835584,0,2022
2022-08-18,hadapsar,0,0.0,1.0,8.833333333333334,5.130952380952381,0.06369047619047612,83,83.71428571428571,-0.14285714285714285,27.2,28.9,1.7,0,12,1,1,0,-0.7277014757264236,-0.6858939875998223,0,2022
2022-08-19,hadapsar,0,0.0,1.0,6.779166666666666,5.7386904761904765,0.6077380952380953,83,83.71428571428571,0.0,27.0,26.9,1.7,0,12,1,1,0,-0.7393922635959241,-0.673274892250183,0,2022
2022-08-20,hadapsar,0,0.0,1.0,6.875,6.067857142857143,0.3291666666666665,83,83.71428571428571,0.0,27.2,27.8,1.2,0,12,1,1,0,-0.7508642533989489,-0.6604565640279754,0,2022
2022-08-21,hadapsar,0,0.0,1.0,7.379166666666666,6.276785714285714,0.20892857142857135,83,83.71428571428571,0.0,27.0,27.0,1.9,0,12,1,1,0,-0.7621140503891487,-0.6474427960827475,0,2022
2022-08-22,hadapsar,0,0.0,1.0,6.570833333333333,6.511904761904761,0.2351190476190476,84,83.71428571428571,0.0,26.1,32.8,2.5,0,12,1,1,0,-0.7731383255706026,-0.6342374393978054,0,2022
2022-08-23,hadapsar,0,0.0,1.0,6.670833333333333,6.701190476190476,0.1892857142857142,83,83.57142857142857,-0.14285714285714285,26.8,28.0,1.7,0,12,1,1,0,-0.7839338166829201,-0.620844401650647,0,2022
2022-08-24,hadapsar,0,0.0,1.0,6.658333333333334,6.911904761904762,0.21071428571428566,83,83.14285714285714,-0.42857142857142855,27.1,25.3,1.7,0,12,1,1,0,-0.7944973291665992,-0.6072676460566135,0,2022
2022-08-25,hadapsar,0,0.0,1.0,9.291666666666666,7.10952380952381,0.1976190476190478,83,83.14285714285714,0.0,28.0,19.1,2.4,0,12,1,1,0,-0.8048257371083452,-0.593511190196115,0,2022
2022-08-26,hadapsar,0,0.0,1.0,13.433333333333332,7.175,0.06547619047619031,81,83.14285714285714,0.0,28.3,19.8,1.4,0,12,1,1,0,-0.8149159841660791,-0.5795791048257612,0,2022
2022-08-27,hadapsar,0,0.0,1.0,19.054166666666667,8.125595238095238,0.9505952380952379,80,82.85714285714286,-0.2857142857142857,28.6,19.9,1.5,0,12,1,1,0,-0.8247650844733614,-0.5654755126737576,0,2022
2022-08-28,hadapsar,0,0.0,1.0,22.016666666666666,9.86547619047619,1.7398809523809524,80,82.42857142857143,-0.42857142857142855,28.9,18.1,0.1,1,12,1,1,0,-0.8343701235229538,-0.5512045872199277,0,2022
2022-08-29,hadapsar,0,0.0,1.0,32.75,11.956547619047617,2.0910714285714285,79,82.0,-0.42857142857142855,29.5,14.5,0.2,2,12,1,1,0,-0.8437282590292712,-0.5367705514607103,0,2022
2022-08-30,hadapsar,0,0.0,1.0,39.762499999999996,15.696428571428571,3.7398809523809526,81,81.28571428571429,-0.7142857142857143,30.4,12.8,5.8,0,12,1,1,0,-0.8528367217694595,-0.522177676659508,0,2022
2022-08-31,hadapsar,0,0.0,1.0,25.391666666666666,20.42380952380952,4.727380952380952,84,81.0,-0.2857142857142857,30.4,17.4,23.2,0,12,1,1,0,-0.8616928164028522,-0.5074302810827518,0,2022
2022-09-01,hadapsar,0,0.0,1.0,17.729166666666668,23.099999999999998,2.676190476190476,88,81.14285714285714,0.14285714285714285,28.8,18.6,1.5,0,12,1,1,0,-0.8702939222685674,-0.49253272872205434,0,2022
2022-09-02,hadapsar,0,0.0,1.0,19.054166666666667,24.30535714285714,1.205357142857143,83,81.85714285714286,0.7142857142857143,30.2,14.3,1.5,0,12,1,1,0,-0.8786374941610001,-0.4774894280028391,0,2022
2022-09-03,hadapsar,0,0.0,1.0,26.037499999999998,25.10833333333333,0.8029761904761907,83,82.14285714285714,0.2857142857142857,30.7,15.1,1.7,0,12,1,1,0,-0.886721063082993,-0.46230483047981086,0,2022
2022-09-04,hadapsar,0,0.0,1.0,15.833333333333334,26.105952380952377,0.9976190476190473,87,82.57142857142857,0.42857142857142855,28.4,14.2,14.4,0,12,1,1,0,-0.8945422369764496,-0.4469834295196741,0,2022
2022-09-05,hadapsar,0,0.0,1.0,17.175,25.222619047619048,-0.8833333333333331,88,83.57142857142857,1.0,26.2,13.0,1.1,0,12,1,1,0,-0.9020987014301837,-0.43152975897147144,0,2022
2022-09-06,hadapsar,0,0.0,1.0,29.458333333333332,22.99761904761905,-2.225,87,84.85714285714286,1.2857142857142858,27.9,12.6,10.9,0,12,1,1,0,-0.9093882203647925,-0.4159483918249421,0,2022
2022-09-07,hadapsar,0,0.0,1.0,18.879166666666666,21.52559523809524,-1.4720238095238092,87,85.71428571428571,0.8571428571428571,29.4,9.0,5.1,0,12,1,1,0,-0.9164086366943458,-0.4002439388573056,0,2022
2022-09-08,hadapsar,0,0.0,1.0,21.65833333333333,20.595238095238095,-0.9303571428571428,89,86.14285714285714,0.42857142857142855,27.3,10.6,13.6,0,12,1,1,0,-0.9231578729647039,-0.38442104726885545,0,2022
2022-09-09,hadapsar,0,0.0,1.0,14.4,21.15654761904762,0.5613095238095234,88,86.28571428571429,0.14285714285714285,28.9,13.9,10.1,0,12,1,1,0,-0.9296339319682695,-0.3684843993077793,0,2022
2022-09-10,hadapsar,0,0.0,1.0,17.191666666666666,20.491666666666667,-0.6648809523809524,91,87.0,0.7142857142857143,27.4,12.1,14.1,0,12,1,1,0,-0.9358348973349941,-0.35243871088460327,0,2022
2022-09-11,hadapsar,0,0.0,1.0,9.258333333333333,19.22797619047619,-1.263690476190476,87,88.14285714285714,1.1428571428571428,29.5,10.7,9.4,0,12,1,1,0,-0.9417589340994617,-0.33628873017668287,0,2022
2022-09-12,hadapsar,0,0.0,1.0,8.583333333333334,18.288690476190474,-0.9392857142857144,88,88.14285714285714,0.0,28.0,16.4,8.2,0,12,1,1,0,-0.9474042892438845,-0.32003923622313857,0,2022
2022-09-13,hadapsar,0,0.0,1.0,5.391666666666667,17.061309523809523,-1.2273809523809525,87,88.14285714285714,0.0,26.2,22.9,10.3,0,12,1,1,0,-0.9527692922168511,-0.30369503751065885,0,2022
2022-09-14,hadapsar,0,0.0,1.0,4.904166666666667,13.623214285714285,-3.438095238095238,84,88.14285714285714,0.0,27.2,28.4,2.4,0,12,1,1,0,-0.9578523554276669,-0.28726097055059635,0,2022
2022-09-15,hadapsar,0,0.0,1.0,4.279166666666667,11.626785714285713,-1.9964285714285714,84,87.71428571428571,-0.42857142857142855,27.0,33.9,2.7,0,12,1,1,0,-0.9626519747161487,-0.2707418984477642,0,2022
2022-09-16,hadapsar,0,0.0,1.0,5.133333333333334,9.14404761904762,-2.4827380952380946,86,87.0,-0.7142857142857143,26.0,29.5,2.4,0,12,1,1,0,-0.9671667297977312,-0.2541427094613622,0,2022
2022-09-17,hadapsar,0,0.0,1.0,6.7124999999999995,7.820238095238096,-1.3238095238095238,84,86.71428571428571,-0.2857142857142857,27.5,21.1,1.4,0,12,1,1,0,-0.97139528468375,-0.23746831555846842,0,2022
2022-09-18,hadapsar,0,0.0,1.0,9.174999999999999,6.323214285714286,-1.4970238095238098,84,85.71428571428571,-1.0,27.1,22.0,2.7,0,12,1,1,0,-0.9753363880767837,-0.2207236509605022,0,2022
2022-09-19,hadapsar,0,0.0,1.0,15.104166666666666,6.311309523809524,-0.011904761904761989,85,85.28571428571429,-0.42857142857142855,25.9,23.1,1.8,0,12,1,1,0,-0.9789888737409319,-0.20391367068311472,0,2022
2022-09-20,hadapsar,0,0.0,1.0,16.391666666666666,7.242857142857142,0.9315476190476188,87,84.85714285714286,-0.42857142857142855,24.1,17.1,5.2,0,12,1,1,0,-0.9823516608469237,-0.18704334906991657,0,2022
2022-09-21,hadapsar,0,0.0,1.0,17.145833333333332,8.814285714285713,1.5714285714285714,85,84.85714285714286,0.0,26.4,19.1,1.1,0,12,1,1,0,-0.9854237542919524,-0.17011767832049052,0,2022
2022-09-22,hadapsar,0,0.0,1.0,15.366666666666667,10.563095238095238,1.7488095238095236,85,85.0,0.14285714285714285,25.4,21.3,1.0,0,12,1,1,0,-0.9882042449941422,-0.15314166701312007,0,2022
2022-09-23,hadapsar,0,0.0,1.0,12.516666666666666,12.147023809523807,1.5839285714285716,82,85.14285714285714,0.14285714285714285,27.2,20.9,1.1,0,12,1,1,0,-0.9906923101615609,-0.13612033862266704,0,2022
2022-09-24,hadapsar,0,0.0,1.0,9.570833333333333,13.201785714285714,1.0547619047619046,84,84.57142857142857,-0.5714285714285714,26.9,19.2,1.0,0,12,1,1,0,-0.9928872135356962,-0.11905873003404988,0,2022
2022-09-25,hadapsar,0,0.0,1.0,14.1625,13.610119047619047,0.4083333333333333,84,84.57142857142857,0.0,27.4,15.5,3.1,0,12,1,1,0,-0.994788305609327,-0.10196189005174576,0,2022
2022-09-26,hadapsar,0,0.0,1.0,21.645833333333332,14.322619047619046,0.7125000000000001,86,84.57142857142857,0.0,26.6,12.9,3.9,0,12,1,1,0,-0.9963950238187231,-0.08483487790576538,0,2022
2022-09-27,hadapsar,0,0.0,1.0,30.304166666666664,15.257142857142854,0.9345238095238094,84,84.71428571428571,0.14285714285714285,27.4,13.5,1.2,0,12,1,1,0,-0.9977068927101168,-0.06768276175455162,0,2022
2022-09-28,hadapsar,0,0.0,1.0,30.849999999999998,17.244642857142857,1.9874999999999996,85,84.28571428571429,-0.42857142857142855,28.2,17.8,0.8,1,12,1,1,0,-0.9987235240803972,-0.050510617185222886,0,2022
2022-09-29,hadapsar,0,0.0,1.0,27.983333333333334,19.202380952380953,1.9577380952380952,88,84.28571428571429,0.0,28.1,18.0,4.4,0,12,1,1,0,-0.9994446170919858,-0.033323525711631344,0,2022
2022-09-30,hadapsar,0,0.0,1.0,38.05833333333333,21.004761904761903,1.8023809523809524,86,84.71428571428571,0.42857142857142855,29.6,15.4,8.1,0,12,1,1,0,-0.9998699583618592,-0.016126573270657762,0,2022
2022-10-01,hadapsar,0,0.0,1.0,39.43333333333333,24.65357142857143,3.6488095238095233,86,85.28571428571429,0.5714285714285714,28.7,19.4,1.9,0,12,1,1,0,-0.9999994220246925,0.001075151282798226,0,2022
2022-10-02,hadapsar,0,0.0,1.0,33.15833333333333,28.919642857142858,4.266071428571428,84,85.57142857142857,0.2857142857142857,28.9,17.1,0.7,1,12,1,1,0,-0.999832969770105,0.018276557681691223,0,2022
2022-10-03,hadapsar,0,0.0,1.0,30.3125,31.633333333333333,2.7136904761904757,79,85.57142857142857,0.0,28.4,12.3,0.1,2,12,1,1,0,-0.9993706508539969,0.03547255575312556,0,2022
2022-10-04,hadapsar,0,0.0,1.0,33.1625,32.87142857142857,1.2380952380952384,81,84.57142857142857,-1.0,29.6,11.7,0.9,3,12,1,1,0,-0.9986126020839734,0.052658056924614005,0,2022
2022-10-05,hadapsar,0,0.0,1.0,34.2875,33.279761904761905,0.408333333333334,78,84.14285714285714,-0.42857142857142855,29.6,18.8,0.3,4,12,1,1,0,-0.9975590477788613,0.06982797572987089,0,2022
2022-10-06,hadapsar,0,0.0,1.0,26.045833333333334,33.770833333333336,0.4910714285714291,80,83.14285714285714,-1.0,29.1,17.3,12.1,0,12,1,1,0,-0.9962102997023297,0.0869772313136861,0,2022
2022-10-07,hadapsar,0,0.0,1.0,8.479166666666666,33.49404761904761,-0.2767857142857143,86,82.0,-1.1428571428571428,26.8,18.0,8.8,0,12,1,1,0,-0.9945667569706337,0.1041007489354256,0,2022
2022-10-08,hadapsar,0,0.0,1.0,11.529166666666667,29.26845238095238,-4.225595238095238,83,82.0,0.0,26.8,21.3,1.5,0,12,1,1,0,-0.9926289059345095,0.121193461470736,0,2022
2022-10-09,hadapsar,0,0.0,1.0,22.212500000000002,25.282142857142855,-3.986309523809523,80,81.57142857142857,-0.42857142857142855,30.0,11.6,0.0,1,12,1,1,0,-0.9903973200352558,0.1382503109109819,0,2022
2022-10-10,hadapsar,0,0.0,1.0,34.84583333333333,23.71845238095238,-1.5636904761904755,88,81.0,-0.5714285714285714,27.9,9.1,1.6,0,12,1,1,0,-0.9878726596350429,0.15526624985999563,0,2022
2022-10-11,hadapsar,0,0.0,1.0,18.979166666666668,24.366071428571427,0.6476190476190473,88,82.28571428571429,1.2857142857142858,28.5,10.5,7.5,0,12,1,1,0,-0.9850556718215013,0.172236243027682,0,2022
2022-10-12,hadapsar,0,0.0,1.0,14.245833333333332,22.339880952380952,-2.026190476190476,89,83.28571428571429,1.0,27.8,10.9,17.3,0,12,1,1,0,-0.981947190186646,0.18915526872004093,0,2022
2022-10-13,hadapsar,0,0.0,1.0,14.579166666666666,19.476785714285715,-2.8630952380952386,88,84.85714285714286,1.5714285714285714,27.8,13.5,10.6,0,12,1,1,0,-0.9785481345802031,0.20601832032517084,0,2022
2022-10-14,hadapsar,0,0.0,1.0,14.299999999999999,17.838690476190475,-1.6380952380952383,88,86.0,1.1428571428571428,27.4,17.5,6.9,0,12,1,1,0,-0.9748595108374125,0.22282040779479959,0,2022
2022-10-15,hadapsar,0,0.0,1.0,23.15416666666667,18.670238095238094,0.831547619047619,82,86.28571428571429,0.2857142857142857,28.2,17.6,0.1,1,12,1,1,0,-0.9708824104813836,0.23955655912092708,0,2022
2022-10-16,hadapsar,0,0.0,1.0,27.15833333333333,20.33095238095238,1.660714285714286,82,86.14285714285714,-0.14285714285714285,27.8,16.2,17.2,0,12,1,1,0,-0.9666180104000972,0.2562218218071163,0,2022
2022-10-17,hadapsar,0,0.0,1.0,12.512500000000001,21.037499999999998,0.7065476190476184,88,86.42857142857143,0.2857142857142857,28.3,16.3,18.0,0,12,1,1,0,-0.9620675724981452,0.27281126433401914,0,2022
2022-10-18,hadapsar,0,0.0,1.0,23.520833333333332,17.847023809523808,-3.19047619047619,90,86.42857142857143,0.0,27.8,6.7,15.3,0,12,1,1,0,-0.957232443323312,0.28931997761869527,0,2022
2022-10-19,hadapsar,0,0.0,1.0,29.145833333333332,18.495833333333334,0.6488095238095235,88,86.71428571428571,0.2857142857142857,28.2,9.8,6.2,0,12,1,1,0,-0.9521140536681102,0.3057430764672831,0,2022
2022-10-20,hadapsar,0,0.0,1.0,19.166666666666668,20.624404761904763,2.1285714285714286,87,86.57142857142857,-0.14285714285714285,27.5,11.8,0.5,1,12,1,1,0,-0.9467139181463862,0.3220757010206104,0,2022
2022-10-21,hadapsar,0,0.0,1.0,20.695833333333333,21.2797619047619,0.6553571428571432,88,86.42857142857143,-0.14285714285714285,26.7,14.0,1.7,0,12,1,1,0,-0.9410336347451197,0.3383130181923076,0,2022
2022-10-22,hadapsar,0,0.0,1.0,24.316666666666666,22.193452380952383,0.9136904761904763,78,86.42857142857143,0.0,27.9,16.2,0.0,1,12,1,1,0,-0.9350748843515574,0.3544502230989869,0,2022
2022-10-23,hadapsar,0,0.0,1.0,31.370833333333334,22.35952380952381,0.16607142857142826,68,85.85714285714286,-0.5714285714285714,27.5,13.6,0.0,2,12,1,1,0,-0.9288394302558068,0.3704825404820963,0,2022
2022-10-24,hadapsar,0,0.0,1.0,42.65833333333333,22.961309523809526,0.6017857142857146,62,83.85714285714286,-2.0,27.6,10.6,0.0,3,12,1,1,1,-0.9223291176290545,0.3864052261209853,0,2022
2022-10-25,hadapsar,0,0.0,1.0,50.40833333333333,27.267857142857142,4.306547619047619,62,80.14285714285714,-3.7142857142857144,28.1,8.8,0.0,4,12,1,1,1,-0.9155458729775467,0.40221356823680365,0,2022
2022-10-26,hadapsar,0,0.0,1.0,53.44583333333333,31.10892857142857,3.8410714285714285,66,76.14285714285714,-4.0,27.4,12.7,0.0,5,12,1,1,1,-0.9084917035725082,0.41790288888678667,0,2022
2022-10-27,hadapsar,0,0.0,1.0,40.44583333333333,34.580357142857146,3.4714285714285715,63,73.0,-3.142857142857143,27.1,14.4,0.0,6,12,1,1,1,-0.9011686968561569,0.4334685453485363,0,2022
2022-10-28,hadapsar,0,0.0,1.0,39.612500000000004,37.6202380952381,3.039880952380952,60,69.57142857142857,-3.4285714285714284,27.1,17.1,0.0,7,12,1,1,1,-0.8935790198239952,0.4489059314938798,0,2022
2022-10-29,hadapsar,0,0.0,1.0,33.13333333333333,40.32261904761905,2.702380952380953,60,65.57142857142857,-4.0,27.8,17.0,0.0,8,12,1,1,1,-0.8857249183835637,0.4642104791518923,0,2022
2022-10-30,hadapsar,0,0.0,1.0,34.4375,41.58214285714286,1.2595238095238095,59,63.0,-2.5714285714285716,27.7,17.3,0.0,9,12,1,1,1,-0.8776087166898392,0.4793776594606945,0,2022
2022-10-31,hadapsar,0,0.0,1.0,51.145833333333336,42.02023809523809,0.43809523809523804,57,61.714285714285715,-1.2857142857142858,27.2,13.6,0.0,10,12,1,1,0,-0.8692328164574792,0.49440298420761813,0,2022
2022-11-01,hadapsar,0,0.0,1.0,50.041666666666664,43.2327380952381,1.2125000000000006,61,61.0,-0.7142857142857143,27.5,14.5,0.0,11,12,1,1,0,-0.8605996962501181,0.5092820071573356,0,2022
2022-11-02,hadapsar,0,0.0,1.0,48.0875,43.18035714285715,-0.05238095238095245,66,60.857142857142854,-0.14285714285714285,28.9,13.4,0.0,12,12,1,1,0,-0.8517119107469189,0.5240103253675756,0,2022
2022-11-03,hadapsar,0,0.0,1.0,37.895833333333336,42.41488095238095,-0.7654761904761906,58,60.857142857142854,0.0,29.6,16.9,0.0,13,12,1,1,0,-0.8425720899866032,0.5385835804920232,0,2022
2022-11-04,hadapsar,0,0.0,1.0,35.63333333333333,42.05059523809524,-0.3642857142857139,60,60.142857142857146,-0.7142857142857143,29.4,16.6,0.0,14,12,1,1,0,-0.8331829385891785,0.5529974600700271,0,2022
2022-11-05,hadapsar,0,0.0,1.0,35.67916666666667,41.482142857142854,-0.5684523809523816,56,60.142857142857146,0.0,29.6,13.3,0.0,15,12,1,1,0,-0.8235472349556007,0.5672476988027229,0,2022
2022-11-06,hadapsar,0,0.0,1.0,35.67916666666667,41.84583333333334,0.36369047619047634,53,59.57142857142857,-0.5714285714285714,29.9,14.2,0.0,16,12,1,1,0,-0.8136678304455991,0.5813300798152042,0,2022
2022-11-07,hadapsar,0,0.0,1.0,44.25416666666666,42.02321428571429,0.17738095238095244,51,58.714285714285715,-0.8571428571428571,29.8,10.1,0.0,17,12,1,1,0,-0.8035476485339116,0.5952404359043674,0,2022
2022-11-08,hadapsar,0,0.0,1.0,51.69583333333333,41.038690476190474,-0.9845238095238104,53,57.857142857142854,-0.8571428571428571,29.9,10.2,0.0,18,12,1,1,0,-0.7931896839451843,0.6089746507720486,0,2022
2022-11-09,hadapsar,0,0.0,1.0,49.99166666666667,41.275,0.23630952380952408,51,56.714285714285715,-1.1428571428571428,29.9,14.0,0.0,19,12,1,1,0,-0.7825970017677834,0.6225286602431057,0,2022
2022-11-10,hadapsar,0,0.0,1.0,40.90833333333333,41.54702380952381,0.2720238095238098,50,54.57142857142857,-2.142857142857143,29.4,20.7,0.0,20,12,1,1,0,-0.7717727365467836,0.6358984534680745,0,2022
2022-11-11,hadapsar,0,0.0,1.0,44.15833333333333,41.977380952380955,0.43035714285714227,54,53.42857142857143,-1.1428571428571428,29.8,20.6,0.0,21,12,1,1,0,-0.7607200913564104,0.6490800741100398,0,2022
2022-11-12,hadapsar,0,0.0,1.0,51.76666666666667,43.195238095238096,1.2178571428571427,58,52.57142857142857,-0.8571428571428571,29.5,18.4,0.0,22,12,1,1,0,-0.7494423368521954,0.6620696215153815,0,2022
2022-11-13,hadapsar,0,0.0,1.0,58.52916666666667,45.49345238095238,2.2982142857142867,57,52.857142857142854,0.2857142857142857,29.5,15.5,0.0,23,12,1,1,0,-0.7379428103031386,0.6748632518680403,0,2022
2022-11-14,hadapsar,0,0.0,1.0,55.975,48.757738095238096,3.2642857142857147,60,53.42857142857143,0.5714285714285714,30.4,12.7,0.0,24,12,1,1,0,-0.7262249146041543,0.6874571793269664,0,2022
2022-11-15,hadapsar,0,0.0,1.0,61.07083333333333,50.432142857142864,1.6744047619047626,57,54.714285714285715,1.2857142857142858,29.8,9.2,0.0,25,12,1,1,0,-0.7142921172691032,0.699847677146407,0,2022
2022-11-16,hadapsar,0,0.0,1.0,56.55833333333334,51.77142857142858,1.3392857142857142,56,55.285714285714285,0.5714285714285714,28.6,9.5,0.0,26,12,1,1,0,-0.7021479494046978,0.7120310787787131,0,2022
2022-11-17,hadapsar,0,0.0,1.0,50.074999999999996,52.709523809523816,0.9380952380952385,52,56.0,0.7142857142857143,29.0,12.7,0.0,27,12,1,1,0,-0.6897960046655887,0.7240037789593305,0,2022
2022-11-18,hadapsar,0,0.0,1.0,41.4375,54.01904761904762,1.309523809523809,48,56.285714285714285,0.2857142857142857,28.1,13.6,0.0,28,12,1,1,0,-0.6772399381909491,0.7357622347736527,0,2022
2022-11-19,hadapsar,0,0.0,1.0,51.416666666666664,53.63035714285714,-0.3886904761904759,48,55.42857142857143,-0.8571428571428571,27.2,12.2,0.0,29,12,1,1,0,-0.6644834655228552,0.7473029667054296,0,2022
2022-11-20,hadapsar,0,0.0,1.0,44.94583333333333,53.580357142857146,-0.05000000000000122,47,54.0,-1.4285714285714286,26.4,13.7,0.0,30,12,1,1,0,-0.6515303615068021,0.75862255966641,0,2022
2022-11-21,hadapsar,0,0.0,1.0,45.020833333333336,51.639880952380956,-1.940476190476191,47,52.57142857142857,-1.4285714285714286,26.7,11.5,0.0,31,12,1,1,0,-0.6383844591746642,0.7697176640069211,0,2022
2022-11-22,hadapsar,0,0.0,1.0,54.275,50.074999999999996,-1.5648809523809522,51,50.714285714285715,-1.8571428571428572,28.5,10.2,0.0,32,12,1,1,0,-0.6250496486104377,0.7805849965070866,0,2022
2022-11-23,hadapsar,0,0.0,1.0,55.74583333333334,49.104166666666664,-0.9708333333333334,53,49.857142857142854,-0.8571428571428571,29.4,12.6,0.0,33,12,1,1,0,-0.6115298757991053,0.7912213413483807,0,2022
2022-11-24,hadapsar,0,0.0,1.0,59.550000000000004,48.988095238095234,-0.11607142857142858,55,49.42857142857143,-0.42857142857142855,29.9,11.4,0.0,34,12,1,1,0,-0.5978291414589552,0.801623551065242,0,2022
2022-11-25,hadapsar,0,0.0,1.0,58.487500000000004,50.34166666666666,1.3535714285714298,58,49.857142857142854,0.42857142857142855,30.3,10.1,0.1,35,12,1,1,0,-0.5839514998576998,0.8117885474764613,0,2022
2022-11-26,hadapsar,0,0.0,1.0,74.425,52.77738095238095,2.4357142857142864,63,51.285714285714285,1.4285714285714286,30.1,13.4,0.0,36,12,1,1,0,-0.5699010576127624,0.8217133225960589,0,2022
2022-11-27,hadapsar,0,0.0,1.0,93.62916666666666,56.06428571428571,3.2869047619047618,66,53.42857142857143,2.142857142857143,30.3,11.2,0.0,37,12,1,1,0,-0.5556819724760489,0.8313949395234058,0,2022
2022-11-28,hadapsar,0,0.0,1.0,61.90833333333333,63.01904761904762,6.954761904761904,63,56.142857142857146,2.7142857142857144,30.0,14.0,0.0,38,12,1,1,0,-0.5412984521036173,0.8408305333122887,0,2022
2022-11-29,hadapsar,0,0.0,1.0,54.54583333333333,65.43154761904762,2.412499999999999,55,58.42857142857143,2.2857142857142856,30.5,11.8,0.0,39,12,1,1,0,-0.5267547528105542,0.8500173118187018,0,2022
2022-11-30,hadapsar,0,0.0,1.0,51.800000000000004,65.4702380952381,0.03869047619047551,53,59.0,0.5714285714285714,29.3,11.2,0.0,40,12,1,1,0,-0.5120551783114646,0.8589525565270845,0,2022
2022-12-01,hadapsar,0,0.0,1.0,45.800000000000004,64.90654761904763,-0.5636904761904761,46,59.0,0.0,28.8,10.8,0.0,41,12,1,1,0,-0.4972040784469378,0.8676336233547726,0,2022
2022-12-02,hadapsar,0,0.0,1.0,66.075,62.94226190476191,-1.9642857142857142,51,57.714285714285715,-1.2857142857142858,30.0,9.4,0.0,42,12,1,1,0,-0.4822058478963526,0.8760579434344281,0,2022
2022-12-03,hadapsar,0,0.0,1.0,87.325,64.02619047619048,1.0839285714285711,58,56.714285714285715,-1.0,30.9,8.5,0.0,43,12,1,1,0,-0.46706492487743034,0.8842230238742036,0,2022
2022-12-04,hadapsar,0,1.0,1.0,84.7625,65.86904761904762,1.8428571428571436,69,56.0,-0.7142857142857143,30.0,13.0,0.0,44,12,1,1,0,-0.451785789832884,0.8921264484954345,1,2022
2022-12-05,hadapsar,1,1.0,1.0,76.45833333333333,64.60238095238095,-1.2666666666666657,66,56.42857142857143,0.42857142857142855,29.7,12.1,0.0,45,12,1,1,0,-0.4363729641045924,0.8997658785476209,1,2022
2022-12-06,hadapsar,0,0.0,1.0,68.6125,66.68095238095239,2.0785714285714283,59,56.857142857142854,0.42857142857142855,30.0,12.9,0.0,46,12,1,1,0,-0.42083100859565564,0.9071390534005044,0,2022
2022-12-07,hadapsar,0,0.0,1.0,62.699999999999996,68.69047619047619,2.00952380952381,59,57.42857142857143,0.5714285714285714,29.9,12.2,0.0,47,12,1,1,0,-0.4051645224207563,0.9142437912130223,0,2022
2022-12-08,hadapsar,0,0.0,1.0,74.49166666666666,70.24761904761905,1.5571428571428558,59,58.285714285714285,0.8571428571428571,29.2,10.5,0.0,48,12,1,1,0,-0.3893781415452015,0.9210779895789526,0,2022
2022-12-09,hadapsar,0,0.0,1.0,38.46666666666667,74.34642857142856,4.098809523809522,45,60.142857142857146,1.8571428571428572,27.9,14.8,0.0,49,12,1,1,0,-0.37347653741307074,0.9276396261490467,0,2022
2022-12-10,hadapsar,0,0.0,1.0,34.920833333333334,70.40238095238095,-3.9440476190476192,44,59.285714285714285,-0.8571428571428571,29.0,8.6,0.0,50,12,1,1,0,-0.3574644155648614,0.9339267592294762,0,2022
2022-12-11,hadapsar,0,0.0,1.0,35.270833333333336,62.916071428571435,-7.486309523809524,60,57.285714285714285,-2.0,29.5,16.9,0.1,51,12,1,1,0,-0.34134651424503615,0.9399375283564133,0,2022
2022-12-12,hadapsar,0,0.0,1.0,22.233333333333334,55.845833333333324,-7.070238095238095,74,56.0,-1.2857142857142858,28.3,16.7,0.2,52,12,1,1,0,-0.3251276029999093,0.9456701548465688,0,2022
2022-12-13,hadapsar,0,1.0,1.0,12.0625,48.09940476190476,-7.746428571428571,76,57.142857142857146,1.1428571428571428,27.8,22.3,0.2,53,12,1,1,0,-0.30881248126625377,0.9511229423235357,1,2022
2022-12-14,hadapsar,1,1.0,1.0,0.8083333333333332,40.020833333333336,-8.078571428571427,69,59.57142857142857,2.4285714285714284,29.5,20.0,0.0,54,12,1,1,0,-0.29240597695107734,0.9562942772197719,1,2022
2022-12-15,hadapsar,0,0.0,1.0,0.7166666666666667,31.17916666666667,-8.841666666666667,67,61.0,1.4285714285714286,29.2,15.5,0.0,55,12,1,1,0,-0.27591294500296043,0.9611826292540837,0,2022
2022-12-16,hadapsar,0,0.0,1.0,21.8875,20.639880952380956,-10.539285714285713,63,62.142857142857146,1.1428571428571428,30.8,10.5,0.0,56,12,1,1,0,-0.2593382659754056,0.9657865518844574,0,2022
2022-12-17,hadapsar,0,0.0,1.0,35.5625,18.271428571428572,-2.368452380952381,61,64.71428571428571,2.5714285714285716,30.0,13.0,0.0,57,12,1,1,0,-0.2426868445825954,0.9701046827361175,0,2022
2022-12-18,hadapsar,0,0.0,1.0,32.949999999999996,18.36309523809524,0.09166666666666654,56,67.14285714285714,2.4285714285714284,30.7,11.5,0.0,58,12,1,1,0,-0.22596360824801906,0.974135744004672,0,2022
2022-12-19,hadapsar,0,0.0,1.0,26.849999999999998,18.03154761904762,-0.33154761904762,52,66.57142857142857,-0.5714285714285714,29.6,10.5,0.0,59,12,1,1,0,-0.20917350564635637,0.9778785428342386,0,2022
2022-12-20,hadapsar,0,0.0,1.0,34.34166666666667,18.69107142857143,0.6595238095238091,46,63.42857142857143,-3.142857142857143,30.1,12.7,0.0,60,12,1,1,0,-0.19232150523909483,0.9813319716704275,0,2022
2022-12-21,hadapsar,0,0.0,1.0,43.37083333333334,21.873809523809523,3.1827380952380957,44,59.142857142857146,-4.285714285714286,30.6,8.6,0.0,61,12,1,1,0,-0.17541259380427843,0.9844950085880858,0,2022
2022-12-22,hadapsar,0,0.0,1.0,52.48333333333333,27.95416666666667,6.080357142857144,48,55.57142857142857,-3.5714285714285716,30.5,9.0,0.0,62,12,1,1,0,-0.15845177496083632,0.9873667175937016,0,2022
2022-12-23,hadapsar,0,0.0,1.0,61.0,35.34940476190476,7.395238095238094,51,52.857142857142854,-2.7142857142857144,30.9,11.6,0.0,63,12,1,1,0,-0.14144406768794202,0.9899462489023779,0,2022
2022-12-24,hadapsar,0,0.0,1.0,55.17083333333333,40.93690476190476,5.5874999999999995,48,51.142857142857146,-1.7142857142857142,30.7,13.0,0.0,64,12,1,1,0,-0.12439450483979998,0.9922328391893008,0,2022
2022-12-25,hadapsar,0,0.0,1.0,51.99583333333334,43.73809523809524,2.801190476190475,44,49.285714285714285,-1.8571428571428572,30.5,12.7,0.0,65,12,1,1,0,-0.10730813165636247,0.9942258118156161,0,2022
2022-12-26,hadapsar,0,0.0,1.0,54.166666666666664,46.45892857142858,2.7208333333333345,50,47.57142857142857,-1.7142857142857142,30.6,15.5,0.0,66,12,1,1,0,-0.09019000427034513,0.9959245770286599,0,2022
2022-12-27,hadapsar,0,0.0,1.0,52.833333333333336,50.36130952380952,3.9023809523809523,56,47.285714285714285,-0.2857142857142857,31.1,10.9,0.0,67,12,1,1,0,-0.07304518821104743,0.9973286321364752,0,2022
2022-12-28,hadapsar,0,0.0,1.0,53.11666666666667,53.0029761904762,2.6416666666666666,53,48.714285714285715,1.4285714285714286,30.9,11.7,0.0,68,12,1,1,0,-0.05587875690537313,0.9984375616565666,0,2022
2022-12-29,hadapsar,0,0.0,1.0,51.699999999999996,54.39523809523809,1.3922619047619043,50,50.0,1.2857142857142858,30.6,10.2,0.0,69,12,1,1,0,-0.03869579017652689,0.9992510374388481,0,2022
2022-12-30,hadapsar,0,0.0,1.0,56.050000000000004,54.28333333333334,-0.11190476190476163,48,50.285714285714285,0.2857142857142857,30.3,14.8,0.0,70,12,1,1,0,-0.021501372740813793,0.999768818762748,0,2022
2022-12-31,hadapsar,0,0.0,1.0,59.05416666666667,53.57619047619048,-0.7071428571428565,51,49.857142857142854,-0.42857142857142855,30.4,13.4,0.0,71,12,1,1,0,-0.004300592702981974,0.9999907524084426,0,2022
2023-01-01,hadapsar,0,0.0,1.0,58.13333333333333,54.13095238095237,0.5547619047619057,54,50.285714285714285,0.42857142857142855,30.3,10.5,0.0,72,12,1,1,0,0.017201575418260506,0.9998520419557735,0,2023
2023-01-02,hadapsar,0,0.0,1.0,50.59166666666667,55.007738095238096,0.8767857142857137,52,51.714285714285715,1.4285714285714286,29.9,8.9,0.0,73,12,1,1,0,0.03439806061360801,0.9994082116062598,0,2023
2023-01-03,hadapsar,0,0.0,1.0,58.958333333333336,54.49702380952381,-0.5107142857142851,52,52.0,0.2857142857142857,30.4,13.7,0.0,74,12,1,1,0,0.051584366869408364,0.9986686402879997,0,2023
2023-01-04,hadapsar,0,0.0,1.0,62.375,55.3720238095238,0.875,59,51.42857142857143,-0.5714285714285714,29.8,11.3,0.0,75,12,1,1,0,0.06875540848113941,0.9976335468520451,0,2023
2023-01-05,hadapsar,0,0.0,1.0,59.4125,56.69464285714285,1.3226190476190476,59,52.285714285714285,0.8571428571428571,29.3,14.3,0.0,76,12,1,1,0,0.08590610426133272,0.9963032375991965,0,2023
2023-01-06,hadapsar,0,0.0,1.0,41.170833333333334,57.79642857142857,1.101785714285715,61,53.57142857142857,1.2857142857142858,28.7,18.3,0.0,77,12,1,1,0,0.10303137904317879,0.9946781061893646,0,2023
2023-01-07,hadapsar,0,0.0,1.0,86.4375,55.670833333333334,-2.1255952380952388,66,55.42857142857143,1.8571428571428572,28.1,15.9,0.0,78,12,1,1,0,0.1201261651823505,0.9927586335250793,0,2023
2023-01-08,hadapsar,0,0.0,1.0,59.5875,59.58273809523809,3.9119047619047618,56,57.57142857142857,2.142857142857143,27.3,9.7,0.0,79,12,1,1,0,0.13718540405660057,0.9905453876091833,0,2023
2023-01-09,hadapsar,0,0.0,1.0,35.449999999999996,59.790476190476184,0.2077380952380951,40,57.857142857142854,0.2857142857142857,27.5,9.8,0.0,80,12,1,1,0,0.1542040475626894,0.988039023376751,0,2023
2023-01-10,hadapsar,0,0.0,1.0,39.84166666666667,57.62738095238095,-2.163095238095239,35,56.142857142857146,-1.7142857142857142,28.5,11.3,0.0,81,12,1,1,0,0.17117705961019986,0.985240282501282,0,2023
2023-01-11,hadapsar,0,0.0,1.0,48.0,54.896428571428565,-2.730952380952381,38,53.714285714285715,-2.4285714285714284,30.0,12.2,0.0,82,12,1,1,0,0.18809941761179758,0.9821499931752291,0,2023
2023-01-12,hadapsar,0,0.0,1.0,55.55833333333334,52.84285714285714,-2.0535714285714284,40,50.714285714285715,-3.0,29.7,13.4,0.0,83,12,1,1,0,0.20496611396949532,0.9787690698649216,0,2023
2023-01-13,hadapsar,0,0.0,1.0,43.36666666666667,52.29226190476191,-0.5505952380952378,58,48.0,-2.7142857142857144,29.3,13.4,0.0,84,12,1,1,0,0.22177215755648186,0.975098513039961,0,2023
2023-01-14,hadapsar,0,0.0,1.0,52.637499999999996,52.60595238095238,0.31369047619047613,63,47.57142857142857,-0.42857142857142855,30.1,16.3,0.0,85,12,1,1,0,0.23851257519407648,0.9711394088771653,0,2023
2023-01-15,hadapsar,0,1.0,1.0,55.9375,47.77738095238095,-4.828571428571429,54,47.142857142857146,-0.42857142857142855,30.8,14.1,0.0,86,12,1,1,0,0.2551824131233728,0.9668929289391521,1,2023
2023-01-16,hadapsar,1,1.0,1.0,54.625,47.25595238095239,-0.5214285714285712,51,46.857142857142854,-0.2857142857142857,31.4,16.2,0.0,87,12,1,1,0,0.2717767384711357,0.9623603298276545,1,2023
2023-01-17,hadapsar,0,0.0,1.0,63.550000000000004,49.9952380952381,2.7392857142857148,52,48.42857142857143,1.5714285714285714,30.7,11.3,0.0,88,12,1,1,0,0.2882906407095177,0.9575429528116719,0,2023
2023-01-18,hadapsar,0,0.0,1.0,66.97500000000001,53.38214285714286,3.3869047619047623,45,50.857142857142854,2.4285714285714284,30.6,13.7,0.0,89,12,1,1,0,0.3047192331091634,0.9524422234305676,0,2023
2023-01-19,hadapsar,0,0.0,1.0,80.1875,56.09285714285714,2.7107142857142867,40,51.857142857142854,1.0,31.0,12.0,0.0,90,12,1,1,0,0.321057654185271,0.9470596510722283,0,2023
2023-01-20,hadapsar,0,0.0,1.0,78.58333333333333,59.61130952380953,3.51845238095238,43,51.857142857142854,0.0,30.6,15.4,0.0,91,12,1,1,0,0.3373010691361842,0.9413968285264122,0,2023
2023-01-21,hadapsar,0,0.0,1.0,62.708333333333336,64.64226190476191,5.03095238095238,45,49.714285714285715,-2.142857142857143,29.9,14.4,0.0,92,12,1,1,0,0.3534446712740877,0.9354554315134164,0,2023
2023-01-22,hadapsar,0,0.0,1.0,58.574999999999996,66.08095238095238,1.438690476190477,45,47.142857142857146,-2.5714285714285716,30.2,17.4,0.0,93,12,1,1,0,0.3694836834473831,0.9292372181882051,0,2023
2023-01-23,hadapsar,0,0.0,1.0,57.03333333333333,66.4577380952381,0.37678571428571367,49,45.857142857142854,-1.2857142857142858,29.9,13.7,0.0,94,12,1,1,0,0.38541335945432564,0.9227440286201427,0,2023
2023-01-24,hadapsar,0,0.0,1.0,65.9625,66.80178571428571,0.34404761904761877,57,45.57142857142857,-0.2857142857142857,31.3,17.4,0.0,95,12,1,1,0,0.4012289854475009,0.9159777842484877,0,2023
2023-01-25,hadapsar,0,0.0,1.0,72.94166666666666,67.14642857142857,0.34464285714285736,57,46.285714285714285,0.7142857142857143,29.4,14.0,0.4,96,12,1,1,0,0.4169258813287287,0.908940487313808,0,2023
2023-01-26,hadapsar,0,0.0,1.0,64.54166666666667,67.99880952380951,0.8523809523809506,57,48.0,1.7142857142857142,29.5,14.5,0.6,97,12,1,1,0,0.4324994021339788,0.901634220265486,0,2023
2023-01-27,hadapsar,0,0.0,1.0,45.104166666666664,65.76369047619048,-2.235119047619047,50,50.42857142857143,2.4285714285714284,30.9,15.3,0.0,98,12,1,1,0,0.44794493940789115,0.8940611451454876,0,2023
2023-01-28,hadapsar,0,0.0,1.0,32.329166666666666,60.98095238095238,-4.782738095238095,40,51.42857142857143,1.0,31.0,18.1,0.0,99,12,1,1,0,0.4632579225674917,0.88622350294858,0,2023
2023-01-29,hadapsar,0,0.0,1.0,48.62916666666666,56.64107142857143,-4.339880952380953,57,50.714285714285715,-0.7142857142857143,31.3,18.4,0.0,100,12,1,1,0,0.4784338202547012,0.8781236129591848,0,2023
2023-01-30,hadapsar,0,0.0,1.0,48.137499999999996,55.220238095238095,-1.4208333333333332,63,52.42857142857143,1.7142857142857142,30.6,11.8,0.0,101,12,1,1,0,0.49346814167723735,0.8697638720650646,0,2023
2023-01-31,hadapsar,0,0.0,1.0,50.354166666666664,53.94940476190476,-1.2708333333333337,55,54.42857142857143,2.0,30.1,15.3,0.0,102,12,1,1,0,0.5083564379375122,0.8611467540480452,0,2023
2023-02-01,hadapsar,0,0.0,1.0,54.44583333333333,51.71964285714286,-2.2297619047619057,56,54.142857142857146,-0.2857142857142857,28.9,17.1,0.0,103,12,1,1,0,0.5230943033491326,0.8522748088519838,0,2023
2023-02-02,hadapsar,0,0.0,1.0,50.00833333333333,49.077380952380956,-2.6422619047619045,52,54.0,-0.14285714285714285,30.2,17.0,0.0,104,12,1,1,0,0.5376773767406141,0.8431506618282,0,2023
2023-02-03,hadapsar,0,0.0,1.0,38.0625,47.00119047619047,-2.076190476190477,44,53.285714285714285,-0.7142857142857143,29.8,14.1,0.0,105,12,1,1,0,0.5521013427459208,0.8337770129585915,0,2023
2023-02-04,hadapsar,0,0.0,1.0,42.18333333333333,45.99523809523809,-1.0059523809523807,40,52.42857142857143,-0.8571428571428571,30.9,9.5,0.0,106,12,1,1,0,0.5663619330814524,0.8241566360566663,0,2023
2023-02-05,hadapsar,0,0.0,1.0,48.30833333333334,47.40297619047619,1.407738095238095,39,52.42857142857143,0.0,31.9,12.0,0.0,107,12,1,1,0,0.580454927809098,0.8142923779467267,0,2023
2023-02-06,hadapsar,0,0.0,1.0,64.11666666666666,47.357142857142854,-0.04583333333333225,39,49.857142857142854,-2.5714285714285716,32.8,15.5,0.0,108,12,1,1,0,0.5943761565849831,0.804187157621448,0,2023
2023-02-07,hadapsar,0,0.0,1.0,58.708333333333336,49.63988095238095,2.282738095238095,39,46.42857142857143,-3.4285714285714284,32.0,12.7,0.0,109,12,1,1,0,0.6081214998935418,0.7938439653781019,0,2023
2023-02-08,hadapsar,0,0.0,1.0,48.51666666666667,50.83333333333333,1.1934523809523816,38,44.142857142857146,-2.2857142857142856,32.1,10.7,0.0,110,12,1,1,0,0.6216868902665479,0.7832658619336791,0,2023
2023-02-09,hadapsar,0,0.0,1.0,34.87083333333333,49.98630952380952,-0.8470238095238086,34,41.57142857142857,-2.5714285714285716,33.4,9.1,0.0,111,12,1,1,0,0.6350683134867438,0.7724559775191742,0,2023
2023-02-10,hadapsar,0,0.0,1.0,49.49166666666667,47.82380952380952,-2.1625000000000005,29,39.0,-2.5714285714285716,33.5,14.7,0.0,112,12,1,1,0,0.6482618097757122,0.7614175109532997,0,2023
2023-02-11,hadapsar,0,0.0,1.0,46.00833333333333,49.45654761904762,1.6327380952380952,27,36.857142857142854,-2.142857142857143,33.9,12.9,0.0,113,12,1,1,0,0.6612634749656386,0.7501537286959042,0,2023
2023-02-12,hadapsar,0,0.0,1.0,31.108333333333334,50.00297619047619,0.5464285714285718,27,35.0,-1.8571428571428572,33.5,12.5,0.0,114,12,1,1,0,0.6740694616546161,0.7386679638813748,0,2023
2023-02-13,hadapsar,0,0.0,1.0,18.841666666666665,47.545833333333334,-2.4571428571428577,30,33.285714285714285,-1.7142857142857142,32.7,15.2,0.0,115,12,1,1,0,0.6866759803451553,0.726963615332308,0,2023
2023-02-14,hadapsar,0,0.0,1.0,25.21666666666667,41.077976190476186,-6.467857142857142,28,32.0,-1.2857142857142858,32.4,11.9,0.0,116,12,1,1,0,0.6990793005655562,0.7150441465537444,0,2023
2023-02-15,hadapsar,0,0.0,1.0,24.620833333333334,36.29345238095238,-4.78452380952381,21,30.428571428571427,-1.5714285714285714,33.3,12.5,0.0,117,12,1,1,0,0.7112757519738152,0.7029130847082615,0,2023
2023-02-16,hadapsar,0,0.0,1.0,19.895833333333332,32.87976190476191,-3.413690476190477,24,28.0,-2.4285714285714284,34.9,19.3,0.0,118,12,1,1,0,0.7232617254437388,0.6905740195722293,0,2023
2023-02-17,hadapsar,0,0.0,1.0,24.045833333333334,30.74047619047619,-2.139285714285714,24,26.571428571428573,-1.4285714285714286,34.7,16.5,0.0,119,12,1,1,0,0.7350336741329413,0.6780306024735382,0,2023
2023-02-18,hadapsar,0,0.0,1.0,21.900000000000002,27.105357142857144,-3.6351190476190474,23,25.857142857142858,-0.7142857142857143,34.0,12.5,0.0,120,12,1,1,0,0.746588114532413,0.6652865452111116,0,2023
2023-02-19,hadapsar,0,0.0,1.0,27.59166666666667,23.661309523809525,-3.444047619047619,26,25.285714285714285,-0.5714285714285714,33.6,16.9,0.0,121,12,1,1,0,0.7579216274973472,0.6523456189565257,0,2023
2023-02-20,hadapsar,0,0.0,1.0,38.9,23.15892857142857,-0.5023809523809523,29,25.142857142857142,-0.14285714285714285,34.1,13.3,0.0,122,12,1,1,0,0.7690308592589181,0.6392116531380588,0,2023
2023-02-21,hadapsar,0,0.0,1.0,66.77083333333333,26.02440476190476,2.8654761904761905,29,25.0,-0.14285714285714285,35.0,14.6,0.0,123,12,1,1,0,0.7799125224167177,0.6258885343075018,0,2023
2023-02-22,hadapsar,0,0.0,1.0,44.012499999999996,31.960714285714285,5.9363095238095225,27,25.142857142857142,0.14285714285714285,34.7,11.9,0.0,124,12,1,1,0,0.7905633969115482,0.612380204990065,0,2023
2023-02-23,hadapsar,0,0.0,1.0,42.800000000000004,34.73095238095238,2.7702380952380947,28,26.0,0.8571428571428571,34.7,14.5,0.0,125,12,1,1,0,0.8009803309782905,0.5986906625177214,0,2023
2023-02-24,hadapsar,0,0.0,1.0,46.1625,38.0029761904762,3.27202380952381,24,26.571428571428573,0.5714285714285714,34.6,17.2,0.0,126,12,1,1,0,0.8111602420785621,0.5848239578463322,0,2023
2023-02-25,hadapsar,0,0.0,1.0,48.06666666666666,41.1625,3.1595238095238094,22,26.571428571428573,0.0,34.1,12.6,0.0,127,12,1,1,0,0.8211001178128892,0.5707841943569036,0,2023
2023-02-26,hadapsar,0,0.0,1.0,41.625,44.90059523809524,3.7380952380952372,22,26.428571428571427,-0.14285714285714285,34.4,13.4,0.0,128,12,1,1,0,0.8307970168121247,0.5565755266413303,0,2023
2023-02-27,hadapsar,0,0.0,1.0,46.12916666666666,46.90535714285714,2.0047619047619043,23,25.857142857142858,-0.5714285714285714,35.3,22.1,0.0,129,12,1,1,0,0.8402480696078469,0.5422021592729844,0,2023
2023-02-28,hadapsar,0,0.0,1.0,55.78333333333333,47.93809523809524,1.032738095238095,23,25.0,-0.8571428571428571,35.3,19.7,0.0,130,12,1,1,0,0.8494504794814806,0.527668345562516,0,2023
2023-03-01,hadapsar,0,0.0,1.0,56.12916666666666,46.368452380952384,-1.5696428571428567,22,24.142857142857142,-0.8571428571428571,33.8,14.0,0.0,131,12,1,1,0,0.8584015232918917,0.512978386299228,0,2023
2023-03-02,hadapsar,0,0.0,1.0,48.1,48.09940476190476,1.730952380952381,27,23.428571428571427,-0.7142857142857143,34.2,15.7,0.0,132,12,1,1,0,0.8670985522812081,0.4981366284784055,0,2023
2023-03-03,hadapsar,0,0.0,1.0,52.42083333333333,48.85654761904762,0.7571428571428568,27,23.285714285714285,-0.14285714285714285,34.4,16.6,0.0,133,12,1,1,0,0.8755389928586302,0.4831474640149687,0,2023
2023-03-04,hadapsar,0,2.0,1.0,66.20833333333333,49.75059523809524,0.894047619047618,27,23.714285714285715,0.42857142857142855,35.6,16.5,0.0,134,12,1,1,0,0.8837203473619977,0.4680153284438345,1,2023
2023-03-05,hadapsar,2,2.0,1.0,74.05833333333334,52.342261904761905,2.5916666666666663,27,24.428571428571427,0.7142857142857143,35.5,14.9,0.0,135,12,1,1,0,0.8916401947968874,0.45274469960737107,1,2023
2023-03-06,hadapsar,0,0.0,1.0,50.88333333333333,56.97559523809524,4.633333333333334,42,25.142857142857142,0.7142857142857143,34.4,23.1,1.8,0,12,1,1,0,0.8992961915530253,0.4373400963303323,0,2023
2023-03-07,hadapsar,0,0.0,1.0,50.354166666666664,57.654761904761905,0.6791666666666671,52,27.857142857142858,2.7142857142857144,29.0,15.3,0.6,1,12,1,1,1,0.9066860720977985,0.4218060770826634,0,2023
2023-03-08,hadapsar,0,0.0,1.0,46.85,56.87916666666666,-0.7755952380952381,45,32.0,4.142857142857143,31.9,13.5,0.0,2,12,1,1,1,0.9138076496466615,0.4061472386305789,0,2023
2023-03-09,hadapsar,0,0.0,1.0,39.574999999999996,55.55357142857142,-1.3255952380952374,36,35.285714285714285,3.2857142857142856,32.6,15.8,0.0,3,12,1,1,1,0.9206588168102428,0.3903682146763026,0,2023
2023-03-10,hadapsar,0,0.0,1.0,49.10833333333333,54.33571428571429,-1.2178571428571436,33,36.57142857142857,1.2857142857142858,32.9,13.8,0.0,4,12,1,1,1,0.9272375462179537,0.374473674486883,0,2023
2023-03-11,hadapsar,0,0.0,1.0,43.56666666666666,53.8625,-0.4732142857142857,31,37.42857142857143,0.8571428571428571,34.1,18.0,0.0,5,12,1,1,1,0.9335418911179212,0.35846832151248087,0,2023
2023-03-12,hadapsar,0,0.0,1.0,62.416666666666664,50.62797619047619,-3.2345238095238096,30,38.0,0.5714285714285714,34.4,16.4,0.0,6,12,1,1,1,0.9395699859530622,0.342356891994542,0,2023
2023-03-13,hadapsar,0,0.0,1.0,52.9625,48.96488095238095,-1.663095238095239,34,38.42857142857143,0.42857142857142855,34.5,13.3,0.0,7,12,1,1,1,0.945320046913132,0.3261441535642696,0,2023
2023-03-14,hadapsar,0,0.0,1.0,62.22083333333333,49.26190476190476,0.2970238095238094,35,37.285714285714285,-1.1428571428571428,34.6,16.8,0.0,8,12,1,1,0,0.9507903724625832,0.3098349038318025,0,2023
2023-03-15,hadapsar,0,0.0,1.0,59.416666666666664,50.957142857142856,1.6952380952380952,40,34.857142857142854,-2.4285714285714284,32.7,17.3,0.0,9,12,1,1,0,0.9559793438440766,0.2934339689665273,0,2023
2023-03-16,hadapsar,0,0.0,1.0,58.020833333333336,52.75238095238095,1.7952380952380946,61,34.142857142857146,-0.7142857142857143,31.6,21.6,7.8,0,12,1,1,0,0.9608854255574977,0.27694620226893646,0,2023
2023-03-17,hadapsar,0,0.0,1.0,58.07083333333333,55.387499999999996,2.6351190476190487,60,37.714285714285715,3.5714285714285716,30.7,16.9,0.0,1,12,1,1,0,0.9655071658143364,0.2603764827344581,0,2023
2023-03-18,hadapsar,0,0.0,1.0,59.449999999999996,56.667857142857144,1.2803571428571436,57,41.57142857142857,3.857142857142857,31.0,18.9,0.0,2,12,1,1,0,0.969843196967294,0.24372971360968387,0,2023
2023-03-19,hadapsar,0,0.0,1.0,41.237500000000004,58.93690476190476,2.269047619047619,55,45.285714285714285,3.7142857142857144,31.2,23.8,0.0,3,12,1,1,0,0.9738922359149924,0.22701082094141847,0,2023
2023-03-20,hadapsar,0,0.0,1.0,20.104166666666668,55.91130952380952,-3.0255952380952373,56,48.857142857142854,3.5714285714285716,30.3,19.3,0.0,4,12,1,1,0,0.9776530844816641,0.2102247521189836,0,2023
2023-03-21,hadapsar,0,0.0,1.0,18.775000000000002,51.217261904761905,-4.694047619047619,56,52.0,3.142857142857143,30.3,18.4,0.2,5,12,1,1,0,0.981124629771712,0.19337647441020586,0,2023
2023-03-22,hadapsar,0,0.0,1.0,23.1875,45.010714285714286,-6.206547619047618,56,55.0,3.0,30.6,19.8,0.0,6,12,1,1,0,0.984305844499033,0.17647097349152166,0,2023
2023-03-23,hadapsar,0,0.0,1.0,25.974999999999998,39.83511904761905,-5.175595238095238,58,57.285714285714285,2.2857142857142856,31.6,20.9,0.0,7,12,1,1,0,0.9871957872910085,0.15951325197263655,0,2023
2023-03-24,hadapsar,0,0.0,1.0,24.766666666666666,35.25714285714286,-4.577976190476191,51,56.857142857142854,-0.42857142857142855,33.6,22.7,0.0,8,12,1,1,0,0.9897936029670716,0.14250832791617088,0,2023
2023-03-25,hadapsar,0,0.0,1.0,25.0,30.499404761904763,-4.757738095238095,48,55.57142857142857,-1.2857142857142858,34.0,22.0,0.0,9,12,1,1,0,0.992098522791769,0.12546123335273648,0,2023
2023-03-26,hadapsar,0,0.0,1.0,31.6375,25.57797619047619,-4.921428571428571,44,54.285714285714285,-1.2857142857142858,33.4,19.9,0.0,10,12,1,1,0,0.9941098647022418,0.10837701279187609,0,2023
2023-03-27,hadapsar,0,0.0,1.0,34.25,24.206547619047623,-1.371428571428572,51,52.714285714285715,-1.5714285714285714,33.6,17.3,0.0,11,12,1,1,0,0.9958270335100595,0.09126072172931188,0,2023
2023-03-28,hadapsar,0,0.0,1.0,38.204166666666666,26.22738095238095,2.020833333333333,50,52.0,-0.7142857142857143,34.0,15.6,0.0,12,12,1,1,0,0.9972495210773451,0.07411742515094437,0,2023
2023-03-29,hadapsar,0,0.0,1.0,39.87083333333333,29.002976190476186,2.775595238095238,48,51.142857142857146,-0.8571428571428571,35.7,20.9,0.0,13,12,1,1,0,0.998376906467142,0.056952196034039754,0,2023
2023-03-30,hadapsar,0,0.0,1.0,26.983333333333334,31.386309523809523,2.383333333333333,56,50.0,-1.1428571428571428,32.8,19.8,0.0,14,12,1,1,0,0.9992088560679753,0.03977011384605572,0,2023
2023-03-31,hadapsar,0,0.0,1.0,20.783333333333335,31.530357142857138,0.14404761904761948,61,49.714285714285715,-0.2857142857142857,31.4,20.6,0.0,15,12,1,1,0,0.9997451236925734,0.022576263041545485,0,2023
2023-04-01,hadapsar,0,0.0,1.0,27.129166666666666,30.961309523809526,-0.5690476190476187,51,51.142857142857146,1.4285714285714286,33.6,18.8,0.0,16,12,1,1,0,0.9999855506507186,0.005375731557583884,0,2023
2023-04-02,hadapsar,0,0.0,1.0,28.895833333333332,31.265476190476193,0.30416666666666664,56,51.57142857142857,0.42857142857142855,33.8,19.6,0.0,17,12,1,1,0,0.9999300657962057,-0.011826390691832589,0,2023
2023-04-03,hadapsar,0,0.0,1.0,29.616666666666664,30.87380952380952,-0.3916666666666667,59,53.285714285714285,1.7142857142857142,34.2,20.9,0.0,18,12,1,1,0,0.9995786855478958,-0.029025013321975237,0,2023
2023-04-04,hadapsar,0,0.0,1.0,32.354166666666664,30.21190476190476,-0.6619047619047623,54,54.42857142857143,1.1428571428571428,35.9,25.3,0.0,19,12,1,1,0,0.9989315138848577,-0.046215046983708354,0,2023
2023-04-05,hadapsar,0,0.0,1.0,37.550000000000004,29.376190476190477,-0.835714285714286,46,55.0,0.5714285714285714,36.1,21.1,0.0,20,12,1,1,0,0.9979887423155984,-0.06339140486951038,0,2023
2023-04-06,hadapsar,0,0.0,1.0,33.324999999999996,29.044642857142858,-0.331547619047618,36,54.714285714285715,-0.2857142857142857,36.3,18.5,0.0,21,12,1,1,0,0.9967506498213929,-0.08054900421874167,0,2023
2023-04-07,hadapsar,0,0.0,1.0,38.43333333333333,29.950595238095236,0.9059523809523802,44,51.857142857142854,-2.857142857142857,35.6,27.4,2.6,0,12,1,1,0,0.9952176027737294,-0.09768276782171598,0,2023
2023-04-08,hadapsar,0,0.0,1.0,39.512499999999996,32.472023809523805,2.521428571428571,61,49.42857142857143,-2.4285714285714284,32.0,24.5,1.2,0,12,1,1,0,0.9933900548258936,-0.11478762552212701,0,2023
2023-04-09,hadapsar,0,0.0,1.0,40.7875,34.24107142857142,1.7690476190476185,61,50.857142857142854,1.4285714285714286,35.0,18.9,9.5,0,12,1,1,0,0.9912685467787256,-0.13185851571739118,0,2023
2023-04-10,hadapsar,0,0.0,1.0,36.49583333333333,35.93988095238095,1.6988095238095242,55,51.57142857142857,0.7142857142857143,34.3,13.0,0.0,1,12,1,1,0,0.9888537064205885,-0.1488903868564548,0,2023
2023-04-11,hadapsar,0,0.0,1.0,38.9375,36.922619047619044,0.9827380952380952,50,51.0,-0.5714285714285714,35.9,15.8,0.0,2,12,1,1,0,0.986146248341595,-0.16587819893463143,0,2023
2023-04-12,hadapsar,0,0.0,1.0,37.166666666666664,37.86309523809524,0.9404761904761908,47,50.42857142857143,-0.5714285714285714,35.5,10.1,0.0,3,12,1,1,0,0.9831469737221499,-0.1828169249850199,0,2023
2023-04-13,hadapsar,0,0.0,1.0,37.291666666666664,37.80833333333333,-0.05476190476190571,41,50.57142857142857,0.14285714285714285,36.9,12.8,0.9,4,12,1,1,0,0.9798567700958665,-0.1997015525660636,0,2023
2023-04-14,hadapsar,0,0.0,1.0,57.145833333333336,38.375,0.566666666666667,42,51.285714285714285,0.7142857142857143,35.3,23.9,0.0,5,12,1,1,0,0.9762766110869321,-0.21652708524481437,0,2023
2023-04-15,hadapsar,0,0.0,1.0,60.762499999999996,41.04821428571428,2.6732142857142867,46,51.0,-0.2857142857142857,34.9,19.7,0.0,6,12,1,1,0,0.9724075561219968,-0.23328854407545518,0,2023
2023-04-16,hadapsar,0,0.0,1.0,59.458333333333336,44.083928571428565,3.0357142857142856,47,48.857142857142854,-2.142857142857143,36.5,18.0,0.0,7,12,1,1,0,0.9682507501166718,-0.2499809690726521,0,2023
2023-04-17,hadapsar,0,0.0,1.0,51.854166666666664,46.75119047619047,2.667261904761905,39,46.857142857142854,-2.0,36.2,10.6,0.2,8,12,1,1,0,0.9638074231367307,-0.26659942067929354,0,2023
2023-04-18,hadapsar,0,0.0,1.0,41.175000000000004,48.94523809523809,2.1940476190476192,36,44.57142857142857,-2.2857142857142856,37.9,25.8,0.0,9,12,1,1,0,0.9590788900341131,-0.28313898122818354,0,2023
2023-04-19,hadapsar,0,0.0,1.0,37.88333333333333,49.26488095238095,0.31964285714285773,31,42.57142857142857,-2.0,38.8,20.9,0.1,10,12,1,1,0,0.9540665500578387,-0.2995947563972602,0,2023
2023-04-20,hadapsar,0,0.0,1.0,53.46666666666667,49.367261904761904,0.10238095238095266,35,40.285714285714285,-2.2857142857142856,37.1,22.2,0.0,11,12,1,1,0,0.9487718864399473,-0.31596187665790293,0,2023
2023-04-21,hadapsar,0,0.0,1.0,31.9375,51.677976190476194,2.3107142857142864,33,39.42857142857143,-0.8571428571428571,35.9,21.3,0.0,12,12,1,1,0,0.9431964659565866,-0.33223549871590435,0,2023
2023-04-22,hadapsar,0,0.0,1.0,25.425,48.07678571428572,-3.6011904761904767,40,38.142857142857146,-1.2857142857142858,34.8,22.5,0.0,13,12,1,1,0,0.9373419384643772,-0.3484108069446808,0,2023
2023-04-23,hadapsar,0,0.0,1.0,25.8125,43.02857142857143,-5.048214285714285,48,37.285714285714285,-0.8571428571428571,35.9,22.5,0.0,14,12,1,1,0,0.9312100364121947,-0.3644830148102912,0,2023
2023-04-24,hadapsar,0,0.0,1.0,28.4875,38.22202380952381,-4.8065476190476195,42,37.42857142857143,0.14285714285714285,36.8,22.1,0.0,15,12,1,1,0,0.9248025743285089,-0.38044736628785164,0,2023
2023-04-25,hadapsar,0,0.0,1.0,25.962500000000002,34.88392857142857,-3.338095238095238,45,37.857142857142854,0.42857142857142855,38.2,23.5,0.0,16,12,1,1,0,0.9181214482844364,-0.39629913726891813,0,2023
2023-04-26,hadapsar,0,0.0,1.0,19.504166666666666,32.71071428571428,-2.173214285714286,57,39.142857142857146,1.2857142857142858,34.4,20.9,0.0,17,12,1,1,0,0.9111686353326631,-0.41203363695942635,0,2023
2023-04-27,hadapsar,0,0.0,1.0,25.495833333333334,30.08511904761905,-2.625595238095238,58,42.857142857142854,3.7142857142857144,34.6,16.6,0.0,18,12,1,1,0,0.9039461929224011,-0.42764620926777464,0,2023
2023-04-28,hadapsar,0,0.0,1.0,36.03333333333333,26.089285714285715,-3.9958333333333336,58,46.142857142857146,3.2857142857142856,33.9,21.7,0.8,19,12,1,1,0,0.8964562582905575,-0.44313223418263453,0,2023
2023-04-29,hadapsar,0,0.0,1.0,23.675,26.67440476190476,0.5851190476190473,57,49.714285714285715,3.5714285714285716,33.8,20.2,0.0,20,12,1,1,0,0.8887010478292915,-0.45848712914008766,0,2023
2023-04-30,hadapsar,0,0.0,1.0,24.229166666666668,26.424404761904764,-0.25,53,52.142857142857146,2.4285714285714284,34.6,27.6,0.0,21,12,1,1,0,0.8806828564301475,-0.47370635037968,0,2023
2023-05-01,hadapsar,0,0.0,1.0,18.566666666666666,26.19821428571429,-0.22619047619047603,53,52.857142857142854,0.7142857142857143,33.8,23.2,0.0,22,12,1,1,0,0.8724040568049612,-0.48878539428899265,0,2023
2023-05-02,hadapsar,0,0.0,1.0,16.845833333333335,24.78095238095238,-1.4172619047619048,57,54.42857142857143,1.5714285714285714,32.9,16.4,0.5,23,12,1,1,0,0.8638670987837349,-0.503719798736334,0,2023
2023-05-03,hadapsar,0,0.0,1.0,19.870833333333334,23.478571428571428,-1.3023809523809524,59,56.142857142857146,1.7142857142857142,32.4,20.5,0.5,24,12,1,1,0,0.8550745085896932,-0.518505144391157,0,2023
2023-05-04,hadapsar,0,0.0,1.0,26.40416666666667,23.53095238095238,0.05238095238095245,57,56.42857142857143,0.2857142857142857,34.1,16.2,0.0,25,12,1,1,0,0.8460288880917339,-0.533137056031809,0,2023
2023-05-05,hadapsar,0,0.0,1.0,35.833333333333336,23.660714285714285,0.129761904761905,57,56.285714285714285,-0.14285714285714285,34.6,22.4,0.0,26,12,1,1,0,0.8367329140344921,-0.5476112038402312,0,2023
2023-05-06,hadapsar,0,0.0,1.0,40.11666666666667,23.63214285714286,-0.028571428571427963,60,56.142857142857146,-0.14285714285714285,35.1,14.7,0.6,27,12,1,1,0,0.8271893372462497,-0.5619233046832195,0,2023
2023-05-07,hadapsar,0,0.0,1.0,45.270833333333336,25.98095238095238,2.348809523809524,63,56.57142857142857,0.42857142857142855,33.4,15.5,1.3,0,12,1,1,0,0.8174009818249189,-0.5760691233798758,0,2023
2023-05-08,hadapsar,0,0.0,1.0,49.59583333333333,28.986904761904764,3.005952380952381,69,58.0,1.4285714285714286,35.2,22.1,1.2,0,12,1,1,0,0.8073707443023492,-0.5900444739548627,0,2023
2023-05-09,hadapsar,0,0.0,1.0,54.7875,33.419642857142854,4.432738095238095,64,60.285714285714285,2.2857142857142856,36.5,13.8,0.9,1,12,1,1,0,0.7971015927871943,-0.6038452208771035,0,2023
2023-05-10,hadapsar,0,0.0,1.0,44.104166666666664,38.83988095238095,5.420238095238095,52,61.285714285714285,1.0,39.0,26.1,0.0,2,12,1,1,0,0.7865965660866021,-0.6174672802835514,0,2023
2023-05-11,hadapsar,0,0.0,1.0,38.47083333333333,42.301785714285714,3.4619047619047616,40,60.285714285714285,-1.0,40.8,20.9,0.0,3,12,1,1,0,0.7758587728069828,-0.6309066211876704,0,2023
2023-05-12,hadapsar,0,0.0,1.0,27.308333333333334,44.02559523809524,1.7238095238095232,43,57.857142857142854,-2.4285714285714284,40.8,24.8,0.0,4,12,1,1,0,0.7648913904341225,-0.6441592666722685,0,2023
2023-05-13,hadapsar,0,0.0,1.0,19.879166666666666,42.80773809523809,-1.2178571428571432,48,55.857142857142854,-2.0,37.6,26.1,0.0,5,12,1,1,0,0.753697664392914,-0.6572212950663319,0,2023
2023-05-14,hadapsar,0,0.0,1.0,13.9125,39.916666666666664,-2.8910714285714287,47,54.142857142857146,-1.7142857142857142,36.9,25.1,0.0,6,12,1,1,0,0.742280907086982,-0.6700888411055113,0,2023
2023-05-15,hadapsar,0,0.0,1.0,20.6875,35.43690476190476,-4.479761904761905,59,51.857142857142854,-2.2857142857142856,36.3,21.6,0.0,7,12,1,1,0,0.7306444969184916,-0.6827580970759147,0,2023
2023-05-16,hadapsar,0,0.0,1.0,21.758333333333336,31.307142857142853,-4.129761904761905,60,50.42857142857143,-1.4285714285714286,36.2,21.9,0.0,8,12,1,1,0,0.7187918772884232,-0.6952253139408722,0,2023
2023-05-17,hadapsar,0,0.0,1.0,21.2625,26.588690476190475,-4.718452380952381,54,49.857142857142854,-0.5714285714285714,38.2,25.5,0.0,9,12,1,1,0,0.7067265555776158,-0.7074868024503348,0,2023
2023-05-18,hadapsar,0,0.0,1.0,23.320833333333336,23.32559523809524,-3.263095238095238,53,50.142857142857146,0.2857142857142857,38.9,24.2,0.0,10,12,1,1,0,0.6944521021088763,-0.719538934232584,0,2023
2023-05-19,hadapsar,0,0.0,1.0,23.462500000000002,21.161309523809525,-2.1642857142857137,49,52.0,1.8571428571428572,39.7,26.3,0.0,11,12,1,1,0,0.6819721490904629,-0.7313781428679254,0,2023
2023-05-20,hadapsar,0,0.0,1.0,23.900000000000002,20.61190476190476,-0.5494047619047616,52,52.857142857142854,0.8571428571428571,37.7,20.5,0.0,12,12,1,1,0,0.6692903895412567,-0.7430009249440493,0,2023
2023-05-21,hadapsar,0,0.0,1.0,30.520833333333332,21.186309523809523,0.5744047619047622,57,53.42857142857143,0.5714285714285714,37.0,21.4,0.0,13,12,1,1,0,0.6564105761979381,-0.7544038410927472,0,2023
2023-05-22,hadapsar,0,0.0,1.0,25.991666666666664,23.558928571428574,2.3726190476190476,52,54.857142857142854,1.4285714285714286,38.2,22.5,0.0,14,12,1,1,0,0.6433365204044917,-0.765583517007675,0,2023
2023-05-23,hadapsar,0,0.0,1.0,30.016666666666666,24.316666666666666,0.7577380952380948,45,53.857142857142854,-1.0,39.4,27.0,0.0,15,12,1,1,0,0.6300720909843687,-0.7765366444428655,0,2023
2023-05-24,hadapsar,0,0.0,1.0,22.5,25.49642857142857,1.1797619047619041,55,51.714285714285715,-2.142857142857143,37.8,22.3,0.0,16,12,1,1,0,0.6166212130956382,-0.7872599821916922,0,2023
2023-05-25,hadapsar,0,0.0,1.0,11.504166666666668,25.673214285714288,0.17678571428571438,58,51.857142857142854,0.14285714285714285,35.4,25.1,0.0,17,12,1,1,0,0.6029878670694714,-0.7977503570459932,0,2023
2023-05-26,hadapsar,0,0.0,1.0,12.470833333333333,23.985119047619047,-1.6880952380952383,64,52.57142857142857,0.7142857142857143,34.5,24.3,1.5,0,12,1,1,0,0.5891760872322963,-0.8080046647350754,0,2023
2023-05-27,hadapsar,0,0.0,1.0,16.375,22.41488095238095,-1.5702380952380957,60,54.714285714285715,2.142857142857143,35.0,21.1,0.0,1,12,1,1,0,0.5751899607119775,-0.8180198708443174,0,2023
2023-05-28,hadapsar,0,0.0,1.0,17.483333333333334,21.339880952380952,-1.0750000000000004,57,55.857142857142854,1.1428571428571428,37.1,20.7,0.0,2,12,1,1,0,0.5610336262283677,-0.8277930117131022,0,2023
2023-05-29,hadapsar,0,0.0,1.0,22.0625,19.47738095238095,-1.8624999999999996,59,55.857142857142854,0.0,39.1,21.0,0.0,3,12,1,1,0,0.5467112728685939,-0.8373211953118121,0,2023
2023-05-30,hadapsar,0,0.0,1.0,24.370833333333334,18.916071428571428,-0.5613095238095234,54,56.857142857142854,1.0,39.2,25.7,0.0,4,12,1,1,0,0.5322271388474397,-0.8466016020976267,0,2023
2023-05-31,hadapsar,0,0.0,1.0,30.541666666666668,18.10952380952381,-0.8065476190476188,52,58.142857142857146,1.2857142857142858,39.7,21.7,0.0,5,12,1,1,0,0.5175855102531889,-0.8556314858488706,0,2023
2023-06-01,hadapsar,0,0.0,1.0,27.525000000000002,19.258333333333333,1.148809523809524,46,57.714285714285715,-0.42857142857142855,40.1,24.5,0.0,6,12,1,1,0,0.5027907197793043,-0.8644081744776648,0,2023
2023-06-02,hadapsar,0,0.0,1.0,21.0625,21.54702380952381,2.2886904761904767,57,56.0,-1.7142857142857142,36.3,21.7,0.0,7,12,1,1,0,0.4878471454423119,-0.8729290708206411,0,2023
2023-06-03,hadapsar,0,0.0,1.0,17.745833333333334,22.774404761904766,1.2273809523809525,62,55.0,-1.0,36.7,19.7,0.4,8,12,1,1,0,0.47275920928627757,-0.881191653407483,0,2023
2023-06-04,hadapsar,0,0.0,1.0,17.708333333333332,22.9702380952381,0.19583333333333336,68,55.285714285714285,0.2857142857142857,35.1,21.0,2.0,0,12,1,1,0,0.4575313760742512,-0.8891934772070711,0,2023
2023-06-05,hadapsar,0,0.0,1.0,20.075,23.00238095238095,0.03214285714285684,66,56.857142857142854,1.5714285714285714,34.8,20.7,1.1,0,12,1,1,0,0.44216815196707204,-0.8969321743510065,0,2023
2023-06-06,hadapsar,0,0.0,1.0,18.229166666666668,22.71845238095238,-0.28392857142857153,61,57.857142857142854,1.0,35.8,19.8,0.0,1,12,1,1,0,0.42667408318992467,-0.9044054548343001,0,2023
2023-06-07,hadapsar,0,0.0,1.0,15.366666666666667,21.841071428571432,-0.8773809523809523,59,58.857142857142854,1.0,36.4,22.3,0.0,2,12,1,1,0,0.4110537546870351,-0.9116111071930239,0,2023
2023-06-08,hadapsar,0,0.0,1.0,10.666666666666666,19.673214285714288,-2.167857142857143,63,59.857142857142854,1.0,36.8,22.4,0.5,3,12,1,1,0,0.3953117887649151,-0.9185469991587165,0,2023
2023-06-09,hadapsar,0,0.0,1.0,8.612499999999999,17.264880952380953,-2.4083333333333337,62,62.285714285714285,2.4285714285714284,36.8,22.4,0.1,4,12,1,1,0,0.37945284372454435,-0.925211078289358,0,2023
2023-06-10,hadapsar,0,0.0,1.0,7.395833333333333,15.486309523809522,-1.7785714285714287,63,63.0,0.7142857142857143,35.7,26.5,6.5,0,12,1,1,0,0.36348161248290634,-0.9316013725767187,0,2023
2023-06-11,hadapsar,0,0.0,1.0,9.512500000000001,14.007738095238096,-1.4785714285714289,61,63.142857142857146,0.14285714285714285,35.1,23.2,1.8,0,12,1,1,0,0.3474028211842774,-0.9377159910299093,0,2023
2023-06-12,hadapsar,0,0.0,1.0,10.116666666666667,12.83690476190476,-1.170833333333333,59,62.142857142857146,-1.0,34.7,27.1,0.0,1,12,1,1,0,0.3312212278016865,-0.9435531242349544,0,2023
2023-06-13,hadapsar,0,0.0,1.0,9.9,11.414285714285715,-1.4226190476190474,65,61.142857142857146,-1.0,33.0,28.3,2.1,0,12,1,1,0,0.31494162072895193,-0.9491110448902284,0,2023
2023-06-14,hadapsar,0,0.0,1.0,8.654166666666667,10.224404761904763,-1.1898809523809526,70,61.714285714285715,0.5714285714285714,33.2,30.6,1.4,0,12,1,1,0,0.2985688173637202,-0.9543881083175908,0,2023
2023-06-15,hadapsar,0,0.0,1.0,9.295833333333333,9.26547619047619,-0.9589285714285715,67,63.285714285714285,1.5714285714285714,33.5,26.4,0.9,1,12,1,1,0,0.2821076626819194,-0.9593827529490743,0,2023
2023-06-16,hadapsar,0,0.0,1.0,9.883333333333335,9.069642857142858,-0.19583333333333336,69,63.857142857142854,0.5714285714285714,32.0,32.4,0.0,2,12,1,1,0,0.26556302780405594,-0.9640935007889755,0,2023
2023-06-17,hadapsar,0,0.0,1.0,9.733333333333333,9.251190476190475,0.18154761904761937,69,64.85714285714286,1.0,33.0,27.7,0.2,3,12,1,1,0,0.24893980855376657,-0.9685189578512204,0,2023
2023-06-18,hadapsar,0,0.0,1.0,11.8125,9.585119047619047,0.33392857142857135,71,65.71428571428571,0.8571428571428571,33.4,27.7,1.6,0,12,1,1,0,0.23224292400907015,-0.9726578145718654,0,2023
2023-06-19,hadapsar,0,0.0,1.0,15.408333333333333,9.913690476190476,0.3285714285714284,66,67.14285714285714,1.4285714285714286,33.6,24.2,0.0,1,12,1,1,0,0.21547731504673012,-0.976508846196619,0,2023
2023-06-20,hadapsar,0,0.0,1.0,15.379166666666668,10.669642857142858,0.7559523809523808,66,68.14285714285714,1.0,33.8,24.5,0.0,2,12,1,1,0,0.19864794288017112,-0.9800709131432666,0,2023
2023-06-21,hadapsar,0,0.0,1.0,13.879166666666668,11.45238095238095,0.7827380952380955,67,68.28571428571429,0.14285714285714285,33.8,24.5,1.7,0,12,1,1,0,0.18175978759137534,-0.9833429613388902,0,2023
2023-06-22,hadapsar,0,0.0,1.0,12.325000000000001,12.198809523809524,0.7464285714285717,65,67.85714285714286,-0.42857142857142855,34.1,24.1,0.3,1,12,1,1,0,0.16481784665719793,-0.9863240225317866,0,2023
2023-06-23,hadapsar,0,0.0,1.0,8.75,12.631547619047621,0.43273809523809553,69,67.57142857142857,-0.2857142857142857,33.4,22.7,2.1,0,12,1,1,0,0.14782713347053048,-0.9890132145779883,0,2023
2023-06-24,hadapsar,0,0.0,1.0,6.029166666666666,12.469642857142858,-0.16190476190476208,74,67.57142857142857,0.0,32.3,21.6,3.6,0,12,1,1,0,0.13079267585675922,-0.9914097417023038,0,2023
2023-06-25,hadapsar,0,0.0,1.0,6.1625000000000005,11.94047619047619,-0.5291666666666667,79,68.28571428571429,0.7142857142857143,28.2,25.4,1.8,0,12,1,1,0,0.11371951458594969,-0.9935128947338007,0,2023
2023-06-26,hadapsar,0,0.0,1.0,7.383333333333333,11.133333333333335,-0.807142857142857,83,69.42857142857143,1.1428571428571428,26.1,24.6,3.7,0,12,1,1,0,0.0966127018812031,-0.9953220513156602,0,2023
2023-06-27,hadapsar,0,0.0,1.0,4.841666666666667,9.986904761904762,-1.1464285714285716,80,71.85714285714286,2.4285714285714284,28.7,22.9,1.3,0,12,1,1,0,0.07947729992362097,-0.9968366760893436,0,2023
2023-06-28,hadapsar,0,0.0,1.0,3.095833333333333,8.48154761904762,-1.505357142857143,82,73.85714285714286,2.0,28.6,27.8,8.1,0,12,1,1,0,0.062318379354325076,-0.998056320853012,0,2023
2023-06-29,hadapsar,0,0.0,1.0,2.2875,6.941071428571429,-1.5404761904761908,87,76.0,2.142857142857143,26.2,26.0,13.5,0,12,1,1,0,0.04514101777397193,-0.9989806246941579,0,2023
2023-06-30,hadapsar,0,0.0,1.0,2.129166666666667,5.507142857142858,-1.4339285714285717,86,79.14285714285714,3.142857142857143,27.0,32.0,21.3,0,12,1,1,0,0.02795029824021032,-0.999609314096404,0,2023
2023-07-01,hadapsar,0,0.0,1.0,3.775,4.561309523809524,-0.9458333333333334,83,81.57142857142857,2.4285714285714284,27.3,28.9,3.5,0,12,1,1,0,0.01075130776352193,-0.9999422030204416,0,2023
2023-07-02,hadapsar,0,0.0,1.0,3.6458333333333335,4.239285714285715,-0.32202380952380943,83,82.85714285714286,1.2857142857142858,28.3,25.4,5.3,0,12,1,1,0,-0.00645086419810515,-0.9999791929590823,0,2023
2023-07-03,hadapsar,0,0.0,1.0,4.216666666666667,3.879761904761905,-0.3595238095238096,83,83.42857142857143,0.5714285714285714,29.3,20.4,2.6,0,12,1,1,0,-0.023651127245231586,-0.9997202729664083,0,2023
2023-07-04,hadapsar,0,0.0,1.0,4.916666666666667,3.4273809523809526,-0.4523809523809523,83,83.42857142857143,0.0,29.6,19.9,1.8,0,12,1,1,0,-0.04084439154329611,-0.9991655196610109,0,2023
2023-07-05,hadapsar,0,0.0,1.0,6.0249999999999995,3.438095238095238,0.01071428571428574,84,83.85714285714286,0.42857142857142855,30.4,17.3,14.0,0,12,1,1,0,-0.05802556932878035,-0.9983150972033183,0,2023
2023-07-06,hadapsar,0,0.0,1.0,2.6041666666666665,3.8565476190476184,0.4184523809523809,85,84.14285714285714,0.2857142857142857,26.6,30.5,2.7,0,12,1,1,0,-0.07518957641475855,-0.9971692572470178,0,2023
2023-07-07,hadapsar,0,0.0,1.0,1.8541666666666667,3.9017857142857144,0.0452380952380952,85,83.85714285714286,-0.2857142857142857,27.1,26.9,23.0,0,12,1,1,0,-0.09233133369539122,-0.9957283388645872,0,2023
2023-07-08,hadapsar,0,0.0,1.0,4.095833333333333,3.8625000000000003,-0.039285714285714306,83,83.71428571428571,-0.14285714285714285,27.9,31.7,19.9,0,12,1,1,0,-0.10944576864891556,-0.993992768446958,0,2023
2023-07-09,hadapsar,0,0.0,1.0,5.245833333333334,3.9083333333333328,0.04583333333333333,82,83.71428571428571,0.0,28.6,28.8,2.4,0,12,1,1,0,-0.12652781683868314,-0.9919630595773397,0,2023
2023-07-10,hadapsar,0,0.0,1.0,6.704166666666667,4.136904761904762,0.2285714285714286,83,83.57142857142857,-0.14285714285714285,27.6,27.1,1.4,0,12,1,1,0,-0.1435724234118113,-0.9896398128792412,0,2023
2023-07-11,hadapsar,0,0.0,1.0,6.870833333333334,4.492261904761905,0.3553571428571428,80,83.57142857142857,0.0,28.6,24.8,0.4,1,12,1,1,0,-0.16057454459499376,-0.9870237158387383,0,2023
2023-07-12,hadapsar,0,0.0,1.0,6.804166666666667,4.771428571428571,0.2791666666666667,85,83.14285714285714,-0.42857142857142855,26.7,19.6,9.1,0,12,1,1,0,-0.17752914918703497,-0.984115542601034,0,2023
2023-07-13,hadapsar,0,0.0,1.0,5.004166666666666,4.882738095238095,0.11130952380952396,82,83.28571428571429,0.14285714285714285,28.6,22.0,2.2,0,12,1,1,0,-0.19443122004766195,-0.9809161537413774,0,2023
2023-07-14,hadapsar,0,0.0,1.0,3.1458333333333335,5.225595238095238,0.34285714285714286,84,82.85714285714286,-0.42857142857142855,28.5,26.8,6.5,0,12,1,1,0,-0.2112757555821793,-0.9774264960104055,0,2023
2023-07-15,hadapsar,0,0.0,1.0,5.1125,5.410119047619048,0.18452380952380953,83,82.71428571428571,-0.14285714285714285,27.9,28.4,1.7,0,12,1,1,0,-0.2280577712215198,-0.9736476020539838,0,2023
2023-07-16,hadapsar,0,0.0,1.0,4.108333333333333,5.555357142857142,0.14523809523809522,82,82.71428571428571,0.0,28.2,25.3,3.8,0,12,1,1,0,-0.24477230089725957,-0.9695805901076308,0,2023
2023-07-17,hadapsar,0,0.0,1.0,2.5458333333333334,5.392857142857143,-0.16250000000000003,83,82.71428571428571,0.0,27.1,27.5,2.4,0,12,1,1,0,-0.2614143985111562,-0.965226663665613,0,2023
2023-07-18,hadapsar,0,0.0,1.0,2.0500000000000003,4.798809523809524,-0.594047619047619,87,82.71428571428571,0.0,25.6,34.2,11.6,0,12,1,1,0,-0.2779791393987801,-0.9605871111248129,0,2023
2023-07-19,hadapsar,0,0.0,1.0,2.470833333333333,4.1101190476190474,-0.6886904761904761,89,83.71428571428571,1.0,25.5,30.2,27.6,0,12,1,1,0,-0.2944616217868012,-0.9556633054034704,0,2023
2023-07-20,hadapsar,0,0.0,1.0,2.7458333333333336,3.4910714285714284,-0.6190476190476192,85,84.28571428571429,0.5714285714285714,27.3,34.6,2.2,0,12,1,1,0,-0.3108569682435036,-0.9504567035349151,0,2023
2023-07-21,hadapsar,0,0.0,1.0,2.5458333333333334,3.1684523809523806,-0.3226190476190475,86,84.71428571428571,0.42857142857142855,27.0,27.4,9.5,0,12,1,1,0,-0.3271603271220951,-0.9449688462364056,0,2023
2023-07-22,hadapsar,0,0.0,1.0,2.1708333333333334,3.082738095238095,-0.08571428571428573,86,85.0,0.2857142857142857,27.6,31.1,9.4,0,12,1,1,0,-0.34336687399638804,-0.939201357453208,0,2023
2023-07-23,hadapsar,0,0.0,1.0,1.7125000000000001,2.6625000000000005,-0.4202380952380952,86,85.42857142857143,0.42857142857142855,26.5,30.7,8.4,0,12,1,1,0,-0.3594718130884232,-0.9331559438780432,0,2023
2023-07-24,hadapsar,0,0.0,1.0,2.5083333333333333,2.3202380952380954,-0.3422619047619047,85,86.0,0.5714285714285714,26.9,30.0,6.4,0,12,1,1,0,-0.3754703786876202,-0.9268343944460494,0,2023
2023-07-25,hadapsar,0,0.0,1.0,1.9708333333333332,2.3148809523809524,-0.00535714285714287,86,86.28571428571429,0.2857142857142857,26.2,25.8,6.9,0,12,1,1,0,-0.3913578365610259,-0.9202385798054075,0,2023
2023-07-26,hadapsar,0,0.0,1.0,2.7416666666666667,2.3035714285714284,-0.011309523809523865,87,86.14285714285714,-0.14285714285714285,25.8,27.1,6.7,0,12,1,1,0,-0.4071294853542516,-0.9133704517637858,0,2023
2023-07-27,hadapsar,0,0.0,1.0,2.3958333333333335,2.3422619047619047,0.03869047619047621,88,85.85714285714286,-0.2857142857142857,25.2,27.8,24.0,0,12,1,1,0,-0.4227806579826773,-0.9062320427107697,0,2023
2023-07-28,hadapsar,0,0.0,1.0,1.8166666666666667,2.292261904761905,-0.05000000000000001,87,86.28571428571429,0.42857142857142855,26.5,29.9,7.9,0,12,1,1,0,-0.4383067230125192,-0.898825465016444,0,2023
2023-07-29,hadapsar,0,0.0,1.0,5.333333333333333,2.1880952380952383,-0.10416666666666667,86,86.42857142857143,0.14285714285714285,25.3,26.4,1.2,0,12,1,1,0,-0.45370308603134424,-0.8911529104063088,0,2023
2023-07-30,hadapsar,0,0.0,1.0,3.7916666666666665,2.639880952380952,0.45178571428571423,83,86.42857142857143,0.0,27.3,30.0,3.2,0,12,1,1,0,-0.46896519100763184,-0.8832166493127127,0,2023
2023-07-31,hadapsar,0,0.0,1.0,2.775,2.936904761904762,0.2970238095238095,84,86.0,-0.42857142857142855,27.2,29.6,2.1,0,12,1,1,0,-0.48408852163897587,-0.8750190302029955,0,2023
2023-08-01,hadapsar,0,0.0,1.0,3.3166666666666664,2.974999999999999,0.038095238095238085,83,85.85714285714286,-0.14285714285714285,27.1,33.0,2.9,0,12,1,1,0,-0.4990686026885319,-0.8665624788845385,0,2023
2023-08-02,hadapsar,0,0.0,1.0,3.9458333333333333,3.167261904761905,0.19226190476190474,83,85.42857142857143,-0.42857142857142855,27.1,33.4,1.0,0,12,1,1,0,-0.5139010013093103,-0.8578494977869301,0,2023
2023-08-03,hadapsar,0,0.0,1.0,4.129166666666666,3.3392857142857144,0.17202380952380952,83,84.85714285714286,-0.5714285714285714,26.9,36.0,1.7,0,12,1,1,0,-0.5285813283559292,-0.8488826652214553,0,2023
2023-08-04,hadapsar,0,0.0,1.0,3.9125,3.586904761904762,0.24761904761904757,83,84.14285714285714,-0.7142857142857143,27.7,31.6,0.9,1,12,1,1,0,-0.5431052396834317,-0.8396646346181327,0,2023
2023-08-05,hadapsar,0,0.0,1.0,5.329166666666667,3.8863095238095235,0.2994047619047619,84,83.57142857142857,-0.5714285714285714,27.4,30.5,2.7,0,12,1,1,0,-0.5574684374327892,-0.8301981337405212,0,2023
2023-08-06,hadapsar,0,0.0,1.0,6.591666666666666,3.8857142857142852,-0.0005952380952380614,82,83.28571428571429,-0.2857142857142857,27.8,31.7,0.3,1,12,1,1,0,-0.5716666713027052,-0.8204859638785327,0,2023
2023-08-07,hadapsar,0,0.0,1.0,9.158333333333333,4.285714285714286,0.3999999999999999,80,83.14285714285714,-0.14285714285714285,28.4,32.2,0.1,2,12,1,1,0,-0.5856957398073508,-0.8105309990194823,0,2023
2023-08-08,hadapsar,0,0.0,1.0,6.929166666666667,5.197619047619048,0.9119047619047619,80,82.57142857142857,-0.5714285714285714,28.7,28.1,0.7,3,12,1,1,0,-0.5995514915196489,-0.8003361849976323,0,2023
2023-08-09,hadapsar,0,0.0,1.0,7.866666666666667,5.713690476190476,0.5160714285714286,80,82.14285714285714,-0.42857142857142855,28.7,25.6,0.8,4,12,1,1,0,-0.6132298262997502,-0.7899045386224707,0,2023
2023-08-10,hadapsar,0,0.0,1.0,8.283333333333333,6.273809523809524,0.5601190476190477,80,81.71428571428571,-0.42857142857142855,28.4,25.0,1.3,0,12,1,1,0,-0.6267266965083301,-0.7792391467859886,0,2023
2023-08-11,hadapsar,0,0.0,1.0,8.641666666666667,6.867261904761905,0.593452380952381,78,81.28571428571429,-0.42857142857142855,29.1,21.9,1.1,0,12,1,1,0,-0.6400381082043503,-0.7683431655492202,0,2023
2023-08-12,hadapsar,0,0.0,1.0,8.6,7.542857142857143,0.6755952380952382,79,80.57142857142857,-0.7142857142857143,28.9,27.4,1.2,0,12,1,1,0,-0.65316012232693,-0.7572198192083127,0,2023
2023-08-13,hadapsar,0,0.0,1.0,6.7,8.010119047619048,0.4672619047619047,79,79.85714285714286,-0.7142857142857143,28.0,27.1,1.4,0,12,1,1,0,-0.666088855860977,-0.7458723993404063,0,2023
2023-08-14,hadapsar,0,0.0,1.0,9.5875,8.025595238095239,0.015476190476190612,78,79.42857142857143,-0.42857142857142855,29.1,25.3,0.3,1,12,1,1,0,-0.6788204829862355,-0.734304263829602,0,2023
2023-08-15,hadapsar,0,0.0,1.0,9.608333333333333,8.086904761904762,0.061309523809523876,77,79.14285714285714,-0.2857142857142857,28.8,24.6,0.5,2,12,1,1,0,-0.6913512362094071,-0.722518835873311,0,2023
2023-08-16,hadapsar,0,0.0,1.0,10.262500000000001,8.469642857142857,0.38273809523809504,77,78.71428571428571,-0.42857142857142855,29.5,25.9,0.4,3,12,1,1,0,-0.7036774074790128,-0.7105196029692745,0,2023
2023-08-17,hadapsar,0,0.0,1.0,10.541666666666666,8.811904761904762,0.3422619047619048,77,78.28571428571429,-0.42857142857142855,28.7,26.1,0.2,4,12,1,1,0,-0.7157953492826642,-0.6983101158835584,0,2023
2023-08-18,hadapsar,0,0.0,1.0,9.983333333333333,9.13452380952381,0.3226190476190475,78,77.85714285714286,-0.42857142857142855,29.7,26.6,0.1,5,12,1,1,0,-0.7277014757264236,-0.6858939875998223,0,2023
2023-08-19,hadapsar,0,0.0,1.0,9.195833333333333,9.326190476190476,0.19166666666666643,79,77.85714285714286,0.0,29.3,26.1,1.1,0,12,1,1,0,-0.7393922635959241,-0.673274892250183,0,2023
2023-08-20,hadapsar,0,0.0,1.0,8.125,9.411309523809523,0.08511904761904761,79,77.85714285714286,0.0,28.1,26.1,0.6,1,12,1,1,0,-0.7508642533989489,-0.6604565640279754,0,2023
2023-08-21,hadapsar,0,0.0,1.0,9.283333333333333,9.614880952380952,0.20357142857142854,77,77.85714285714286,0.0,29.3,25.5,0.7,2,12,1,1,0,-0.7621140503891487,-0.6474427960827475,0,2023
2023-08-22,hadapsar,0,0.0,1.0,8.420833333333333,9.571428571428571,-0.04345238095238102,80,77.71428571428571,-0.14285714285714285,29.8,24.1,3.3,0,12,1,1,0,-0.7731383255706026,-0.6342374393978054,0,2023
2023-08-23,hadapsar,0,0.0,1.0,7.008333333333333,9.401785714285714,-0.16964285714285715,77,78.14285714285714,0.42857142857142855,29.4,25.3,0.2,1,12,1,1,0,-0.7839338166829201,-0.620844401650647,0,2023
2023-08-24,hadapsar,0,0.0,1.0,5.6375,8.93690476190476,-0.4648809523809526,77,78.14285714285714,0.0,29.5,26.9,0.9,2,12,1,1,0,-0.7944973291665992,-0.6072676460566135,0,2023
2023-08-25,hadapsar,0,0.0,1.0,3.5666666666666664,8.236309523809522,-0.7005952380952379,79,78.14285714285714,0.0,29.3,25.0,2.5,0,12,1,1,0,-0.8048257371083452,-0.593511190196115,0,2023
2023-08-26,hadapsar,0,0.0,1.0,4.579166666666667,7.319642857142858,-0.9166666666666666,78,78.28571428571429,0.14285714285714285,29.4,26.6,0.7,1,12,1,1,0,-0.8149159841660791,-0.5795791048257612,0,2023
2023-08-27,hadapsar,0,0.0,1.0,4.358333333333333,6.660119047619048,-0.6595238095238095,78,78.14285714285714,-0.14285714285714285,29.2,27.8,2.1,0,12,1,1,0,-0.8247650844733614,-0.5654755126737576,0,2023
2023-08-28,hadapsar,0,2.0,1.0,5.745833333333334,6.12202380952381,-0.5380952380952381,78,78.0,-0.14285714285714285,29.8,24.8,1.4,0,12,1,1,0,-0.8343701235229538,-0.5512045872199277,1,2023
2023-08-29,hadapsar,2,2.0,1.0,9.195833333333333,5.616666666666666,-0.5053571428571428,76,78.14285714285714,0.14285714285714285,29.7,19.4,1.1,0,12,1,1,0,-0.8437282590292712,-0.5367705514607103,1,2023
2023-08-30,hadapsar,0,0.0,1.0,18.604166666666668,5.727380952380953,0.11071428571428577,74,77.57142857142857,-0.5714285714285714,31.2,17.9,0.0,1,12,1,1,0,-0.8528367217694595,-0.522177676659508,0,2023
2023-08-31,hadapsar,0,0.0,1.0,29.633333333333336,7.383928571428571,1.6565476190476194,74,77.14285714285714,-0.42857142857142855,31.4,18.9,0.4,2,12,1,1,0,-0.8616928164028522,-0.5074302810827518,0,2023
2023-09-01,hadapsar,0,0.0,1.0,29.141666666666666,10.811904761904762,3.427976190476191,74,76.71428571428571,-0.42857142857142855,33.3,18.1,1.3,0,12,1,1,0,-0.8702939222685674,-0.49253272872205434,0,2023
2023-09-02,hadapsar,0,0.0,1.0,16.016666666666666,14.465476190476192,3.6535714285714285,78,76.0,-0.7142857142857143,31.8,19.8,2.2,0,12,1,1,0,-0.8786374941610001,-0.4774894280028391,0,2023
2023-09-03,hadapsar,0,0.0,1.0,18.079166666666666,16.09940476190476,1.6339285714285714,78,76.0,0.0,30.9,18.3,3.1,0,12,1,1,0,-0.886721063082993,-0.46230483047981086,0,2023
2023-09-04,hadapsar,0,0.0,1.0,20.995833333333334,18.05952380952381,1.9601190476190473,78,76.0,0.0,30.2,20.1,4.7,0,12,1,1,0,-0.8945422369764496,-0.4469834295196741,0,2023
2023-09-05,hadapsar,0,0.0,1.0,23.2375,20.238095238095237,2.1785714285714284,75,76.0,0.0,30.3,18.3,0.2,1,12,1,1,0,-0.9020987014301837,-0.43152975897147144,0,2023
2023-09-06,hadapsar,0,0.0,1.0,23.079166666666666,22.24404761904762,2.005952380952381,76,75.85714285714286,-0.14285714285714285,30.3,23.4,0.5,2,12,1,1,0,-0.9093882203647925,-0.4159483918249421,0,2023
2023-09-07,hadapsar,0,0.0,1.0,15.291666666666666,22.883333333333333,0.639285714285714,80,76.14285714285714,0.2857142857142857,28.6,28.9,4.0,0,12,1,1,0,-0.9164086366943458,-0.4002439388573056,0,2023
2023-09-08,hadapsar,0,0.0,1.0,4.079166666666667,20.83452380952381,-2.0488095238095245,87,77.0,0.8571428571428571,28.1,28.9,13.6,0,12,1,1,0,-0.9231578729647039,-0.38442104726885545,0,2023
2023-09-09,hadapsar,0,0.0,1.0,6.291666666666667,17.254166666666666,-3.580357142857143,86,78.85714285714286,1.8571428571428572,27.7,27.0,4.3,0,12,1,1,0,-0.9296339319682695,-0.3684843993077793,0,2023
2023-09-10,hadapsar,0,0.0,1.0,7.608333333333333,15.864880952380952,-1.389285714285714,82,80.0,1.1428571428571428,28.6,27.0,0.4,1,12,1,1,0,-0.9358348973349941,-0.35243871088460327,0,2023
2023-09-11,hadapsar,0,0.0,1.0,7.454166666666667,14.369047619047619,-1.4958333333333331,82,80.57142857142857,0.5714285714285714,28.5,26.0,0.8,2,12,1,1,0,-0.9417589340994617,-0.33628873017668287,0,2023
2023-09-12,hadapsar,0,0.0,1.0,10.245833333333334,12.43452380952381,-1.9345238095238098,79,81.14285714285714,0.5714285714285714,29.1,23.9,1.5,0,12,1,1,0,-0.9474042892438845,-0.32003923622313857,0,2023
2023-09-13,hadapsar,0,0.0,1.0,9.158333333333333,10.578571428571427,-1.855952380952381,79,81.71428571428571,0.5714285714285714,29.1,22.8,0.7,1,12,1,1,0,-0.9527692922168511,-0.30369503751065885,0,2023
2023-09-14,hadapsar,0,0.0,1.0,9.145833333333334,8.589880952380952,-1.988690476190476,79,82.14285714285714,0.42857142857142855,29.5,21.6,0.2,2,12,1,1,0,-0.9578523554276669,-0.28726097055059635,0,2023
2023-09-15,hadapsar,0,0.0,1.0,7.933333333333334,7.711904761904762,-0.8779761904761904,78,82.0,-0.14285714285714285,29.5,23.8,0.2,3,12,1,1,0,-0.9626519747161487,-0.2707418984477642,0,2023
2023-09-16,hadapsar,0,0.0,1.0,5.7375,8.2625,0.5505952380952381,82,80.71428571428571,-1.2857142857142858,27.1,27.7,0.1,4,12,1,1,0,-0.9671667297977312,-0.2541427094613622,0,2023
2023-09-17,hadapsar,0,0.0,1.0,6.6000000000000005,8.183333333333334,-0.07916666666666673,81,80.14285714285714,-0.5714285714285714,27.9,28.8,1.5,0,12,1,1,0,-0.97139528468375,-0.23746831555846842,0,2023
2023-09-18,hadapsar,0,0.0,1.0,3.908333333333333,8.039285714285715,-0.14404761904761898,80,80.0,-0.14285714285714285,28.7,27.7,1.4,0,12,1,1,0,-0.9753363880767837,-0.2207236509605022,0,2023
2023-09-19,hadapsar,0,0.0,1.0,3.8000000000000003,7.532738095238096,-0.506547619047619,80,79.71428571428571,-0.2857142857142857,29.1,24.8,1.7,0,12,1,1,0,-0.9789888737409319,-0.20391367068311472,0,2023
2023-09-20,hadapsar,0,0.0,1.0,4.770833333333333,6.6119047619047615,-0.9208333333333333,80,79.85714285714286,0.14285714285714285,29.4,22.1,1.7,0,12,1,1,0,-0.9823516608469237,-0.18704334906991657,0,2023
2023-09-21,hadapsar,0,0.0,1.0,4.825,5.985119047619048,-0.6267857142857143,82,80.0,0.14285714285714285,30.2,15.6,11.3,0,12,1,1,0,-0.9854237542919524,-0.17011767832049052,0,2023
2023-09-22,hadapsar,0,0.0,1.0,6.825,5.367857142857142,-0.6172619047619048,89,80.42857142857143,0.42857142857142855,27.4,13.3,34.2,0,12,1,1,0,-0.9882042449941422,-0.15314166701312007,0,2023
2023-09-23,hadapsar,0,0.0,1.0,6.55,5.20952380952381,-0.15833333333333335,89,82.0,1.5714285714285714,28.6,15.0,28.8,0,12,1,1,0,-0.9906923101615609,-0.13612033862266704,0,2023
2023-09-24,hadapsar,0,0.0,1.0,8.674999999999999,5.3255952380952385,0.11607142857142858,86,83.0,1.0,28.1,18.0,6.9,0,12,1,1,0,-0.9928872135356962,-0.11905873003404988,0,2023
2023-09-25,hadapsar,0,0.0,1.0,10.304166666666667,5.622023809523809,0.2964285714285712,85,83.71428571428571,0.7142857142857143,28.6,17.1,3.2,0,12,1,1,0,-0.994788305609327,-0.10196189005174576,0,2023
2023-09-26,hadapsar,0,0.0,1.0,18.091666666666665,6.535714285714286,0.9136904761904763,84,84.42857142857143,0.7142857142857143,29.5,13.2,12.1,0,12,1,1,0,-0.9963950238187231,-0.08483487790576538,0,2023
2023-09-27,hadapsar,0,0.0,1.0,24.46666666666667,8.57738095238095,2.0416666666666665,88,85.0,0.5714285714285714,27.7,13.6,31.0,0,12,1,1,0,-0.9977068927101168,-0.06768276175455162,0,2023
2023-09-28,hadapsar,0,0.0,1.0,22.570833333333336,11.391071428571427,2.8136904761904766,87,86.14285714285714,1.1428571428571428,29.2,15.1,9.7,0,12,1,1,0,-0.9987235240803972,-0.050510617185222886,0,2023
2023-09-29,hadapsar,0,0.0,1.0,16.116666666666667,13.926190476190476,2.535119047619048,88,86.85714285714286,0.7142857142857143,29.6,17.3,20.1,0,12,1,1,0,-0.9994446170919858,-0.033323525711631344,0,2023
2023-09-30,hadapsar,0,0.0,1.0,10.416666666666666,15.25357142857143,1.3273809523809526,88,86.71428571428571,-0.14285714285714285,29.3,17.6,6.1,0,12,1,1,0,-0.9998699583618592,-0.016126573270657762,0,2023
2023-10-01,hadapsar,0,0.0,1.0,24.158333333333335,15.80595238095238,0.5523809523809523,89,86.57142857142857,-0.14285714285714285,28.4,16.6,9.2,0,12,1,1,0,-0.9999994220246925,0.001075151282798226,0,2023
2023-10-02,hadapsar,0,0.0,1.0,27.5,18.017857142857142,2.2119047619047625,80,87.0,0.42857142857142855,28.0,19.8,0.0,1,12,1,1,0,-0.999832969770105,0.018276557681691223,0,2023
2023-10-03,hadapsar,0,0.0,1.0,36.329166666666666,20.47440476190476,2.456547619047619,78,86.28571428571429,-0.7142857142857143,30.7,14.4,0.2,2,12,1,1,0,-0.9993706508539969,0.03547255575312556,0,2023
2023-10-04,hadapsar,0,0.0,1.0,39.71666666666667,23.079761904761906,2.605357142857143,78,85.42857142857143,-0.8571428571428571,30.8,11.9,0.0,3,12,1,1,0,-0.9986126020839734,0.052658056924614005,0,2023
2023-10-05,hadapsar,0,0.0,1.0,36.975,25.258333333333333,2.1785714285714284,74,84.0,-1.4285714285714286,30.7,11.6,0.0,4,12,1,1,0,-0.9975590477788613,0.06982797572987089,0,2023
2023-10-06,hadapsar,0,0.0,1.0,39.55416666666667,27.316071428571433,2.057738095238095,74,82.14285714285714,-1.8571428571428572,30.4,10.7,0.0,5,12,1,1,0,-0.9962102997023297,0.0869772313136861,0,2023
2023-10-07,hadapsar,0,0.0,1.0,41.36666666666667,30.664285714285715,3.3482142857142856,72,80.14285714285714,-2.0,30.6,10.4,0.0,6,12,1,1,0,-0.9945667569706337,0.1041007489354256,0,2023
2023-10-08,hadapsar,0,0.0,1.0,45.520833333333336,35.08571428571428,4.421428571428572,68,77.85714285714286,-2.2857142857142856,31.2,6.9,0.0,7,12,1,1,0,-0.9926289059345095,0.121193461470736,0,2023
2023-10-09,hadapsar,0,0.0,1.0,48.737500000000004,38.137499999999996,3.0517857142857143,68,74.85714285714286,-3.0,31.6,9.1,0.0,8,12,1,1,0,-0.9903973200352558,0.1382503109109819,0,2023
2023-10-10,hadapsar,0,0.0,1.0,43.97083333333333,41.17142857142857,3.033928571428572,65,73.14285714285714,-1.7142857142857142,31.8,10.9,0.0,9,12,1,1,0,-0.9878726596350429,0.15526624985999563,0,2023
2023-10-11,hadapsar,0,0.0,1.0,41.079166666666666,42.26309523809524,1.0916666666666666,69,71.28571428571429,-1.8571428571428572,30.5,13.3,0.2,10,12,1,1,0,-0.9850556718215013,0.172236243027682,0,2023
2023-10-12,hadapsar,0,0.0,1.0,46.395833333333336,42.45773809523809,0.19464285714285673,69,70.0,-1.2857142857142858,31.9,12.3,0.1,11,12,1,1,0,-0.981947190186646,0.18915526872004093,0,2023
2023-10-13,hadapsar,0,0.0,1.0,42.80416666666667,43.80357142857143,1.3458333333333334,64,69.28571428571429,-0.7142857142857143,32.6,14.6,0.0,12,12,1,1,0,-0.9785481345802031,0.20601832032517084,0,2023
2023-10-14,hadapsar,0,0.0,1.0,32.262499999999996,44.267857142857146,0.4642857142857143,61,67.85714285714286,-1.4285714285714286,32.0,14.2,0.0,13,12,1,1,0,-0.9748595108374125,0.22282040779479959,0,2023
2023-10-15,hadapsar,0,0.0,1.0,44.895833333333336,42.967261904761905,-1.3005952380952388,59,66.28571428571429,-1.5714285714285714,31.5,9.2,0.0,14,12,1,1,0,-0.9708824104813836,0.23955655912092708,0,2023
2023-10-16,hadapsar,0,0.0,1.0,48.45416666666667,42.87797619047619,-0.08928571428571429,59,65.0,-1.2857142857142858,31.7,11.9,0.7,15,12,1,1,0,-0.9666180104000972,0.2562218218071163,0,2023
2023-10-17,hadapsar,0,0.0,1.0,50.291666666666664,42.8375,-0.04047619047619021,59,63.714285714285715,-1.2857142857142858,31.5,9.2,0.2,16,12,1,1,0,-0.9620675724981452,0.27281126433401914,0,2023
2023-10-18,hadapsar,0,0.0,1.0,51.26666666666667,43.740476190476194,0.9029761904761904,56,62.857142857142854,-0.8571428571428571,31.7,13.6,0.0,17,12,1,1,0,-0.957232443323312,0.28931997761869527,0,2023
2023-10-19,hadapsar,0,0.0,1.0,49.57083333333333,45.19583333333333,1.455357142857144,64,61.0,-1.8571428571428572,31.8,14.0,1.7,0,12,1,1,0,-0.9521140536681102,0.3057430764672831,0,2023
2023-10-20,hadapsar,0,0.0,1.0,60.46666666666667,45.64940476190476,0.4535714285714282,64,60.285714285714285,-0.7142857142857143,31.1,9.1,1.0,0,12,1,1,0,-0.9467139181463862,0.3220757010206104,0,2023
2023-10-21,hadapsar,0,0.0,1.0,56.17916666666667,48.172619047619044,2.523214285714286,62,60.285714285714285,0.0,31.2,14.4,0.4,1,12,1,1,0,-0.9410336347451197,0.3383130181923076,0,2023
2023-10-22,hadapsar,0,0.0,1.0,45.13333333333333,51.589285714285715,3.4166666666666674,54,60.42857142857143,0.14285714285714285,32.4,14.8,0.0,2,12,1,1,0,-0.9350748843515574,0.3544502230989869,0,2023
2023-10-23,hadapsar,0,0.0,1.0,44.5875,51.62321428571429,0.033928571428571024,56,59.714285714285715,-0.7142857142857143,32.5,11.0,0.0,3,12,1,1,0,-0.9288394302558068,0.3704825404820963,0,2023
2023-10-24,hadapsar,0,0.0,1.0,33.516666666666666,51.07083333333333,-0.5523809523809534,48,59.285714285714285,-0.42857142857142855,32.2,11.3,0.0,4,12,1,1,0,-0.9223291176290545,0.3864052261209853,0,2023
2023-10-25,hadapsar,0,0.0,1.0,34.37083333333333,48.67440476190477,-2.3964285714285714,46,57.714285714285715,-1.5714285714285714,31.8,12.2,0.0,5,12,1,1,0,-0.9155458729775467,0.40221356823680365,0,2023
2023-10-26,hadapsar,0,0.0,1.0,28.954166666666666,46.260714285714286,-2.4136904761904776,41,56.285714285714285,-1.4285714285714286,31.0,14.9,0.0,6,12,1,1,0,-0.9084917035725082,0.41790288888678667,0,2023
2023-10-27,hadapsar,0,0.0,1.0,26.71666666666667,43.31547619047619,-2.9452380952380954,40,53.0,-3.2857142857142856,31.1,15.1,0.0,7,12,1,1,0,-0.9011686968561569,0.4334685453485363,0,2023
2023-10-28,hadapsar,0,0.0,1.0,34.733333333333334,38.49404761904763,-4.821428571428571,42,49.57142857142857,-3.4285714285714284,30.9,11.6,0.0,8,12,1,1,0,-0.8935790198239952,0.4489059314938798,0,2023
2023-10-29,hadapsar,0,0.0,1.0,35.025,35.43035714285714,-3.063690476190476,45,46.714285714285715,-2.857142857142857,31.5,13.4,0.0,9,12,1,1,0,-0.8857249183835637,0.4642104791518923,0,2023
2023-10-30,hadapsar,0,0.0,1.0,36.92916666666667,33.986309523809524,-1.4440476190476192,46,45.42857142857143,-1.2857142857142858,31.9,14.5,0.0,10,12,1,1,0,-0.8776087166898392,0.4793776594606945,0,2023
2023-10-31,hadapsar,0,0.0,1.0,41.737500000000004,32.8922619047619,-1.0940476190476187,50,44.0,-1.4285714285714286,31.5,15.1,0.0,11,12,1,1,0,-0.8692328164574792,0.49440298420761813,0,2023
2023-11-01,hadapsar,0,0.0,1.0,37.141666666666666,34.06666666666667,1.1744047619047626,48,44.285714285714285,0.2857142857142857,31.0,11.6,0.0,12,12,1,1,0,-0.8605996962501181,0.5092820071573356,0,2023
2023-11-02,hadapsar,0,0.0,1.0,37.4375,34.4625,0.39583333333333365,50,44.57142857142857,0.2857142857142857,31.0,10.8,0.0,13,12,1,1,0,-0.8517119107469189,0.5240103253675756,0,2023
2023-11-03,hadapsar,0,0.0,1.0,44.79583333333333,35.67440476190476,1.211904761904762,50,45.857142857142854,1.2857142857142858,31.9,12.6,0.0,14,12,1,1,0,-0.8425720899866032,0.5385835804920232,0,2023
2023-11-04,hadapsar,0,0.0,1.0,53.69166666666666,38.25714285714286,2.5827380952380943,50,47.285714285714285,1.4285714285714286,31.7,14.8,0.0,15,12,1,1,0,-0.8331829385891785,0.5529974600700271,0,2023
2023-11-05,hadapsar,0,0.0,1.0,52.637499999999996,40.96547619047619,2.7083333333333326,49,48.42857142857143,1.1428571428571428,32.2,14.8,0.0,16,12,1,1,0,-0.8235472349556007,0.5672476988027229,0,2023
2023-11-06,hadapsar,0,0.0,1.0,35.78333333333333,43.48154761904762,2.5160714285714283,47,49.0,0.5714285714285714,32.2,15.8,0.0,17,12,1,1,0,-0.8136678304455991,0.5813300798152042,0,2023
2023-11-07,hadapsar,0,0.0,1.0,43.77916666666667,43.317857142857136,-0.16369047619047652,54,49.142857142857146,0.14285714285714285,31.7,14.4,0.0,18,12,1,1,0,-0.8035476485339116,0.5952404359043674,0,2023
2023-11-08,hadapsar,0,0.0,1.0,22.162499999999998,43.60952380952381,0.29166666666666635,70,49.714285714285715,0.5714285714285714,30.7,17.4,1.4,0,12,1,1,0,-0.7931896839451843,0.6089746507720486,0,2023
2023-11-09,hadapsar,0,0.0,1.0,23.575,41.46964285714285,-2.1398809523809526,79,52.857142857142854,3.142857142857143,30.9,16.3,6.4,0,12,1,1,0,-0.7825970017677834,0.6225286602431057,0,2023
2023-11-10,hadapsar,0,0.0,1.0,23.433333333333334,39.489285714285714,-1.980357142857143,81,57.0,4.142857142857143,30.4,15.0,2.8,0,12,1,1,0,-0.7717727365467836,0.6358984534680745,0,2023
2023-11-11,hadapsar,0,0.0,1.0,36.65833333333333,36.43749999999999,-3.0517857142857134,69,61.42857142857143,4.428571428571429,31.5,14.8,0.0,1,12,1,1,0,-0.7607200913564104,0.6490800741100398,0,2023
2023-11-12,hadapsar,0,0.0,1.0,44.395833333333336,34.00416666666667,-2.433333333333333,65,64.14285714285714,2.7142857142857144,31.8,13.3,0.0,2,12,1,1,1,-0.7494423368521954,0.6620696215153815,0,2023
2023-11-13,hadapsar,0,0.0,1.0,55.791666666666664,32.82678571428571,-1.1773809523809515,61,66.42857142857143,2.2857142857142856,30.7,9.1,0.0,3,12,1,1,1,-0.7379428103031386,0.6748632518680403,0,2023
2023-11-14,hadapsar,0,0.0,1.0,55.73333333333333,35.68511904761905,2.8583333333333334,59,68.42857142857143,2.0,30.5,9.6,0.0,4,12,1,1,1,-0.7262249146041543,0.6874571793269664,0,2023
2023-11-15,hadapsar,0,0.0,1.0,49.4125,37.392857142857146,1.707738095238094,53,69.14285714285714,0.7142857142857143,29.8,11.2,0.0,5,12,1,1,1,-0.7142921172691032,0.699847677146407,0,2023
2023-11-16,hadapsar,0,0.0,1.0,56.84583333333333,41.285714285714285,3.8928571428571432,57,66.71428571428571,-2.4285714285714284,29.9,10.4,0.0,6,12,1,1,1,-0.7021479494046978,0.7120310787787131,0,2023
2023-11-17,hadapsar,0,0.0,1.0,68.72916666666667,46.038690476190474,4.75297619047619,56,63.57142857142857,-3.142857142857143,29.9,11.6,0.0,7,12,1,1,1,-0.6897960046655887,0.7240037789593305,0,2023
2023-11-18,hadapsar,0,0.0,1.0,60.145833333333336,52.509523809523806,6.470833333333333,53,60.0,-3.5714285714285716,31.2,9.1,0.0,8,12,1,1,1,-0.6772399381909491,0.7357622347736527,0,2023
2023-11-19,hadapsar,0,0.0,1.0,52.362500000000004,55.86488095238094,3.3553571428571436,55,57.714285714285715,-2.2857142857142856,32.1,10.8,0.0,9,12,1,1,0,-0.6644834655228552,0.7473029667054296,0,2023
2023-11-20,hadapsar,0,0.0,1.0,39.641666666666666,57.00297619047619,1.1380952380952383,58,56.285714285714285,-1.4285714285714286,31.6,13.7,0.0,10,12,1,1,0,-0.6515303615068021,0.75862255966641,0,2023
2023-11-21,hadapsar,0,0.0,1.0,37.15416666666667,54.695833333333326,-2.307142857142857,56,55.857142857142854,-0.42857142857142855,30.7,14.2,0.0,11,12,1,1,0,-0.6383844591746642,0.7697176640069211,0,2023
2023-11-22,hadapsar,0,0.0,1.0,37.5375,52.04166666666667,-2.6541666666666655,54,55.42857142857143,-0.42857142857142855,30.4,12.3,0.0,12,12,1,1,0,-0.6250496486104377,0.7805849965070866,0,2023
2023-11-23,hadapsar,0,0.0,1.0,34.9125,50.345238095238095,-1.6964285714285714,53,55.57142857142857,0.14285714285714285,31.3,12.2,0.0,13,12,1,1,0,-0.6115298757991053,0.7912213413483807,0,2023
2023-11-24,hadapsar,0,0.0,1.0,21.070833333333333,47.21190476190476,-3.133333333333333,63,55.0,-0.5714285714285714,31.5,15.9,0.3,14,12,1,1,0,-0.5978291414589552,0.801623551065242,0,2023
2023-11-25,hadapsar,0,0.0,1.0,19.958333333333332,40.403571428571425,-6.8083333333333345,67,56.0,1.0,30.4,16.2,0.8,15,12,1,1,0,-0.5839514998576998,0.8117885474764613,0,2023
2023-11-26,hadapsar,0,0.0,1.0,23.15833333333333,34.6625,-5.741071428571429,73,58.0,2.0,30.9,18.8,17.4,0,12,1,1,0,-0.5699010576127624,0.8217133225960589,0,2023
2023-11-27,hadapsar,0,0.0,1.0,29.683333333333334,30.490476190476187,-4.17202380952381,80,60.57142857142857,2.5714285714285716,28.2,14.0,1.2,0,12,1,1,0,-0.5556819724760489,0.8313949395234058,0,2023
2023-11-28,hadapsar,0,0.0,1.0,27.8,29.067857142857143,-1.4226190476190474,82,63.714285714285715,3.142857142857143,28.8,13.4,1.0,0,12,1,1,0,-0.5412984521036173,0.8408305333122887,0,2023
2023-11-29,hadapsar,0,0.0,1.0,22.816666666666666,27.73154761904762,-1.336309523809524,79,67.42857142857143,3.7142857142857144,28.8,9.1,0.7,1,12,1,1,0,-0.5267547528105542,0.8500173118187018,0,2023
2023-11-30,hadapsar,0,0.0,1.0,28.308333333333334,25.62857142857143,-2.1029761904761908,76,71.0,3.5714285714285716,29.2,13.4,0.8,2,12,1,1,0,-0.5120551783114646,0.8589525565270845,0,2023
2023-12-01,hadapsar,0,0.0,1.0,23.837500000000002,24.68511904761905,-0.9434523809523812,75,74.28571428571429,3.2857142857142856,28.9,7.6,1.1,0,12,1,1,0,-0.4972040784469378,0.8676336233547726,0,2023
2023-12-02,hadapsar,0,0.0,1.0,18.820833333333333,25.080357142857142,0.3952380952380956,69,76.0,1.7142857142857142,30.4,17.3,0.1,1,12,1,1,0,-0.4822058478963526,0.8760579434344281,0,2023
2023-12-03,hadapsar,0,0.0,1.0,26.254166666666666,24.917857142857144,-0.1624999999999999,70,76.28571428571429,0.2857142857142857,30.0,16.1,0.0,2,12,1,1,0,-0.46706492487743034,0.8842230238742036,0,2023
2023-12-04,hadapsar,0,0.0,1.0,20.933333333333334,25.360119047619047,0.442261904761905,69,75.85714285714286,-0.42857142857142855,30.7,13.3,0.0,3,12,1,1,0,-0.451785789832884,0.8921264484954345,0,2023
2023-12-05,hadapsar,0,0.0,1.0,23.020833333333332,24.110119047619047,-1.25,67,74.28571428571429,-1.5714285714285714,30.0,10.2,0.0,4,12,1,1,0,-0.4363729641045924,0.8997658785476209,0,2023
2023-12-06,hadapsar,0,0.0,1.0,26.308333333333334,23.427380952380954,-0.6827380952380955,72,72.14285714285714,-2.142857142857143,28.4,10.6,0.4,5,12,1,1,0,-0.42083100859565564,0.9071390534005044,0,2023
2023-12-07,hadapsar,0,0.0,1.0,27.3,23.926190476190477,0.49880952380952387,75,71.14285714285714,-1.0,27.9,9.7,0.4,6,12,1,1,0,-0.4051645224207563,0.9142437912130223,0,2023
2023-12-08,hadapsar,0,0.0,1.0,30.620833333333334,23.782142857142855,-0.14404761904761898,72,71.0,-0.14285714285714285,28.7,12.7,0.2,7,12,1,1,0,-0.3893781415452015,0.9210779895789526,0,2023
2023-12-09,hadapsar,0,0.0,1.0,28.504166666666666,24.751190476190477,0.9690476190476188,67,70.57142857142857,-0.42857142857142855,29.6,11.7,0.0,8,12,1,1,0,-0.37347653741307074,0.9276396261490467,0,2023
2023-12-10,hadapsar,0,0.0,1.0,26.625,26.13452380952381,1.3833333333333333,65,70.28571428571429,-0.2857142857142857,29.6,14.3,0.0,9,12,1,1,0,-0.3574644155648614,0.9339267592294762,0,2023
2023-12-11,hadapsar,0,0.0,1.0,33.574999999999996,26.1875,0.05297619047619051,59,69.57142857142857,-0.7142857142857143,30.0,11.5,0.0,10,12,1,1,0,-0.34134651424503615,0.9399375283564133,0,2023
2023-12-12,hadapsar,0,0.0,1.0,41.18333333333333,27.99345238095238,1.8059523809523803,57,68.14285714285714,-1.4285714285714286,30.2,12.3,0.0,11,12,1,1,0,-0.3251276029999093,0.9456701548465688,0,2023
2023-12-13,hadapsar,0,0.0,1.0,37.887499999999996,30.588095238095235,2.594642857142857,57,66.71428571428571,-1.4285714285714286,29.3,14.2,0.0,12,12,1,1,0,-0.30881248126625377,0.9511229423235357,0,2023
2023-12-14,hadapsar,0,0.0,1.0,25.741666666666664,32.242261904761904,1.6541666666666661,56,64.57142857142857,-2.142857142857143,28.4,15.3,0.0,13,12,1,1,0,-0.29240597695107734,0.9562942772197719,0,2023
2023-12-15,hadapsar,0,0.0,1.0,27.962500000000002,32.019642857142856,-0.22261904761904816,57,61.857142857142854,-2.7142857142857144,27.7,15.3,0.0,14,12,1,1,0,-0.27591294500296043,0.9611826292540837,0,2023
2023-12-16,hadapsar,0,0.0,1.0,41.99166666666667,31.639880952380953,-0.37976190476190447,58,59.714285714285715,-2.142857142857143,27.8,13.3,0.0,15,12,1,1,0,-0.2593382659754056,0.9657865518844574,0,2023
2023-12-17,hadapsar,0,0.0,1.0,49.875,33.56666666666667,1.9267857142857143,68,58.42857142857143,-1.2857142857142858,27.7,15.8,0.0,16,12,1,1,0,-0.2426868445825954,0.9701046827361175,0,2023
2023-12-18,hadapsar,0,0.0,1.0,48.05416666666667,36.88809523809523,3.3214285714285716,63,58.857142857142854,0.42857142857142855,27.4,19.5,0.0,17,12,1,1,0,-0.22596360824801906,0.974135744004672,0,2023
2023-12-19,hadapsar,0,0.0,1.0,42.262499999999996,38.95654761904762,2.068452380952382,61,59.42857142857143,0.5714285714285714,26.7,16.9,0.0,18,12,1,1,0,-0.20917350564635637,0.9778785428342386,0,2023
2023-12-20,hadapsar,0,0.0,1.0,33.204166666666666,39.11071428571428,0.15416666666666654,59,60.0,0.5714285714285714,27.7,15.2,0.0,19,12,1,1,0,-0.19232150523909483,0.9813319716704275,0,2023
2023-12-21,hadapsar,0,0.0,1.0,40.74583333333333,38.44166666666667,-0.6690476190476186,56,60.285714285714285,0.2857142857142857,29.8,12.0,0.0,20,12,1,1,0,-0.17541259380427843,0.9844950085880858,0,2023
2023-12-22,hadapsar,0,0.0,1.0,50.64166666666667,40.585119047619045,2.143452380952381,58,60.285714285714285,0.0,30.1,8.4,0.0,21,12,1,1,0,-0.15845177496083632,0.9873667175937016,0,2023
2023-12-23,hadapsar,0,0.0,1.0,38.19166666666667,43.825,3.239880952380953,50,60.42857142857143,0.14285714285714285,30.0,10.3,0.0,22,12,1,1,0,-0.14144406768794202,0.9899462489023779,0,2023
2023-12-24,hadapsar,0,0.0,1.0,46.1625,43.28214285714286,-0.5428571428571425,50,59.285714285714285,-1.1428571428571428,29.7,11.8,0.0,23,12,1,1,0,-0.12439450483979998,0.9922328391893008,0,2023
2023-12-25,hadapsar,0,0.0,1.0,51.475,42.75178571428571,-0.5303571428571426,57,56.714285714285715,-2.5714285714285716,30.1,11.5,0.0,24,12,1,1,0,-0.10730813165636247,0.9942258118156161,0,2023
2023-12-26,hadapsar,0,0.0,1.0,43.75833333333333,43.240476190476194,0.48869047619047634,52,55.857142857142854,-0.8571428571428571,31.1,12.6,0.0,25,12,1,1,0,-0.09019000427034513,0.9959245770286599,0,2023
2023-12-27,hadapsar,0,0.0,1.0,47.25416666666666,43.454166666666666,0.21369047619047674,52,54.57142857142857,-1.2857142857142858,30.6,13.0,0.0,26,12,1,1,0,-0.07304518821104743,0.9973286321364752,0,2023
2023-12-28,hadapsar,0,0.0,1.0,53.104166666666664,45.461309523809526,2.0071428571428567,61,53.57142857142857,-1.0,30.1,11.9,0.0,27,12,1,1,0,-0.05587875690537313,0.9984375616565666,0,2023
2023-12-29,hadapsar,0,0.0,1.0,38.425000000000004,47.22678571428571,1.7654761904761906,58,54.285714285714285,0.7142857142857143,30.1,11.5,0.0,28,12,1,1,0,-0.03869579017652689,0.9992510374388481,0,2023
2023-12-30,hadapsar,0,0.0,1.0,30.729166666666668,45.48154761904762,-1.7452380952380955,59,54.285714285714285,0.0,30.0,13.0,0.0,29,12,1,1,0,-0.021501372740813793,0.999768818762748,0,2023
2023-12-31,hadapsar,0,0.0,1.0,27.825,44.41547619047619,-1.0660714285714288,55,55.57142857142857,1.2857142857142858,30.3,14.0,0.0,30,12,1,1,0,-0.004300592702981974,0.9999907524084426,0,2023
2024-01-01,hadapsar,0,0.0,1.0,37.34166666666667,41.795833333333334,-2.6196428571428574,53,56.285714285714285,0.7142857142857143,29.6,12.3,0.0,31,12,1,1,0,0.017201575418260506,0.9998520419557735,0,2024
2024-01-02,hadapsar,0,0.0,1.0,47.59583333333333,39.776785714285715,-2.019047619047619,53,55.714285714285715,-0.5714285714285714,30.3,11.3,0.0,32,12,1,1,0,0.03439806061360801,0.9994082116062598,0,2024
2024-01-03,hadapsar,0,0.0,1.0,50.19166666666666,40.324999999999996,0.5482142857142855,55,55.857142857142854,0.14285714285714285,30.5,11.2,0.0,33,12,1,1,0,0.051584366869408364,0.9986686402879997,0,2024
2024-01-04,hadapsar,0,0.0,1.0,55.62083333333334,40.74464285714286,0.41964285714285715,57,56.285714285714285,0.42857142857142855,30.2,13.0,0.0,34,12,1,1,0,0.06875540848113941,0.9976335468520451,0,2024
2024-01-05,hadapsar,0,0.0,1.0,48.862500000000004,41.10416666666667,0.3595238095238104,57,55.714285714285715,-0.5714285714285714,29.8,12.9,0.0,35,12,1,1,0,0.08590610426133272,0.9963032375991965,0,2024
2024-01-06,hadapsar,0,0.0,1.0,48.47083333333333,42.595238095238095,1.4910714285714286,57,55.57142857142857,-0.14285714285714285,29.3,11.7,0.2,36,12,1,1,0,0.10303137904317879,0.9946781061893646,0,2024
2024-01-07,hadapsar,0,0.0,1.0,27.8625,45.1297619047619,2.534523809523809,60,55.285714285714285,-0.2857142857142857,29.9,15.0,0.9,37,12,1,1,0,0.1201261651823505,0.9927586335250793,0,2024
2024-01-08,hadapsar,0,0.0,1.0,24.270833333333332,45.13511904761905,0.00535714285714306,56,56.0,0.7142857142857143,30.0,17.6,0.0,38,12,1,1,0,0.13718540405660057,0.9905453876091833,0,2024
2024-01-09,hadapsar,0,0.0,1.0,20.404166666666665,43.267857142857146,-1.8672619047619052,71,56.42857142857143,0.42857142857142855,28.5,17.6,1.2,0,12,1,1,0,0.1542040475626894,0.988039023376751,0,2024
2024-01-10,hadapsar,0,0.0,1.0,28.079166666666666,39.38333333333333,-3.8845238095238095,83,59.0,2.5714285714285716,28.1,14.4,0.6,1,12,1,1,0,0.17117705961019986,0.985240282501282,0,2024
2024-01-11,hadapsar,0,0.0,1.0,24.629166666666666,36.22440476190476,-3.158928571428571,74,63.0,4.0,28.7,9.4,0.0,2,12,1,1,0,0.18809941761179758,0.9821499931752291,0,2024
2024-01-12,hadapsar,0,0.0,1.0,26.575,31.797023809523807,-4.427380952380953,64,65.42857142857143,2.4285714285714284,29.4,11.7,0.0,3,12,1,1,0,0.20496611396949532,0.9787690698649216,0,2024
2024-01-13,hadapsar,0,0.0,1.0,27.53333333333333,28.613095238095237,-3.1839285714285723,56,66.42857142857143,1.0,29.8,9.2,0.0,4,12,1,1,0,0.22177215755648186,0.975098513039961,0,2024
2024-01-14,hadapsar,0,0.0,1.0,20.704166666666666,25.622023809523807,-2.9910714285714284,56,66.28571428571429,-0.14285714285714285,29.9,9.7,0.0,5,12,1,1,0,0.23851257519407648,0.9711394088771653,0,2024
2024-01-15,hadapsar,0,0.0,1.0,19.691666666666666,24.59940476190476,-1.0226190476190478,52,65.71428571428571,-0.5714285714285714,28.4,11.1,0.0,6,12,1,1,0,0.2551824131233728,0.9668929289391521,0,2024
2024-01-16,hadapsar,0,0.0,1.0,26.962500000000002,23.945238095238096,-0.6541666666666666,61,65.14285714285714,-0.5714285714285714,28.9,13.0,0.0,7,12,1,1,0,0.2717767384711357,0.9623603298276545,0,2024
2024-01-17,hadapsar,0,0.0,1.0,31.2375,24.88214285714286,0.9369047619047625,64,63.714285714285715,-1.4285714285714286,28.9,17.7,0.0,8,12,1,1,0,0.2882906407095177,0.9575429528116719,0,2024
2024-01-18,hadapsar,0,0.0,1.0,38.487500000000004,25.333333333333332,0.4511904761904764,70,61.0,-2.7142857142857144,27.4,11.5,0.0,9,12,1,1,0,0.3047192331091634,0.9524422234305676,0,2024
2024-01-19,hadapsar,0,0.0,1.0,36.2875,27.313095238095237,1.9797619047619055,67,60.42857142857143,-0.5714285714285714,28.9,15.6,0.0,10,12,1,1,0,0.321057654185271,0.9470596510722283,0,2024
2024-01-20,hadapsar,0,0.0,1.0,28.566666666666666,28.700595238095243,1.3875000000000004,63,60.857142857142854,0.42857142857142855,29.2,18.7,0.0,11,12,1,1,0,0.3373010691361842,0.9413968285264122,0,2024
2024-01-21,hadapsar,0,0.0,1.0,38.96666666666667,28.84821428571429,0.14761904761904784,63,61.857142857142854,1.0,28.3,13.0,0.0,12,12,1,1,0,0.3534446712740877,0.9354554315134164,0,2024
2024-01-22,hadapsar,0,0.0,1.0,34.958333333333336,31.457142857142856,2.6089285714285717,61,62.857142857142854,1.0,30.1,16.6,0.0,13,12,1,1,0,0.3694836834473831,0.9292372181882051,0,2024
2024-01-23,hadapsar,0,0.0,1.0,43.5,33.63809523809524,2.180952380952381,59,64.14285714285714,1.2857142857142858,27.3,9.0,0.0,14,12,1,1,0,0.38541335945432564,0.9227440286201427,0,2024
2024-01-24,hadapsar,0,0.0,1.0,26.6125,36.00059523809524,2.3625,45,63.857142857142854,-0.2857142857142857,27.3,10.4,0.0,15,12,1,1,0,0.4012289854475009,0.9159777842484877,0,2024
2024-01-25,hadapsar,0,0.0,1.0,24.458333333333332,35.33988095238095,-0.6607142857142857,48,61.142857142857146,-2.7142857142857144,27.5,11.3,0.0,16,12,1,1,0,0.4169258813287287,0.908940487313808,0,2024
2024-01-26,hadapsar,0,2.0,1.0,43.225,33.33571428571429,-2.0041666666666673,43,58.0,-3.142857142857143,29.8,13.3,0.0,17,12,1,1,0,0.4324994021339788,0.901634220265486,1,2024
2024-01-27,hadapsar,2,2.0,1.0,51.90833333333333,34.32678571428571,0.9910714285714286,41,54.57142857142857,-3.4285714285714284,30.1,11.8,0.0,18,12,1,1,0,0.44794493940789115,0.8940611451454876,1,2024
2024-01-28,hadapsar,0,0.0,1.0,51.208333333333336,37.66130952380952,3.3345238095238092,46,51.42857142857143,-3.142857142857143,31.3,15.0,0.0,19,12,1,1,0,0.4632579225674917,0.88622350294858,0,2024
2024-01-29,hadapsar,0,0.0,1.0,54.229166666666664,39.41011904761905,1.7488095238095238,42,49.0,-2.4285714285714284,30.8,10.1,0.0,20,12,1,1,0,0.4784338202547012,0.8781236129591848,0,2024
2024-01-30,hadapsar,0,0.0,1.0,51.208333333333336,42.16309523809524,2.75297619047619,45,46.285714285714285,-2.7142857142857144,30.7,11.5,0.0,21,12,1,1,0,0.49346814167723735,0.8697638720650646,0,2024
2024-01-31,hadapsar,0,0.0,1.0,47.5625,43.26428571428572,1.1011904761904765,46,44.285714285714285,-2.0,31.7,19.4,0.0,22,12,1,1,0,0.5083564379375122,0.8611467540480452,0,2024
2024-02-01,hadapsar,0,0.0,1.0,42.1,46.25714285714286,2.992857142857143,48,44.42857142857143,0.14285714285714285,29.0,16.8,0.0,23,12,1,1,0,0.5230943033491326,0.8522748088519838,0,2024
2024-02-02,hadapsar,0,0.0,1.0,35.416666666666664,48.77738095238095,2.5202380952380956,52,44.42857142857143,0.0,28.8,10.0,0.0,24,12,1,1,0,0.5376773767406141,0.8431506618282,0,2024
2024-02-03,hadapsar,0,0.0,1.0,30.079166666666666,47.66190476190476,-1.115476190476191,47,45.714285714285715,1.2857142857142858,31.4,14.8,0.0,25,12,1,1,0,0.5521013427459208,0.8337770129585915,0,2024
2024-02-04,hadapsar,0,0.0,1.0,41.175000000000004,44.54345238095238,-3.1184523809523808,48,46.57142857142857,0.8571428571428571,33.2,11.7,0.0,26,12,1,1,0,0.5663619330814524,0.8241566360566663,0,2024
2024-02-05,hadapsar,0,0.0,1.0,50.93333333333334,43.110119047619044,-1.4333333333333331,45,46.857142857142854,0.2857142857142857,34.1,15.9,0.0,27,12,1,1,0,0.580454927809098,0.8142923779467267,0,2024
2024-02-06,hadapsar,0,0.0,1.0,40.675000000000004,42.63928571428572,-0.47083333333333244,44,47.285714285714285,0.42857142857142855,34.7,16.8,0.0,28,12,1,1,0,0.5943761565849831,0.804187157621448,0,2024
2024-02-07,hadapsar,0,0.0,1.0,30.508333333333336,41.13452380952382,-1.5047619047619045,41,47.142857142857146,-0.14285714285714285,34.1,17.5,0.0,29,12,1,1,0,0.6081214998935418,0.7938439653781019,0,2024
2024-02-08,hadapsar,0,0.0,1.0,25.78333333333333,38.69821428571429,-2.4363095238095234,36,46.42857142857143,-0.7142857142857143,33.2,8.8,0.0,30,12,1,1,0,0.6216868902665479,0.7832658619336791,0,2024
2024-02-09,hadapsar,0,0.0,1.0,31.337500000000002,36.367261904761904,-2.3309523809523816,31,44.714285714285715,-1.7142857142857142,34.3,19.5,0.0,31,12,1,1,0,0.6350683134867438,0.7724559775191742,0,2024
2024-02-10,hadapsar,0,0.0,1.0,32.80833333333333,35.78452380952381,-0.5827380952380946,35,41.714285714285715,-3.0,34.8,21.8,0.0,32,12,1,1,0,0.6482618097757122,0.7614175109532997,0,2024
2024-02-11,hadapsar,0,0.0,1.0,34.09583333333333,36.17440476190477,0.38988095238095205,34,40.0,-1.7142857142857142,33.4,19.6,0.0,33,12,1,1,0,0.6612634749656386,0.7501537286959042,0,2024
2024-02-12,hadapsar,0,0.0,1.0,30.8875,35.16309523809524,-1.0113095238095247,34,38.0,-2.0,33.5,18.1,0.0,34,12,1,1,0,0.6740694616546161,0.7386679638813748,0,2024
2024-02-13,hadapsar,0,0.0,1.0,36.975,32.29940476190476,-2.863690476190477,26,36.42857142857143,-1.5714285714285714,33.9,20.4,0.0,35,12,1,1,0,0.6866759803451553,0.726963615332308,0,2024
2024-02-14,hadapsar,0,0.0,1.0,41.1,31.770833333333332,-0.528571428571429,30,33.857142857142854,-2.5714285714285716,32.8,11.3,0.0,36,12,1,1,0,0.6990793005655562,0.7150441465537444,0,2024
2024-02-15,hadapsar,0,0.0,1.0,33.141666666666666,33.283928571428575,1.5130952380952378,32,32.285714285714285,-1.5714285714285714,34.1,11.3,0.0,37,12,1,1,0,0.7112757519738152,0.7029130847082615,0,2024
2024-02-16,hadapsar,0,0.0,1.0,32.4625,34.335119047619045,1.0511904761904762,36,31.714285714285715,-0.5714285714285714,35.7,21.2,0.0,38,12,1,1,0,0.7232617254437388,0.6905740195722293,0,2024
2024-02-17,hadapsar,0,0.0,1.0,31.495833333333334,34.49583333333333,0.1607142857142852,36,32.42857142857143,0.7142857142857143,34.5,17.4,0.0,39,12,1,1,0,0.7350336741329413,0.6780306024735382,0,2024
2024-02-18,hadapsar,0,0.0,1.0,47.30416666666667,34.30833333333333,-0.1874999999999995,35,32.57142857142857,0.14285714285714285,34.8,14.4,0.0,40,12,1,1,0,0.746588114532413,0.6652865452111116,0,2024
2024-02-19,hadapsar,0,0.0,1.0,33.15833333333334,36.195238095238096,1.8869047619047623,28,32.714285714285715,0.14285714285714285,34.4,19.7,0.0,41,12,1,1,0,0.7579216274973472,0.6523456189565257,0,2024
2024-02-20,hadapsar,0,0.0,1.0,21.808333333333334,36.51964285714286,0.32440476190476275,31,31.857142857142858,-0.8571428571428571,34.2,22.7,0.0,42,12,1,1,0,0.7690308592589181,0.6392116531380588,0,2024
2024-02-21,hadapsar,0,0.0,1.0,21.2625,34.35297619047619,-2.166666666666667,47,32.57142857142857,0.7142857142857143,32.2,20.5,0.0,43,12,1,1,0,0.7799125224167177,0.6258885343075018,0,2024
2024-02-22,hadapsar,0,0.0,1.0,26.241666666666664,31.51904761904762,-2.833928571428572,54,35.0,2.4285714285714284,31.2,20.3,0.0,44,12,1,1,0,0.7905633969115482,0.612380204990065,0,2024
2024-02-23,hadapsar,0,0.0,1.0,27.275000000000002,30.533333333333335,-0.985714285714286,41,38.142857142857146,3.142857142857143,31.6,14.0,0.0,45,12,1,1,0,0.8009803309782905,0.5986906625177214,0,2024
2024-02-24,hadapsar,0,0.0,1.0,23.53333333333333,29.792261904761908,-0.741071428571428,34,38.857142857142854,0.7142857142857143,33.2,20.2,0.0,46,12,1,1,0,0.8111602420785621,0.5848239578463322,0,2024
2024-02-25,hadapsar,0,0.0,1.0,24.004166666666666,28.6547619047619,-1.1375000000000004,19,38.57142857142857,-0.2857142857142857,33.6,17.1,0.0,47,12,1,1,0,0.8211001178128892,0.5707841943569036,0,2024
2024-02-26,hadapsar,0,0.0,1.0,40.86666666666667,25.326190476190476,-3.3285714285714287,36,36.285714285714285,-2.2857142857142856,35.5,25.3,0.0,48,12,1,1,0,0.8307970168121247,0.5565755266413303,0,2024
2024-02-27,hadapsar,0,0.0,1.0,53.574999999999996,26.427380952380954,1.1011904761904756,36,37.42857142857143,1.1428571428571428,35.4,23.5,0.0,49,12,1,1,0,0.8402480696078469,0.5422021592729844,0,2024
2024-02-28,hadapsar,0,0.0,1.0,39.93333333333333,30.96547619047619,4.538095238095237,34,38.142857142857146,0.7142857142857143,33.6,12.0,0.0,50,12,1,1,0,0.8494504794814806,0.527668345562516,0,2024
2024-02-29,hadapsar,0,0.0,1.0,29.291666666666668,33.632738095238096,2.6672619047619044,33,36.285714285714285,-1.8571428571428572,35.1,20.0,0.0,51,12,1,1,0,0.8584015232918917,0.512978386299228,0,2024
2024-03-01,hadapsar,0,0.0,1.0,43.025,34.06845238095238,0.43571428571428633,34,33.285714285714285,-3.0,36.0,16.9,0.0,52,12,1,1,0,0.8670985522812081,0.4981366284784055,0,2024
2024-03-02,hadapsar,0,0.0,1.0,37.762499999999996,36.31845238095237,2.2499999999999996,41,32.285714285714285,-1.0,35.1,26.0,0.0,53,12,1,1,0,0.8755389928586302,0.4831474640149687,0,2024
2024-03-03,hadapsar,0,0.0,1.0,21.379166666666666,38.351190476190474,2.032738095238095,59,33.285714285714285,1.0,32.0,24.0,0.0,54,12,1,1,0,0.8837203473619977,0.4680153284438345,0,2024
2024-03-04,hadapsar,0,0.0,1.0,23.670833333333334,37.976190476190474,-0.375,47,39.0,5.714285714285714,33.1,19.5,0.0,55,12,1,1,0,0.8916401947968874,0.45274469960737107,0,2024
2024-03-05,hadapsar,0,0.0,1.0,28.15416666666667,35.51964285714285,-2.456547619047619,36,40.57142857142857,1.5714285714285714,34.8,23.0,0.0,56,12,1,1,0,0.8992961915530253,0.4373400963303323,0,2024
2024-03-06,hadapsar,0,0.0,1.0,32.38333333333333,31.888095238095236,-3.6315476190476184,32,40.57142857142857,0.0,35.5,24.3,0.0,57,12,1,1,0,0.9066860720977985,0.4218060770826634,0,2024
2024-03-07,hadapsar,0,0.0,1.0,26.620833333333334,30.809523809523803,-1.078571428571428,20,40.285714285714285,-0.2857142857142857,35.0,19.9,0.0,58,12,1,1,0,0.9138076496466615,0.4061472386305789,0,2024
2024-03-08,hadapsar,0,0.0,1.0,18.879166666666666,30.427976190476187,-0.3815476190476192,24,38.42857142857143,-1.8571428571428572,36.0,19.6,0.0,59,12,1,1,0,0.9206588168102428,0.3903682146763026,0,2024
2024-03-09,hadapsar,0,0.0,1.0,17.8625,26.978571428571424,-3.449404761904762,21,37.0,-1.4285714285714286,35.5,16.5,0.0,60,12,1,1,0,0.9272375462179537,0.374473674486883,0,2024
2024-03-10,hadapsar,0,0.0,1.0,22.183333333333334,24.135714285714283,-2.842857142857142,24,34.142857142857146,-2.857142857142857,36.9,18.6,0.0,61,12,1,1,0,0.9335418911179212,0.35846832151248087,0,2024
2024-03-11,hadapsar,0,0.0,1.0,26.741666666666664,24.250595238095237,0.11488095238095244,23,29.142857142857142,-5.0,36.1,21.7,0.0,62,12,1,1,0,0.9395699859530622,0.342356891994542,0,2024
2024-03-12,hadapsar,0,0.0,1.0,27.674999999999997,24.689285714285717,0.43869047619047563,27,25.714285714285715,-3.4285714285714284,37.6,21.4,0.0,63,12,1,1,0,0.945320046913132,0.3261441535642696,0,2024
2024-03-13,hadapsar,0,0.0,1.0,24.8125,24.620833333333334,-0.06845238095238163,28,24.428571428571427,-1.2857142857142858,36.1,19.2,0.0,64,12,1,1,0,0.9507903724625832,0.3098349038318025,0,2024
2024-03-14,hadapsar,0,0.0,1.0,29.504166666666666,23.53928571428571,-1.081547619047619,30,23.857142857142858,-0.5714285714285714,35.7,19.8,0.0,65,12,1,1,0,0.9559793438440766,0.2934339689665273,0,2024
2024-03-15,hadapsar,0,0.0,1.0,32.175000000000004,23.951190476190476,0.41190476190476183,26,25.285714285714285,1.4285714285714286,35.7,21.4,0.0,66,12,1,1,0,0.9608854255574977,0.27694620226893646,0,2024
2024-03-16,hadapsar,0,0.0,1.0,37.012499999999996,25.850595238095234,1.8994047619047625,32,25.571428571428573,0.2857142857142857,36.4,22.6,0.0,67,12,1,1,0,0.9655071658143364,0.2603764827344581,0,2024
2024-03-17,hadapsar,0,0.0,1.0,36.125,28.586309523809522,2.735714285714285,28,27.142857142857142,1.5714285714285714,37.1,25.4,0.0,68,12,1,1,0,0.969843196967294,0.24372971360968387,0,2024
2024-03-18,hadapsar,0,0.0,1.0,33.42916666666667,30.57797619047619,1.9916666666666667,20,27.714285714285715,0.5714285714285714,35.6,23.9,0.0,69,12,1,1,0,0.9738922359149924,0.22701082094141847,0,2024
2024-03-19,hadapsar,0,0.0,1.0,32.67916666666667,31.53333333333333,0.9553571428571433,25,27.285714285714285,-0.42857142857142855,35.6,18.5,0.0,70,12,1,1,0,0.9776530844816641,0.2102247521189836,0,2024
2024-03-20,hadapsar,0,0.0,1.0,22.454166666666666,32.24821428571429,0.7148809523809528,18,27.0,-0.2857142857142857,35.6,17.4,0.0,71,12,1,1,0,0.981124629771712,0.19337647441020586,0,2024
2024-03-21,hadapsar,0,0.0,1.0,26.6375,31.911309523809525,-0.33690476190476204,22,25.571428571428573,-1.4285714285714286,36.4,19.5,0.0,72,12,1,1,0,0.984305844499033,0.17647097349152166,0,2024
2024-03-22,hadapsar,0,0.0,1.0,43.81666666666666,31.501785714285717,-0.40952380952380957,35,24.428571428571427,-1.1428571428571428,36.5,23.4,0.0,73,12,1,1,0,0.9871957872910085,0.15951325197263655,0,2024
2024-03-23,hadapsar,0,0.0,1.0,42.166666666666664,33.16488095238095,1.6630952380952368,29,25.714285714285715,1.2857142857142858,36.9,26.0,0.0,74,12,1,1,0,0.9897936029670716,0.14250832791617088,0,2024
2024-03-24,hadapsar,0,0.0,1.0,31.075,33.90119047619048,0.7363095238095241,25,25.285714285714285,-0.42857142857142855,38.1,20.4,0.0,75,12,1,1,1,0.992098522791769,0.12546123335273648,0,2024
2024-03-25,hadapsar,0,0.0,1.0,31.604166666666668,33.179761904761904,-0.7214285714285715,33,24.857142857142858,-0.42857142857142855,37.9,11.9,0.0,76,12,1,1,1,0.9941098647022418,0.10837701279187609,0,2024
2024-03-26,hadapsar,0,0.0,1.0,34.00416666666667,32.91904761904762,-0.2607142857142856,31,26.714285714285715,1.8571428571428572,38.5,19.8,0.0,77,12,1,1,1,0.9958270335100595,0.09126072172931188,0,2024
2024-03-27,hadapsar,0,0.0,1.0,35.65416666666667,33.108333333333334,0.1892857142857147,31,27.571428571428573,0.8571428571428571,39.8,20.6,0.0,78,12,1,1,1,0.9972495210773451,0.07411742515094437,0,2024
2024-03-28,hadapsar,0,0.0,1.0,36.862500000000004,34.99404761904762,1.8857142857142861,31,29.428571428571427,1.8571428571428572,39.1,22.9,0.0,79,12,1,1,1,0.998376906467142,0.056952196034039754,0,2024
2024-03-29,hadapsar,0,0.0,1.0,39.59583333333333,36.4547619047619,1.4607142857142865,34,30.714285714285715,1.2857142857142858,39.3,18.5,0.0,80,12,1,1,1,0.9992088560679753,0.03977011384605572,0,2024
2024-03-30,hadapsar,0,0.0,1.0,42.270833333333336,35.85178571428571,-0.6029761904761902,38,30.571428571428573,-0.14285714285714285,38.5,20.5,0.0,81,12,1,1,1,0.9997451236925734,0.022576263041545485,0,2024
2024-03-31,hadapsar,0,0.0,1.0,36.9375,35.86666666666667,0.014880952380953058,29,31.857142857142858,1.2857142857142858,38.4,20.9,0.0,82,12,1,1,0,0.9999855506507186,0.005375731557583884,0,2024
2024-04-01,hadapsar,0,0.0,1.0,32.050000000000004,36.704166666666666,0.8375000000000001,21,32.42857142857143,0.5714285714285714,39.2,22.7,0.0,83,12,1,1,0,0.9999300657962057,-0.011826390691832589,0,2024
2024-04-02,hadapsar,0,0.0,1.0,36.550000000000004,36.767857142857146,0.06369047619047663,26,30.714285714285715,-1.7142857142857142,39.4,22.8,0.0,84,12,1,1,0,0.9995786855478958,-0.029025013321975237,0,2024
2024-04-03,hadapsar,0,0.0,1.0,34.97083333333333,37.13154761904762,0.36369047619047634,30,30.0,-0.7142857142857143,39.9,27.0,0.0,85,12,1,1,0,0.9989315138848577,-0.046215046983708354,0,2024
2024-04-04,hadapsar,0,0.0,1.0,31.170833333333334,37.033928571428575,-0.09761904761904816,27,29.857142857142858,-0.14285714285714285,40.2,23.2,0.0,86,12,1,1,0,0.9979887423155984,-0.06339140486951038,0,2024
2024-04-05,hadapsar,0,0.0,1.0,28.59166666666667,36.22083333333333,-0.8130952380952385,27,29.285714285714285,-0.5714285714285714,40.2,22.4,0.0,87,12,1,1,0,0.9967506498213929,-0.08054900421874167,0,2024
2024-04-06,hadapsar,0,0.0,1.0,22.416666666666668,34.648809523809526,-1.572023809523809,23,28.285714285714285,-1.0,39.6,26.9,0.0,88,12,1,1,0,0.9952176027737294,-0.09768276782171598,0,2024
2024-04-07,hadapsar,0,1.0,1.0,25.34583333333333,31.812500000000004,-2.836309523809524,21,26.142857142857142,-2.142857142857143,38.8,28.9,0.0,89,12,1,1,0,0.9933900548258936,-0.11478762552212701,1,2024
2024-04-08,hadapsar,1,2.0,1.0,18.383333333333333,30.156547619047622,-1.6559523809523813,17,25.0,-1.1428571428571428,38.5,20.9,0.0,90,12,1,1,0,0.9912685467787256,-0.13185851571739118,1,2024
2024-04-09,hadapsar,1,1.0,1.0,27.3625,28.20416666666667,-1.952380952380953,30,24.428571428571427,-0.5714285714285714,39.5,22.5,0.0,91,12,1,1,0,0.9888537064205885,-0.1488903868564548,1,2024
2024-04-10,hadapsar,0,0.0,1.0,31.916666666666668,26.89166666666667,-1.3125000000000004,29,25.0,0.5714285714285714,39.4,25.8,0.0,92,12,1,1,0,0.986146248341595,-0.16587819893463143,0,2024
2024-04-11,hadapsar,0,0.0,1.0,33.25833333333333,26.455357142857142,-0.43630952380952337,26,24.857142857142858,-0.14285714285714285,39.5,25.5,0.0,93,12,1,1,0,0.9831469737221499,-0.1828169249850199,0,2024
2024-04-12,hadapsar,0,0.0,1.0,28.483333333333334,26.75357142857143,0.2982142857142855,26,24.714285714285715,-0.14285714285714285,39.0,25.5,0.0,94,12,1,1,0,0.9798567700958665,-0.1997015525660636,0,2024
2024-04-13,hadapsar,0,0.0,1.0,25.816666666666666,26.73809523809524,-0.015476190476190612,32,24.571428571428573,-0.14285714285714285,38.3,23.4,0.0,95,12,1,1,0,0.9762766110869321,-0.21652708524481437,0,2024
2024-04-14,hadapsar,0,0.0,1.0,26.691666666666666,27.223809523809525,0.4857142857142855,41,25.857142857142858,1.2857142857142858,39.4,21.9,0.0,96,12,1,1,0,0.9724075561219968,-0.23328854407545518,0,2024
2024-04-15,hadapsar,0,0.0,1.0,30.3625,27.416071428571428,0.192261904761905,40,28.714285714285715,2.857142857142857,40.3,20.6,0.0,97,12,1,1,0,0.9682507501166718,-0.2499809690726521,0,2024
2024-04-16,hadapsar,0,0.0,1.0,39.69166666666667,29.12738095238095,1.711309523809524,33,32.0,3.2857142857142856,39.7,20.5,0.0,98,12,1,1,0,0.9638074231367307,-0.26659942067929354,0,2024
2024-04-17,hadapsar,0,0.0,1.0,45.475,30.888690476190472,1.7613095238095242,31,32.42857142857143,0.42857142857142855,40.4,23.1,0.1,99,12,1,1,0,0.9590788900341131,-0.28313898122818354,0,2024
2024-04-18,hadapsar,0,0.0,1.0,31.316666666666666,32.82559523809524,1.936904761904762,47,32.714285714285715,0.2857142857142857,40.6,31.1,0.0,100,12,1,1,0,0.9540665500578387,-0.2995947563972602,0,2024
2024-04-19,hadapsar,0,0.0,1.0,31.116666666666664,32.54821428571429,-0.27738095238095234,38,35.714285714285715,3.0,40.4,30.3,0.0,101,12,1,1,0,0.9487718864399473,-0.31596187665790293,0,2024
2024-04-20,hadapsar,0,0.0,1.0,33.44166666666667,32.92440476190477,0.37619047619047563,41,37.42857142857143,1.7142857142857142,39.5,17.2,0.0,102,12,1,1,0,0.9431964659565866,-0.33223549871590435,0,2024
2024-04-21,hadapsar,0,0.0,1.0,30.099999999999998,34.013690476190476,1.0892857142857149,35,38.714285714285715,1.2857142857142858,38.6,21.6,0.0,103,12,1,1,0,0.9373419384643772,-0.3484108069446808,0,2024
2024-04-22,hadapsar,0,0.0,1.0,32.225,34.50059523809524,0.4869047619047616,32,37.857142857142854,-0.8571428571428571,39.5,19.7,0.2,104,12,1,1,0,0.9312100364121947,-0.3644830148102912,0,2024
2024-04-23,hadapsar,0,0.0,1.0,33.824999999999996,34.766666666666666,0.2660714285714287,29,36.714285714285715,-1.1428571428571428,40.1,25.4,0.0,105,12,1,1,0,0.9248025743285089,-0.38044736628785164,0,2024
2024-04-24,hadapsar,0,2.0,1.0,35.324999999999996,33.92857142857143,-0.8380952380952392,35,36.142857142857146,-0.5714285714285714,39.3,17.8,0.0,106,12,1,1,0,0.9181214482844364,-0.39629913726891813,1,2024
2024-04-25,hadapsar,2,2.0,1.0,35.454166666666666,32.47857142857142,-1.4500000000000008,40,36.714285714285715,0.5714285714285714,39.3,16.4,3.8,0,12,1,1,0,0.9111686353326631,-0.41203363695942635,1,2024
2024-04-26,hadapsar,0,0.0,1.0,34.987500000000004,33.06964285714285,0.5910714285714285,35,35.714285714285715,-1.0,38.6,22.5,0.0,1,12,1,1,0,0.9039461929224011,-0.42764620926777464,0,2024
2024-04-27,hadapsar,0,0.0,1.0,39.82083333333333,33.62261904761905,0.5529761904761915,33,35.285714285714285,-0.42857142857142855,39.8,18.1,0.0,2,12,1,1,0,0.8964562582905575,-0.44313223418263453,0,2024
2024-04-28,hadapsar,0,0.0,1.0,30.745833333333334,34.53392857142857,0.9113095238095232,28,34.142857142857146,-1.1428571428571428,40.9,25.2,0.0,3,12,1,1,0,0.8887010478292915,-0.45848712914008766,0,2024
2024-04-29,hadapsar,0,0.0,1.0,28.337500000000002,34.62619047619047,0.0922619047619051,23,33.142857142857146,-1.0,41.0,20.9,0.0,4,12,1,1,0,0.8806828564301475,-0.47370635037968,0,2024
2024-04-30,hadapsar,0,0.0,1.0,25.075,34.07083333333333,-0.5553571428571428,18,31.857142857142858,-1.2857142857142858,41.7,21.1,0.0,5,12,1,1,0,0.8724040568049612,-0.48878539428899265,0,2024
2024-05-01,hadapsar,0,0.0,1.0,22.4375,32.82083333333333,-1.2499999999999996,25,30.285714285714285,-1.5714285714285714,39.2,26.1,0.0,6,12,1,1,0,0.8638670987837349,-0.503719798736334,0,2024
2024-05-02,hadapsar,0,0.0,1.0,23.625,30.979761904761908,-1.841071428571428,29,28.857142857142858,-1.4285714285714286,39.5,22.0,0.0,7,12,1,1,0,0.8550745085896932,-0.518505144391157,0,2024
2024-05-03,hadapsar,0,0.0,1.0,27.224999999999998,29.28988095238095,-1.6898809523809522,29,27.285714285714285,-1.5714285714285714,40.2,22.4,0.0,8,12,1,1,0,0.8460288880917339,-0.533137056031809,0,2024
2024-05-04,hadapsar,0,0.0,1.0,29.8,28.18095238095238,-1.1089285714285724,38,26.428571428571427,-0.8571428571428571,39.9,21.0,0.0,9,12,1,1,0,0.8367329140344921,-0.5476112038402312,0,2024
2024-05-05,hadapsar,0,0.0,1.0,23.229166666666668,26.749404761904763,-1.4315476190476188,42,27.142857142857142,0.7142857142857143,39.8,24.5,0.0,10,12,1,1,0,0.8271893372462497,-0.5619233046832195,0,2024
2024-05-06,hadapsar,0,0.0,1.0,20.033333333333335,25.675595238095237,-1.0738095238095238,44,29.142857142857142,2.0,38.7,23.5,0.0,11,12,1,1,0,0.8174009818249189,-0.5760691233798758,0,2024
2024-05-07,hadapsar,0,0.0,1.0,17.650000000000002,24.48928571428571,-1.1863095238095238,51,32.142857142857146,3.0,37.8,25.3,0.0,12,12,1,1,0,0.8073707443023492,-0.5900444739548627,0,2024
2024-05-08,hadapsar,0,0.0,1.0,17.675,23.428571428571427,-1.0607142857142853,57,36.857142857142854,4.714285714285714,38.8,28.7,0.0,13,12,1,1,0,0.7971015927871943,-0.6038452208771035,0,2024
2024-05-09,hadapsar,0,0.0,1.0,20.608333333333334,22.748214285714287,-0.6803571428571428,54,41.42857142857143,4.571428571428571,37.7,26.1,0.1,14,12,1,1,0,0.7865965660866021,-0.6174672802835514,0,2024
2024-05-10,hadapsar,0,0.0,1.0,29.120833333333334,22.317261904761903,-0.4309523809523808,61,45.0,3.5714285714285716,37.4,19.4,11.1,0,12,1,1,0,0.7758587728069828,-0.6309066211876704,0,2024
2024-05-11,hadapsar,0,0.0,1.0,34.11666666666667,22.58809523809524,0.27083333333333365,58,49.57142857142857,4.571428571428571,36.6,21.9,0.8,1,12,1,1,0,0.7648913904341225,-0.6441592666722685,0,2024
2024-05-12,hadapsar,0,0.0,1.0,34.041666666666664,23.204761904761906,0.6166666666666666,54,52.42857142857143,2.857142857142857,35.1,20.9,6.2,0,12,1,1,0,0.753697664392914,-0.6572212950663319,0,2024
2024-05-13,hadapsar,0,0.0,1.0,37.975,24.749404761904763,1.5446428571428565,56,54.142857142857146,1.7142857142857142,34.5,28.7,6.1,0,12,1,1,0,0.742280907086982,-0.6700888411055113,0,2024
2024-05-14,hadapsar,0,0.0,1.0,37.041666666666664,27.3125,2.563095238095238,52,55.857142857142854,1.7142857142857142,37.9,20.5,0.9,1,12,1,1,0,0.7306444969184916,-0.6827580970759147,0,2024
2024-05-15,hadapsar,0,0.0,1.0,34.7125,30.082738095238096,2.7702380952380947,47,56.0,0.14285714285714285,38.4,15.9,0.0,2,12,1,1,0,0.7187918772884232,-0.6952253139408722,0,2024
2024-05-16,hadapsar,0,0.0,1.0,30.02916666666667,32.516666666666666,2.433928571428571,51,54.57142857142857,-1.4285714285714286,39.4,13.8,3.3,0,12,1,1,0,0.7067265555776158,-0.7074868024503348,0,2024
2024-05-17,hadapsar,0,0.0,1.0,43.54583333333333,33.862500000000004,1.3458333333333334,56,54.142857142857146,-0.42857142857142855,37.7,25.4,0.8,1,12,1,1,0,0.6944521021088763,-0.719538934232584,0,2024
2024-05-18,hadapsar,0,0.0,1.0,55.833333333333336,35.92321428571429,2.0607142857142846,48,53.42857142857143,-0.7142857142857143,38.9,19.5,0.5,2,12,1,1,0,0.6819721490904629,-0.7313781428679254,0,2024
2024-05-19,hadapsar,0,0.0,1.0,40.56666666666667,39.02559523809524,3.1023809523809525,53,52.0,-1.4285714285714286,39.0,26.0,0.6,3,12,1,1,0,0.6692903895412567,-0.7430009249440493,0,2024
2024-05-20,hadapsar,0,0.0,1.0,34.895833333333336,39.95773809523809,0.9321428571428579,58,51.857142857142854,-0.14285714285714285,41.2,29.1,0.0,4,12,1,1,0,0.6564105761979381,-0.7544038410927472,0,2024
2024-05-21,hadapsar,0,0.0,1.0,23.53333333333333,39.517857142857146,-0.43988095238095226,52,52.142857142857146,0.2857142857142857,41.6,31.0,0.0,5,12,1,1,0,0.6433365204044917,-0.765583517007675,0,2024
2024-05-22,hadapsar,0,0.0,1.0,31.370833333333334,37.58809523809524,-1.9297619047619048,55,52.142857142857146,0.0,39.0,22.2,0.7,6,12,1,1,0,0.6300720909843687,-0.7765366444428655,0,2024
2024-05-23,hadapsar,0,0.0,1.0,31.604166666666668,37.11071428571429,-0.47738095238095213,62,53.285714285714285,1.1428571428571428,39.5,25.9,2.3,0,12,1,1,0,0.6166212130956382,-0.7872599821916922,0,2024
2024-05-24,hadapsar,0,0.0,1.0,23.641666666666666,37.33571428571428,0.2249999999999999,57,54.857142857142854,1.5714285714285714,36.6,28.0,0.8,1,12,1,1,0,0.6029878670694714,-0.7977503570459932,0,2024
2024-05-25,hadapsar,0,0.0,1.0,16.129166666666666,34.492261904761904,-2.8434523809523804,63,55.0,0.14285714285714285,34.8,28.9,0.4,2,12,1,1,0,0.5891760872322963,-0.8080046647350754,0,2024
2024-05-26,hadapsar,0,0.0,1.0,18.075,28.820238095238096,-5.672023809523809,65,57.142857142857146,2.142857142857143,35.2,28.9,0.0,3,12,1,1,0,0.5751899607119775,-0.8180198708443174,0,2024
2024-05-27,hadapsar,0,0.0,1.0,17.224999999999998,25.607142857142858,-3.2130952380952387,70,58.857142857142854,1.7142857142857142,33.6,29.9,0.0,4,12,1,1,0,0.5610336262283677,-0.8277930117131022,0,2024
2024-05-28,hadapsar,0,0.0,1.0,16.591666666666665,23.082738095238096,-2.5244047619047625,64,60.57142857142857,1.7142857142857142,35.0,34.7,0.0,5,12,1,1,0,0.5467112728685939,-0.8373211953118121,0,2024
2024-05-29,hadapsar,0,0.0,1.0,16.9875,22.091071428571432,-0.9916666666666666,63,62.285714285714285,1.7142857142857142,35.3,29.9,0.0,6,12,1,1,0,0.5322271388474397,-0.8466016020976267,0,2024
2024-05-30,hadapsar,0,0.0,1.0,15.454166666666666,20.036309523809525,-2.0547619047619046,61,63.42857142857143,1.1428571428571428,37.0,24.6,0.0,7,12,1,1,0,0.5175855102531889,-0.8556314858488706,0,2024
2024-05-31,hadapsar,0,0.0,1.0,13.108333333333334,17.729166666666668,-2.3071428571428574,63,63.285714285714285,-0.14285714285714285,36.7,25.1,0.0,8,12,1,1,0,0.5027907197793043,-0.8644081744776648,0,2024
2024-06-01,hadapsar,0,0.0,1.0,11.441666666666668,16.22440476190476,-1.5047619047619045,62,64.14285714285714,0.8571428571428571,36.8,22.7,0.0,9,12,1,1,0,0.4878471454423119,-0.8729290708206411,0,2024
2024-06-02,hadapsar,0,0.0,1.0,13.845833333333333,15.554761904761904,-0.6696428571428569,55,64.0,-0.14285714285714285,37.0,19.6,0.0,10,12,1,1,0,0.47275920928627757,-0.881191653407483,0,2024
2024-06-03,hadapsar,0,0.0,1.0,17.8,14.950595238095238,-0.6041666666666666,60,62.57142857142857,-1.4285714285714286,37.8,23.1,1.6,0,12,1,1,0,0.4575313760742512,-0.8891934772070711,0,2024
2024-06-04,hadapsar,0,0.0,1.0,16.1625,15.032738095238093,0.08214285714285754,82,61.142857142857146,-1.4285714285714286,31.2,15.9,23.6,0,12,1,1,0,0.44216815196707204,-0.8969321743510065,0,2024
2024-06-05,hadapsar,0,0.0,1.0,10.291666666666666,14.971428571428572,-0.06130952380952337,80,63.714285714285715,2.5714285714285716,32.1,22.1,4.2,0,12,1,1,0,0.42667408318992467,-0.9044054548343001,0,2024
2024-06-06,hadapsar,0,0.0,1.0,14.145833333333334,14.014880952380953,-0.9565476190476192,80,66.14285714285714,2.4285714285714284,32.8,18.2,8.1,0,12,1,1,0,0.4110537546870351,-0.9116111071930239,0,2024
2024-06-07,hadapsar,0,0.0,1.0,21.625,13.82797619047619,-0.18690476190476168,77,68.85714285714286,2.7142857142857144,33.8,22.4,7.9,0,12,1,1,0,0.3953117887649151,-0.9185469991587165,0,2024
2024-06-08,hadapsar,0,0.0,1.0,25.825,15.044642857142858,1.2166666666666666,79,70.85714285714286,2.0,32.2,22.2,9.3,0,12,1,1,0,0.37945284372454435,-0.925211078289358,0,2024
2024-06-09,hadapsar,0,0.0,1.0,23.933333333333334,17.09940476190476,2.0547619047619046,85,73.28571428571429,2.4285714285714284,27.9,17.4,2.4,0,12,1,1,0,0.36348161248290634,-0.9316013725767187,0,2024
2024-06-10,hadapsar,0,0.0,1.0,19.1375,18.54047619047619,1.4410714285714286,85,77.57142857142857,4.285714285714286,27.9,19.1,14.8,0,12,1,1,0,0.3474028211842774,-0.9377159910299093,0,2024
2024-06-11,hadapsar,0,0.0,1.0,9.620833333333334,18.73154761904762,0.19107142857142836,85,81.14285714285714,3.5714285714285716,27.9,21.1,14.7,0,12,1,1,0,0.3312212278016865,-0.9435531242349544,0,2024
2024-06-12,hadapsar,0,0.0,1.0,9.833333333333334,17.79702380952381,-0.9345238095238096,84,81.57142857142857,0.42857142857142855,29.0,20.2,6.0,0,12,1,1,0,0.31494162072895193,-0.9491110448902284,0,2024
2024-06-13,hadapsar,0,0.0,1.0,7.083333333333333,17.731547619047618,-0.06547619047619031,82,82.14285714285714,0.5714285714285714,29.2,21.3,4.1,0,12,1,1,0,0.2985688173637202,-0.9543881083175908,0,2024
2024-06-14,hadapsar,0,0.0,1.0,7.7,16.722619047619048,-1.0089285714285716,80,82.42857142857143,0.2857142857142857,28.6,21.5,2.5,0,12,1,1,0,0.2821076626819194,-0.9593827529490743,0,2024
2024-06-15,hadapsar,0,0.0,1.0,7.391666666666667,14.733333333333333,-1.9892857142857143,80,82.85714285714286,0.42857142857142855,29.5,19.9,5.2,0,12,1,1,0,0.26556302780405594,-0.9640935007889755,0,2024
2024-06-16,hadapsar,0,0.0,1.0,11.225,12.1,-2.6333333333333333,81,83.0,0.14285714285714285,30.9,20.2,4.5,0,12,1,1,0,0.24893980855376657,-0.9685189578512204,0,2024
2024-06-17,hadapsar,0,0.0,1.0,12.5375,10.28452380952381,-1.8154761904761905,81,82.42857142857143,-0.5714285714285714,30.7,19.7,3.2,0,12,1,1,0,0.23224292400907015,-0.9726578145718654,0,2024
2024-06-18,hadapsar,0,0.0,1.0,9.595833333333333,9.341666666666667,-0.9428571428571428,81,81.85714285714286,-0.5714285714285714,30.4,23.4,7.5,0,12,1,1,0,0.21547731504673012,-0.976508846196619,0,2024
2024-06-19,hadapsar,0,0.0,1.0,8.204166666666667,9.338095238095239,-0.003571428571428622,81,81.28571428571429,-0.5714285714285714,28.2,23.9,1.3,0,12,1,1,0,0.19864794288017112,-0.9800709131432666,0,2024
2024-06-20,hadapsar,0,0.0,1.0,4.879166666666666,9.105357142857143,-0.23273809523809522,83,80.85714285714286,-0.42857142857142855,29.3,26.9,3.8,0,12,1,1,0,0.18175978759137534,-0.9833429613388902,0,2024
2024-06-21,hadapsar,0,0.0,1.0,8.012500000000001,8.790476190476191,-0.3148809523809524,80,81.0,0.14285714285714285,29.8,25.9,0.7,1,12,1,1,0,0.16481784665719793,-0.9863240225317866,0,2024
2024-06-22,hadapsar,0,0.0,1.0,9.845833333333333,8.835119047619047,0.04464285714285727,78,81.0,0.0,30.1,21.7,0.7,2,12,1,1,0,0.14782713347053048,-0.9890132145779883,0,2024
2024-06-23,hadapsar,0,0.0,1.0,12.345833333333333,9.185714285714285,0.35059523809523807,79,80.71428571428571,-0.2857142857142857,30.2,17.7,1.1,0,12,1,1,0,0.13079267585675922,-0.9914097417023038,0,2024
2024-06-24,hadapsar,0,0.0,1.0,9.966666666666667,9.345833333333333,0.16011904761904766,79,80.42857142857143,-0.2857142857142857,30.8,17.4,6.6,0,12,1,1,0,0.11371951458594969,-0.9935128947338007,0,2024
2024-06-25,hadapsar,0,0.0,1.0,5.641666666666667,8.97857142857143,-0.3672619047619047,81,80.14285714285714,-0.2857142857142857,30.5,24.7,4.5,0,12,1,1,0,0.0966127018812031,-0.9953220513156602,0,2024
2024-06-26,hadapsar,0,0.0,1.0,2.9166666666666665,8.413690476190476,-0.5648809523809524,82,80.14285714285714,0.0,30.1,29.8,3.8,0,12,1,1,0,0.07947729992362097,-0.9968366760893436,0,2024
2024-06-27,hadapsar,0,0.0,1.0,3.795833333333333,7.658333333333333,-0.7553571428571431,83,80.28571428571429,0.14285714285714285,28.3,29.8,2.2,0,12,1,1,0,0.062318379354325076,-0.998056320853012,0,2024
2024-06-28,hadapsar,0,0.0,1.0,3.5416666666666665,7.503571428571428,-0.1547619047619048,83,80.28571428571429,0.0,28.3,30.0,5.0,0,12,1,1,0,0.04514101777397193,-0.9989806246941579,0,2024
2024-06-29,hadapsar,0,0.0,1.0,4.720833333333333,6.864880952380952,-0.6386904761904765,81,80.71428571428571,0.42857142857142855,29.2,27.9,0.7,1,12,1,1,0,0.02795029824021032,-0.999609314096404,0,2024
2024-06-30,hadapsar,0,0.0,1.0,3.7458333333333336,6.1327380952380945,-0.7321428571428571,82,81.14285714285714,0.42857142857142855,29.0,27.9,3.5,0,12,1,1,0,0.01075130776352193,-0.9999422030204416,0,2024
2024-07-01,hadapsar,0,0.0,1.0,3.733333333333334,4.904166666666667,-1.2285714285714284,83,81.57142857142857,0.42857142857142855,28.0,33.9,3.5,0,12,1,1,0,-0.00645086419810515,-0.9999791929590823,0,2024
2024-07-02,hadapsar,0,0.0,1.0,4.216666666666667,4.013690476190476,-0.8904761904761903,84,82.14285714285714,0.5714285714285714,27.7,28.2,8.2,0,12,1,1,0,-0.023651127245231586,-0.9997202729664083,0,2024
2024-07-03,hadapsar,0,0.0,1.0,4.979166666666667,3.8101190476190476,-0.20357142857142854,83,82.57142857142857,0.42857142857142855,28.3,26.7,0.3,1,12,1,1,0,-0.04084439154329611,-0.9991655196610109,0,2024
2024-07-04,hadapsar,0,0.0,1.0,3.295833333333333,4.104761904761905,0.2946428571428572,83,82.71428571428571,0.14285714285714285,27.5,26.1,0.7,2,12,1,1,0,-0.05802556932878035,-0.9983150972033183,0,2024
2024-07-05,hadapsar,0,0.0,1.0,3.279166666666667,4.033333333333333,-0.07142857142857142,82,82.71428571428571,0.0,28.5,30.5,3.3,0,12,1,1,0,-0.07518957641475855,-0.9971692572470178,0,2024
2024-07-06,hadapsar,0,0.0,1.0,4.508333333333334,3.995833333333333,-0.037499999999999964,82,82.57142857142857,-0.14285714285714285,28.6,33.4,3.3,0,12,1,1,0,-0.09233133369539122,-0.9957283388645872,0,2024
2024-07-07,hadapsar,0,0.0,1.0,4.104166666666667,3.9654761904761906,-0.03035714285714278,84,82.71428571428571,0.14285714285714285,26.5,19.2,5.8,0,12,1,1,0,-0.10944576864891556,-0.993992768446958,0,2024
2024-07-08,hadapsar,0,0.0,1.0,4.325,4.016666666666667,0.051190476190476196,86,83.0,0.2857142857142857,27.9,18.4,61.7,0,12,1,1,0,-0.12652781683868314,-0.9919630595773397,0,2024
2024-07-09,hadapsar,0,0.0,1.0,5.675,4.101190476190476,0.08452380952380947,85,83.42857142857143,0.42857142857142855,28.1,20.5,15.5,0,12,1,1,0,-0.1435724234118113,-0.9896398128792412,0,2024
2024-07-10,hadapsar,0,0.0,1.0,6.454166666666667,4.309523809523809,0.2083333333333333,81,83.57142857142857,0.14285714285714285,28.4,22.0,0.8,1,12,1,1,0,-0.16057454459499376,-0.9870237158387383,0,2024
2024-07-11,hadapsar,0,0.0,1.0,5.3500000000000005,4.520238095238095,0.21071428571428566,85,83.28571428571429,-0.2857142857142857,27.1,25.4,7.7,0,12,1,1,0,-0.17752914918703497,-0.984115542601034,0,2024
2024-07-12,hadapsar,0,0.0,1.0,2.908333333333333,4.813690476190476,0.2934523809523811,86,83.57142857142857,0.2857142857142857,26.9,27.8,19.1,0,12,1,1,0,-0.19443122004766195,-0.9809161537413774,0,2024
2024-07-13,hadapsar,0,0.0,1.0,2.033333333333333,4.760714285714286,-0.05297619047619051,85,84.14285714285714,0.5714285714285714,26.9,30.8,17.0,0,12,1,1,0,-0.2112757555821793,-0.9774264960104055,0,2024
2024-07-14,hadapsar,0,0.0,1.0,2.3375,4.4071428571428575,-0.35357142857142865,90,84.57142857142857,0.42857142857142855,24.9,21.6,72.5,0,12,1,1,0,-0.2280577712215198,-0.9736476020539838,0,2024
2024-07-15,hadapsar,0,0.0,1.0,5.995833333333334,4.154761904761905,-0.25238095238095243,84,85.42857142857143,0.8571428571428571,28.7,21.7,7.2,0,12,1,1,0,-0.24477230089725957,-0.9695805901076308,0,2024
2024-07-16,hadapsar,0,0.0,1.0,3.970833333333333,4.393452380952381,0.2386904761904762,82,85.14285714285714,-0.2857142857142857,29.4,28.3,1.8,0,12,1,1,0,-0.2614143985111562,-0.965226663665613,0,2024
2024-07-17,hadapsar,0,0.0,1.0,2.5291666666666663,4.15,-0.24345238095238095,85,84.71428571428571,-0.42857142857142855,27.6,25.1,6.9,0,12,1,1,0,-0.2779791393987801,-0.9605871111248129,0,2024
2024-07-18,hadapsar,0,0.0,1.0,2.1,3.589285714285714,-0.5607142857142857,85,85.28571428571429,0.5714285714285714,27.1,28.7,5.8,0,12,1,1,0,-0.2944616217868012,-0.9556633054034704,0,2024
2024-07-19,hadapsar,0,0.0,1.0,1.6375,3.125,-0.46428571428571436,86,85.28571428571429,0.0,25.6,26.9,7.3,0,12,1,1,0,-0.3108569682435036,-0.9504567035349151,0,2024
2024-07-20,hadapsar,0,0.0,1.0,1.9208333333333334,2.9434523809523805,-0.18154761904761904,87,85.28571428571429,0.0,26.6,30.2,17.9,0,12,1,1,0,-0.3271603271220951,-0.9449688462364056,0,2024
2024-07-21,hadapsar,0,0.0,1.0,1.9458333333333335,2.9273809523809526,-0.016071428571428546,85,85.57142857142857,0.2857142857142857,27.3,30.0,3.8,0,12,1,1,0,-0.34336687399638804,-0.939201357453208,0,2024
2024-07-22,hadapsar,0,0.0,1.0,1.7458333333333333,2.871428571428571,-0.05595238095238091,87,84.85714285714286,-0.7142857142857143,25.4,30.5,18.4,0,12,1,1,0,-0.3594718130884232,-0.9331559438780432,0,2024
2024-07-23,hadapsar,0,0.0,1.0,1.4458333333333335,2.2642857142857142,-0.6071428571428571,88,85.28571428571429,0.42857142857142855,25.0,30.3,20.8,0,12,1,1,0,-0.3754703786876202,-0.9268343944460494,0,2024
2024-07-24,hadapsar,0,0.0,1.0,2.3625000000000003,1.9035714285714285,-0.36071428571428565,87,86.14285714285714,0.8571428571428571,25.2,34.1,24.3,0,12,1,1,0,-0.3913578365610259,-0.9202385798054075,0,2024
2024-07-25,hadapsar,0,0.0,1.0,3.220833333333333,1.8797619047619047,-0.023809523809523725,89,86.42857142857143,0.2857142857142857,24.2,28.9,53.1,0,12,1,1,0,-0.4071294853542516,-0.9133704517637858,0,2024
2024-07-26,hadapsar,0,0.0,1.0,6.2124999999999995,2.0398809523809525,0.16011904761904758,87,87.0,0.5714285714285714,25.7,29.7,13.5,0,12,1,1,0,-0.4227806579826773,-0.9062320427107697,0,2024
2024-07-27,hadapsar,0,0.0,1.0,5.795833333333333,2.693452380952381,0.6535714285714285,88,87.14285714285714,0.14285714285714285,26.0,37.4,8.9,0,12,1,1,0,-0.4383067230125192,-0.898825465016444,0,2024
2024-07-28,hadapsar,0,0.0,1.0,3.2083333333333335,3.2470238095238098,0.5535714285714286,88,87.28571428571429,0.14285714285714285,25.5,31.1,12.3,0,12,1,1,0,-0.45370308603134424,-0.8911529104063088,0,2024
2024-07-29,hadapsar,0,0.0,1.0,3.5749999999999997,3.4273809523809526,0.18035714285714285,87,87.71428571428571,0.42857142857142855,26.8,28.6,12.4,0,12,1,1,0,-0.46896519100763184,-0.8832166493127127,0,2024
2024-07-30,hadapsar,0,0.0,1.0,4.5375000000000005,3.688690476190476,0.26130952380952377,84,87.71428571428571,0.0,28.1,27.8,4.9,0,12,1,1,0,-0.48408852163897587,-0.8750190302029955,0,2024
2024-07-31,hadapsar,0,0.0,1.0,3.995833333333333,4.130357142857143,0.4416666666666667,86,87.14285714285714,-0.5714285714285714,26.7,24.2,11.8,0,12,1,1,0,-0.4990686026885319,-0.8665624788845385,0,2024
2024-08-01,hadapsar,0,0.0,1.0,3.1999999999999997,4.3636904761904765,0.23333333333333325,84,87.0,-0.14285714285714285,26.9,29.1,1.8,0,12,1,1,0,-0.5139010013093103,-0.8578494977869301,0,2024
2024-08-02,hadapsar,0,0.0,1.0,2.3833333333333333,4.360714285714286,-0.0029761904761904973,84,86.28571428571429,-0.7142857142857143,27.1,31.9,6.2,0,12,1,1,0,-0.5285813283559292,-0.8488826652214553,0,2024
2024-08-03,hadapsar,0,0.0,1.0,2.2416666666666667,3.813690476190476,-0.5470238095238095,85,85.85714285714286,-0.42857142857142855,26.3,32.5,6.9,0,12,1,1,0,-0.5431052396834317,-0.8396646346181327,0,2024
2024-08-04,hadapsar,0,0.0,1.0,2.1333333333333333,3.3059523809523808,-0.5077380952380952,88,85.42857142857143,-0.42857142857142855,26.5,30.5,24.6,0,12,1,1,0,-0.5574684374327892,-0.8301981337405212,0,2024
2024-08-05,hadapsar,0,0.0,1.0,5.3125,3.1523809523809523,-0.1535714285714286,84,85.42857142857143,0.0,27.5,28.1,2.6,0,12,1,1,0,-0.5716666713027052,-0.8204859638785327,0,2024
2024-08-06,hadapsar,0,0.0,1.0,4.645833333333333,3.4005952380952382,0.24821428571428575,81,85.0,-0.42857142857142855,28.0,27.3,0.7,1,12,1,1,0,-0.5856957398073508,-0.8105309990194823,0,2024
2024-08-07,hadapsar,0,0.0,1.0,4.654166666666667,3.416071428571428,0.015476190476190357,83,84.57142857142857,-0.42857142857142855,27.6,25.6,3.1,0,12,1,1,0,-0.5995514915196489,-0.8003361849976323,0,2024
2024-08-08,hadapsar,0,0.0,1.0,6.504166666666666,3.5101190476190474,0.09404761904761909,82,84.14285714285714,-0.42857142857142855,27.9,23.4,2.4,0,12,1,1,0,-0.6132298262997502,-0.7899045386224707,0,2024
2024-08-09,hadapsar,0,0.0,1.0,6.0,3.982142857142857,0.4720238095238095,88,83.85714285714286,-0.2857142857142857,25.3,21.6,7.3,0,12,1,1,0,-0.6267266965083301,-0.7792391467859886,0,2024
2024-08-10,hadapsar,0,0.0,1.0,6.3374999999999995,4.498809523809524,0.5166666666666667,84,84.42857142857143,0.5714285714285714,28.7,24.3,4.1,0,12,1,1,0,-0.6400381082043503,-0.7683431655492202,0,2024
2024-08-11,hadapsar,0,0.0,1.0,5.9375,5.083928571428571,0.5851190476190476,82,84.28571428571429,-0.14285714285714285,28.0,25.2,1.0,0,12,1,1,0,-0.65316012232693,-0.7572198192083127,0,2024
2024-08-12,hadapsar,0,0.0,1.0,7.8625,5.627380952380952,0.5434523809523809,82,83.42857142857143,-0.8571428571428571,28.6,23.0,1.2,0,12,1,1,0,-0.666088855860977,-0.7458723993404063,0,2024
2024-08-13,hadapsar,0,0.0,1.0,12.0375,5.991666666666666,0.36428571428571427,80,83.14285714285714,-0.2857142857142857,30.3,17.2,0.2,1,12,1,1,0,-0.6788204829862355,-0.734304263829602,0,2024
2024-08-14,hadapsar,0,0.0,1.0,17.470833333333335,7.047619047619047,1.055952380952381,81,83.0,-0.14285714285714285,29.8,19.6,0.4,2,12,1,1,0,-0.6913512362094071,-0.722518835873311,0,2024
2024-08-15,hadapsar,0,0.0,1.0,20.683333333333334,8.87857142857143,1.830952380952381,80,82.71428571428571,-0.2857142857142857,30.9,19.7,0.2,3,12,1,1,0,-0.7036774074790128,-0.7105196029692745,0,2024
2024-08-16,hadapsar,0,0.0,1.0,15.558333333333332,10.904166666666667,2.0255952380952382,80,82.42857142857143,-0.2857142857142857,31.1,19.4,0.5,4,12,1,1,0,-0.7157953492826642,-0.6983101158835584,0,2024
2024-08-17,hadapsar,0,0.0,1.0,20.191666666666666,12.269642857142857,1.3654761904761903,82,81.28571428571429,-1.1428571428571428,29.6,11.2,5.6,0,12,1,1,0,-0.7277014757264236,-0.6858939875998223,0,2024
2024-08-18,hadapsar,0,0.0,1.0,16.183333333333334,14.248809523809525,1.9791666666666667,87,81.0,-0.2857142857142857,29.3,12.5,34.4,0,12,1,1,0,-0.7393922635959241,-0.673274892250183,0,2024
2024-08-19,hadapsar,0,0.0,1.0,17.516666666666666,15.712500000000002,1.4636904761904763,85,81.71428571428571,0.7142857142857143,30.2,7.9,8.1,0,12,1,1,0,-0.7508642533989489,-0.6604565640279754,0,2024
2024-08-20,hadapsar,0,0.0,1.0,15.958333333333334,17.091666666666665,1.3791666666666664,84,82.14285714285714,0.42857142857142855,29.7,15.8,8.9,0,12,1,1,0,-0.7621140503891487,-0.6474427960827475,0,2024
2024-08-21,hadapsar,0,0.0,1.0,13.495833333333332,17.651785714285715,0.5601190476190477,85,82.71428571428571,0.5714285714285714,30.9,15.6,9.9,0,12,1,1,0,-0.7731383255706026,-0.6342374393978054,0,2024
2024-08-22,hadapsar,0,0.0,1.0,18.704166666666666,17.083928571428572,-0.5678571428571433,85,83.28571428571429,0.5714285714285714,29.4,14.2,18.0,0,12,1,1,0,-0.7839338166829201,-0.620844401650647,0,2024
2024-08-23,hadapsar,0,0.0,1.0,7.108333333333333,16.801190476190477,-0.2827380952380954,87,84.0,0.7142857142857143,28.0,16.8,10.4,0,12,1,1,0,-0.7944973291665992,-0.6072676460566135,0,2024
2024-08-24,hadapsar,0,0.0,1.0,3.204166666666667,15.594047619047618,-1.207142857142857,91,85.0,1.0,24.5,23.1,57.5,0,12,1,1,0,-0.8048257371083452,-0.593511190196115,0,2024
2024-08-25,hadapsar,0,0.0,1.0,1.8375000000000001,13.167261904761904,-2.4267857142857143,87,86.28571428571429,1.2857142857142858,25.9,33.7,21.0,0,12,1,1,0,-0.8149159841660791,-0.5795791048257612,0,2024
2024-08-26,hadapsar,0,0.0,1.0,2.8333333333333335,11.117857142857142,-2.049404761904762,85,86.28571428571429,0.0,25.1,27.0,3.6,0,12,1,1,0,-0.8247650844733614,-0.5654755126737576,0,2024
2024-08-27,hadapsar,0,0.0,1.0,2.1750000000000003,9.020238095238096,-2.0976190476190473,84,86.28571428571429,0.0,26.9,30.1,4.9,0,12,1,1,0,-0.8343701235229538,-0.5512045872199277,0,2024
2024-08-28,hadapsar,0,0.0,1.0,4.045833333333333,7.0511904761904765,-1.969047619047619,83,86.28571428571429,0.0,27.4,32.2,2.2,0,12,1,1,0,-0.8437282590292712,-0.5367705514607103,0,2024
2024-08-29,hadapsar,0,0.0,1.0,5.770833333333333,5.701190476190476,-1.3499999999999999,82,86.0,-0.2857142857142857,27.9,26.6,2.2,0,12,1,1,0,-0.8528367217694595,-0.522177676659508,0,2024
2024-08-30,hadapsar,0,0.0,1.0,5.320833333333334,3.8535714285714286,-1.8476190476190477,83,85.57142857142857,-0.42857142857142855,27.7,22.7,1.8,0,12,1,1,0,-0.8616928164028522,-0.5074302810827518,0,2024
2024-08-31,hadapsar,0,0.0,1.0,6.470833333333334,3.5982142857142856,-0.2553571428571428,87,85.0,-0.5714285714285714,26.1,19.2,6.9,0,12,1,1,0,-0.8702939222685674,-0.49253272872205434,0,2024
2024-09-01,hadapsar,0,0.0,1.0,8.795833333333333,4.064880952380952,0.46666666666666673,88,84.42857142857143,-0.5714285714285714,26.0,24.1,3.2,0,12,1,1,0,-0.8786374941610001,-0.4774894280028391,0,2024
2024-09-02,hadapsar,0,0.0,1.0,5.2,5.058928571428571,0.9940476190476188,92,84.57142857142857,0.14285714285714285,24.2,21.2,54.0,0,12,1,1,0,-0.886721063082993,-0.46230483047981086,0,2024
2024-09-03,hadapsar,0,0.0,1.0,4.375,5.39702380952381,0.3380952380952381,86,85.57142857142857,1.0,26.9,23.5,9.4,0,12,1,1,0,-0.8945422369764496,-0.4469834295196741,0,2024
2024-09-04,hadapsar,0,0.0,1.0,5.7,5.711309523809524,0.3142857142857142,84,85.85714285714286,0.2857142857142857,27.4,26.7,1.0,0,12,1,1,0,-0.9020987014301837,-0.43152975897147144,0,2024
2024-09-05,hadapsar,0,0.0,1.0,5.2875000000000005,5.947619047619048,0.23630952380952383,85,86.0,0.14285714285714285,28.0,25.0,17.3,0,12,1,1,0,-0.9093882203647925,-0.4159483918249421,0,2024
2024-09-06,hadapsar,0,0.0,1.0,5.866666666666667,5.878571428571429,-0.06904761904761893,85,86.42857142857143,0.42857142857142855,26.8,25.6,1.2,0,12,1,1,0,-0.9164086366943458,-0.4002439388573056,0,2024
2024-09-07,hadapsar,0,0.0,1.0,6.1375,5.956547619047619,0.07797619047619049,83,86.71428571428571,0.2857142857142857,28.2,25.3,0.7,1,12,1,1,0,-0.9231578729647039,-0.38442104726885545,0,2024
2024-09-08,hadapsar,0,0.0,1.0,5.9624999999999995,5.908928571428571,-0.04761904761904771,82,86.14285714285714,-0.5714285714285714,28.3,21.6,1.9,0,12,1,1,0,-0.9296339319682695,-0.3684843993077793,0,2024
2024-09-09,hadapsar,0,0.0,1.0,5.445833333333333,5.5041666666666655,-0.4047619047619047,84,85.28571428571429,-0.8571428571428571,28.5,22.0,2.0,0,12,1,1,0,-0.9358348973349941,-0.35243871088460327,0,2024
2024-09-10,hadapsar,0,0.0,1.0,5.5125,5.539285714285714,0.03511904761904753,84,84.14285714285714,-1.1428571428571428,27.9,18.8,2.9,0,12,1,1,0,-0.9417589340994617,-0.33628873017668287,0,2024
2024-09-11,hadapsar,0,0.0,1.0,4.258333333333334,5.701785714285714,0.16250000000000003,82,83.85714285714286,-0.2857142857142857,28.4,22.4,1.7,0,12,1,1,0,-0.9474042892438845,-0.32003923622313857,0,2024
2024-09-12,hadapsar,0,0.0,1.0,9.512500000000001,5.495833333333333,-0.20595238095238091,80,83.57142857142857,-0.2857142857142857,28.2,24.8,0.4,1,12,1,1,0,-0.9527692922168511,-0.30369503751065885,0,2024
2024-09-13,hadapsar,0,0.0,1.0,11.487499999999999,6.099404761904762,0.6035714285714286,81,82.85714285714286,-0.7142857142857143,27.8,22.7,0.4,2,12,1,1,0,-0.9578523554276669,-0.28726097055059635,0,2024
2024-09-14,hadapsar,0,0.0,1.0,8.058333333333334,6.902380952380952,0.8029761904761903,81,82.28571428571429,-0.5714285714285714,27.6,24.5,1.0,0,12,1,1,0,-0.9626519747161487,-0.2707418984477642,0,2024
2024-09-15,hadapsar,0,0.0,1.0,8.0,7.176785714285715,0.27440476190476193,82,82.0,-0.2857142857142857,27.4,22.3,1.7,0,12,1,1,0,-0.9671667297977312,-0.2541427094613622,0,2024
2024-09-16,hadapsar,0,0.0,1.0,12.4125,7.467857142857143,0.29107142857142865,79,82.0,0.0,28.7,17.1,0.9,1,12,1,1,0,-0.97139528468375,-0.23746831555846842,0,2024
2024-09-17,hadapsar,0,0.0,1.0,20.787499999999998,8.463095238095239,0.9952380952380953,77,81.28571428571429,-0.7142857142857143,28.5,17.1,0.7,2,12,1,1,0,-0.9753363880767837,-0.2207236509605022,0,2024
2024-09-18,hadapsar,0,0.0,1.0,24.233333333333334,10.645238095238096,2.182142857142857,76,80.28571428571429,-1.0,29.1,14.9,0.0,3,12,1,1,0,-0.9789888737409319,-0.20391367068311472,0,2024
2024-09-19,hadapsar,0,0.0,1.0,22.191666666666666,13.498809523809523,2.8535714285714286,77,79.42857142857143,-0.8571428571428571,29.5,17.2,0.0,4,12,1,1,0,-0.9823516608469237,-0.18704334906991657,0,2024
2024-09-20,hadapsar,0,0.0,1.0,24.8625,15.310119047619045,1.8113095238095236,82,79.0,-0.42857142857142855,28.6,16.4,0.5,5,12,1,1,0,-0.9854237542919524,-0.17011767832049052,0,2024
2024-09-21,hadapsar,0,0.0,1.0,26.308333333333334,17.22083333333333,1.910714285714286,81,79.14285714285714,0.14285714285714285,30.0,15.8,3.6,0,12,1,1,0,-0.9882042449941422,-0.15314166701312007,0,2024
2024-09-22,hadapsar,0,0.0,1.0,29.525000000000002,19.827976190476193,2.607142857142857,81,79.14285714285714,0.0,30.2,13.7,8.3,0,12,1,1,0,-0.9906923101615609,-0.13612033862266704,0,2024
2024-09-23,hadapsar,0,0.0,1.0,23.479166666666668,22.90297619047619,3.075,87,79.0,-0.14285714285714285,28.9,13.8,14.3,0,12,1,1,0,-0.9928872135356962,-0.11905873003404988,0,2024
2024-09-24,hadapsar,0,0.0,1.0,14.158333333333333,24.483928571428574,1.580952380952381,88,80.14285714285714,1.1428571428571428,29.4,12.3,21.5,0,12,1,1,0,-0.994788305609327,-0.10196189005174576,0,2024
2024-09-25,hadapsar,0,0.0,1.0,5.55,23.536904761904765,-0.9470238095238093,90,81.71428571428571,1.5714285714285714,27.2,14.7,30.5,0,12,1,1,0,-0.9963950238187231,-0.08483487790576538,0,2024
2024-09-26,hadapsar,0,0.0,1.0,3.6625,20.867857142857144,-2.669047619047619,88,83.71428571428571,2.0,25.9,24.2,13.9,0,12,1,1,0,-0.9977068927101168,-0.06768276175455162,0,2024
2024-09-27,hadapsar,0,0.0,1.0,5.416666666666667,18.220833333333335,-2.6470238095238092,85,85.28571428571429,1.5714285714285714,26.3,28.4,1.7,0,12,1,1,0,-0.9987235240803972,-0.050510617185222886,0,2024
2024-09-28,hadapsar,0,0.0,1.0,4.233333333333333,15.442857142857145,-2.7779761904761906,83,85.71428571428571,0.42857142857142855,28.1,21.7,0.9,1,12,1,1,0,-0.9994446170919858,-0.033323525711631344,0,2024
2024-09-29,hadapsar,0,0.0,1.0,11.325000000000001,12.289285714285715,-3.1535714285714285,83,86.0,0.2857142857142857,28.7,18.0,1.3,0,12,1,1,0,-0.9998699583618592,-0.016126573270657762,0,2024
2024-09-30,hadapsar,0,0.0,1.0,20.962500000000002,9.689285714285715,-2.6000000000000005,80,86.28571428571429,0.2857142857142857,30.2,11.9,0.0,1,12,1,1,0,-0.9999994220246925,0.001075151282798226,0,2024
2024-10-01,hadapsar,0,0.0,1.0,33.1875,9.329761904761906,-0.3595238095238094,82,85.28571428571429,-1.0,30.9,10.7,0.0,2,12,1,1,0,-0.999832969770105,0.018276557681691223,0,2024
2024-10-02,hadapsar,0,0.0,1.0,31.337500000000002,12.048214285714286,2.7184523809523813,87,84.42857142857143,-0.8571428571428571,30.8,19.1,4.5,0,12,1,1,0,-0.9993706508539969,0.03547255575312556,0,2024
2024-10-03,hadapsar,0,0.0,1.0,21.891666666666666,15.73214285714286,3.6839285714285714,84,84.0,-0.42857142857142855,30.0,19.4,1.8,0,12,1,1,0,-0.9986126020839734,0.052658056924614005,0,2024
2024-10-04,hadapsar,0,0.0,1.0,18.4375,18.336309523809526,2.6041666666666665,84,83.42857142857143,-0.5714285714285714,28.9,17.8,0.5,1,12,1,1,0,-0.9975590477788613,0.06982797572987089,0,2024
2024-10-05,hadapsar,0,0.0,1.0,22.22083333333333,20.196428571428573,1.8601190476190474,80,83.28571428571429,-0.14285714285714285,30.0,13.5,0.0,2,12,1,1,0,-0.9962102997023297,0.0869772313136861,0,2024
2024-10-06,hadapsar,0,0.0,1.0,41.55416666666667,22.766071428571426,2.5696428571428567,82,82.85714285714286,-0.42857142857142855,30.0,17.3,1.4,0,12,1,1,0,-0.9945667569706337,0.1041007489354256,0,2024
2024-10-07,hadapsar,0,0.0,1.0,39.74583333333333,27.08452380952381,4.3184523809523805,75,82.71428571428571,-0.14285714285714285,31.1,17.5,0.0,1,12,1,1,0,-0.9926289059345095,0.121193461470736,0,2024
2024-10-08,hadapsar,0,0.0,1.0,41.016666666666666,29.767857142857142,2.6833333333333327,76,82.0,-0.7142857142857143,31.0,12.2,0.3,2,12,1,1,0,-0.9903973200352558,0.1382503109109819,0,2024
2024-10-09,hadapsar,0,0.0,1.0,31.962500000000002,30.886309523809523,1.1184523809523808,79,81.14285714285714,-0.8571428571428571,28.5,13.4,2.5,0,12,1,1,0,-0.9878726596350429,0.15526624985999563,0,2024
2024-10-10,hadapsar,0,0.0,1.0,12.424999999999999,30.975595238095234,0.08928571428571429,83,80.0,-1.1428571428571428,29.1,23.8,6.6,0,12,1,1,0,-0.9850556718215013,0.172236243027682,0,2024
2024-10-11,hadapsar,0,0.0,1.0,11.095833333333333,29.623214285714287,-1.3523809523809525,83,79.85714285714286,-0.14285714285714285,30.0,21.1,8.6,0,12,1,1,0,-0.981947190186646,0.18915526872004093,0,2024
2024-10-12,hadapsar,0,0.0,1.0,14.4625,28.574404761904763,-1.0488095238095239,85,79.71428571428571,-0.14285714285714285,30.0,16.5,7.8,0,12,1,1,0,-0.9785481345802031,0.20601832032517084,0,2024
2024-10-13,hadapsar,0,0.0,1.0,14.291666666666666,27.466071428571432,-1.108333333333333,85,80.42857142857143,0.7142857142857143,30.4,15.2,7.4,0,12,1,1,0,-0.9748595108374125,0.22282040779479959,0,2024
2024-10-14,hadapsar,0,0.0,1.0,15.216666666666667,23.571428571428573,-3.8946428571428577,83,80.85714285714286,0.42857142857142855,29.3,16.2,13.5,0,12,1,1,0,-0.9708824104813836,0.23955655912092708,0,2024
2024-10-15,hadapsar,0,0.0,1.0,19.083333333333332,20.067261904761903,-3.504166666666666,84,82.0,1.1428571428571428,28.9,13.0,1.6,0,12,1,1,0,-0.9666180104000972,0.2562218218071163,0,2024
2024-10-16,hadapsar,0,0.0,1.0,22.895833333333332,16.933928571428574,-3.1333333333333333,85,83.14285714285714,1.1428571428571428,30.0,14.1,15.1,0,12,1,1,0,-0.9620675724981452,0.27281126433401914,0,2024
2024-10-17,hadapsar,0,0.0,1.0,19.900000000000002,15.638690476190476,-1.2952380952380957,86,84.0,0.8571428571428571,28.6,13.3,4.6,0,12,1,1,0,-0.957232443323312,0.28931997761869527,0,2024
2024-10-18,hadapsar,0,0.0,1.0,12.979166666666666,16.70654761904762,1.0678571428571433,85,84.42857142857143,0.42857142857142855,29.5,21.9,21.6,0,12,1,1,0,-0.9521140536681102,0.3057430764672831,0,2024
2024-10-19,hadapsar,0,0.0,1.0,13.141666666666666,16.975595238095238,0.269047619047619,86,84.71428571428571,0.2857142857142857,29.9,12.0,19.1,0,12,1,1,0,-0.9467139181463862,0.3220757010206104,0,2024
2024-10-20,hadapsar,0,0.0,1.0,11.020833333333334,16.78690476190476,-0.18869047619047638,86,84.85714285714286,0.14285714285714285,28.7,12.4,8.1,0,12,1,1,0,-0.9410336347451197,0.3383130181923076,0,2024
2024-10-21,hadapsar,0,0.0,1.0,13.35,16.319642857142856,-0.4672619047619046,84,85.0,0.14285714285714285,27.7,13.1,3.8,0,12,1,1,0,-0.9350748843515574,0.3544502230989869,0,2024
2024-10-22,hadapsar,0,0.0,1.0,17.254166666666666,16.05297619047619,-0.2666666666666667,83,85.14285714285714,0.14285714285714285,28.5,10.3,0.4,1,12,1,1,0,-0.9288394302558068,0.3704825404820963,0,2024
2024-10-23,hadapsar,0,0.0,1.0,26.099999999999998,15.791666666666666,-0.26130952380952366,81,85.0,-0.14285714285714285,29.1,10.6,0.0,2,12,1,1,0,-0.9223291176290545,0.3864052261209853,0,2024
2024-10-24,hadapsar,0,0.0,1.0,47.18333333333334,16.249404761904763,0.4577380952380951,75,84.42857142857143,-0.5714285714285714,29.2,9.9,0.0,3,12,1,1,0,-0.9155458729775467,0.40221356823680365,0,2024
2024-10-25,hadapsar,0,0.0,1.0,55.12916666666666,20.14702380952381,3.897619047619048,64,82.85714285714286,-1.5714285714285714,29.5,9.0,0.0,4,12,1,1,0,-0.9084917035725082,0.41790288888678667,0,2024
2024-10-26,hadapsar,0,0.0,1.0,39.762499999999996,26.16845238095238,6.021428571428571,64,79.85714285714286,-3.0,29.8,11.4,0.0,5,12,1,1,0,-0.9011686968561569,0.4334685453485363,0,2024
2024-10-27,hadapsar,0,0.0,1.0,43.833333333333336,29.971428571428568,3.80297619047619,67,76.71428571428571,-3.142857142857143,31.1,13.5,0.0,6,12,1,1,0,-0.8935790198239952,0.4489059314938798,0,2024
2024-10-28,hadapsar,0,0.0,1.0,49.24583333333334,34.65892857142857,4.6875,66,74.0,-2.7142857142857144,30.9,9.6,0.0,7,12,1,1,0,-0.8857249183835637,0.4642104791518923,0,2024
2024-10-29,hadapsar,0,0.0,1.0,55.88333333333333,39.78690476190476,5.127976190476191,69,71.42857142857143,-2.5714285714285716,31.3,12.1,0.0,8,12,1,1,0,-0.8776087166898392,0.4793776594606945,0,2024
2024-10-30,hadapsar,0,0.0,1.0,53.20416666666667,45.30535714285714,5.518452380952381,72,69.42857142857143,-2.0,30.0,10.4,0.3,9,12,1,1,0,-0.8692328164574792,0.49440298420761813,0,2024
2024-10-31,hadapsar,0,0.0,1.0,57.074999999999996,49.17738095238095,3.8720238095238106,70,68.14285714285714,-1.2857142857142858,30.8,15.5,0.1,10,12,1,1,0,-0.8605996962501181,0.5092820071573356,0,2024
2024-11-01,hadapsar,0,0.0,1.0,54.550000000000004,50.59047619047619,1.4130952380952368,74,67.42857142857143,-0.7142857142857143,30.4,15.0,0.0,11,12,1,1,1,-0.8517119107469189,0.5240103253675756,0,2024
2024-11-02,hadapsar,0,0.0,1.0,50.49166666666667,50.507738095238096,-0.08273809523809408,65,68.85714285714286,1.4285714285714286,30.8,14.9,0.0,12,12,1,1,1,-0.8425720899866032,0.5385835804920232,0,2024
2024-11-03,hadapsar,0,0.0,1.0,46.833333333333336,52.040476190476184,1.532738095238096,61,69.0,0.14285714285714285,31.0,15.1,0.0,13,12,1,1,1,-0.8331829385891785,0.5529974600700271,0,2024
2024-11-04,hadapsar,0,0.0,1.0,48.37083333333334,52.46904761904762,0.42857142857142855,59,68.14285714285714,-0.8571428571428571,30.8,15.6,0.0,14,12,1,1,1,-0.8235472349556007,0.5672476988027229,0,2024
2024-11-05,hadapsar,0,0.0,1.0,55.362500000000004,52.34404761904762,-0.125,57,67.14285714285714,-1.0,30.5,14.9,0.0,15,12,1,1,1,-0.8136678304455991,0.5813300798152042,0,2024
2024-11-06,hadapsar,0,0.0,1.0,59.395833333333336,52.26964285714286,-0.07440476190476122,56,65.42857142857143,-1.7142857142857142,30.9,12.3,0.0,16,12,1,1,1,-0.8035476485339116,0.5952404359043674,0,2024
2024-11-07,hadapsar,0,0.0,1.0,52.975,53.154166666666676,0.8845238095238089,53,63.142857142857146,-2.2857142857142856,30.9,11.9,0.0,17,12,1,1,1,-0.7931896839451843,0.6089746507720486,0,2024
2024-11-08,hadapsar,0,0.0,1.0,62.375,52.56845238095239,-0.5857142857142849,52,60.714285714285715,-2.4285714285714284,30.6,17.1,0.0,18,12,1,1,0,-0.7825970017677834,0.6225286602431057,0,2024
2024-11-09,hadapsar,0,0.0,1.0,60.0375,53.68630952380953,1.1178571428571422,50,57.57142857142857,-3.142857142857143,30.5,14.8,0.0,19,12,1,1,0,-0.7717727365467836,0.6358984534680745,0,2024
2024-11-10,hadapsar,0,0.0,1.0,60.4625,55.050000000000004,1.3636904761904762,53,55.42857142857143,-2.142857142857143,30.1,12.6,0.0,20,12,1,1,0,-0.7607200913564104,0.6490800741100398,0,2024
2024-11-11,hadapsar,0,0.0,1.0,67.84166666666667,56.99702380952381,1.947023809523809,53,54.285714285714285,-1.1428571428571428,30.1,17.3,0.0,21,12,1,1,0,-0.7494423368521954,0.6620696215153815,0,2024
2024-11-12,hadapsar,0,0.0,1.0,60.324999999999996,59.778571428571425,2.7815476190476187,53,53.42857142857143,-0.8571428571428571,30.1,16.3,0.0,22,12,1,1,0,-0.7379428103031386,0.6748632518680403,0,2024
2024-11-13,hadapsar,0,0.0,1.0,44.47083333333333,60.4875,0.7089285714285702,58,52.857142857142854,-0.5714285714285714,30.3,14.1,0.0,23,12,1,1,0,-0.7262249146041543,0.6874571793269664,0,2024
2024-11-14,hadapsar,0,0.0,1.0,38.625,58.355357142857144,-2.1321428571428576,59,53.142857142857146,0.2857142857142857,31.5,13.8,0.0,24,12,1,1,0,-0.7142921172691032,0.699847677146407,0,2024
2024-11-15,hadapsar,0,0.0,1.0,45.87083333333334,56.30535714285714,-2.0500000000000003,66,54.0,0.8571428571428571,31.7,11.1,0.4,25,12,1,1,0,-0.7021479494046978,0.7120310787787131,0,2024
2024-11-16,hadapsar,0,1.0,1.0,66.91666666666667,53.94761904761905,-2.3577380952380946,61,56.0,2.0,31.9,13.1,0.1,26,12,1,1,0,-0.6897960046655887,0.7240037789593305,1,2024
2024-11-17,hadapsar,1,1.0,1.0,46.48333333333333,54.93035714285715,0.9827380952380957,55,57.57142857142857,1.5714285714285714,31.3,14.7,0.0,27,12,1,1,0,-0.6772399381909491,0.7357622347736527,1,2024
2024-11-18,hadapsar,0,0.0,1.0,40.358333333333334,52.93333333333333,-1.9970238095238102,52,57.857142857142854,0.2857142857142857,29.3,12.8,0.0,28,12,1,1,0,-0.6644834655228552,0.7473029667054296,0,2024
2024-11-19,hadapsar,0,0.0,1.0,52.22083333333333,49.00714285714286,-3.9261904761904765,55,57.714285714285715,-0.14285714285714285,28.6,11.7,0.0,29,12,1,1,0,-0.6515303615068021,0.75862255966641,0,2024
2024-11-20,hadapsar,0,0.0,1.0,52.25416666666666,47.84940476190476,-1.157738095238095,56,58.0,0.2857142857142857,28.1,12.7,0.0,30,12,1,1,0,-0.6383844591746642,0.7697176640069211,0,2024
2024-11-21,hadapsar,0,0.0,1.0,58.4,48.96130952380952,1.1119047619047617,56,57.714285714285715,-0.2857142857142857,28.9,9.4,0.0,31,12,1,1,0,-0.6250496486104377,0.7805849965070866,0,2024
2024-11-22,hadapsar,0,0.0,1.0,75.39166666666667,51.78630952380952,2.8249999999999997,57,57.285714285714285,-0.42857142857142855,29.1,10.0,0.0,32,12,1,1,0,-0.6115298757991053,0.7912213413483807,0,2024
2024-11-23,hadapsar,0,0.0,1.0,77.56666666666666,56.003571428571426,4.217261904761904,58,56.0,-1.2857142857142858,29.5,10.6,0.0,33,12,1,1,0,-0.5978291414589552,0.801623551065242,0,2024
2024-11-24,hadapsar,0,0.0,1.0,91.47500000000001,57.525,1.5214285714285702,60,55.57142857142857,-0.42857142857142855,28.9,9.1,0.0,34,12,1,1,0,-0.5839514998576998,0.8117885474764613,0,2024
2024-11-25,hadapsar,0,0.0,1.0,66.91666666666667,63.952380952380956,6.427380952380955,56,56.285714285714285,0.7142857142857143,28.2,11.6,0.0,35,12,1,1,0,-0.5699010576127624,0.8217133225960589,0,2024
2024-11-26,hadapsar,0,0.0,1.0,49.63333333333333,67.74642857142858,3.79404761904762,54,56.857142857142854,0.5714285714285714,27.6,11.5,0.0,36,12,1,1,0,-0.5556819724760489,0.8313949395234058,0,2024
2024-11-27,hadapsar,0,0.0,1.0,42.604166666666664,67.37678571428572,-0.36964285714285694,50,56.714285714285715,-0.14285714285714285,27.4,11.0,0.0,37,12,1,1,0,-0.5412984521036173,0.8408305333122887,0,2024
2024-11-28,hadapsar,0,0.0,1.0,37.762499999999996,65.99821428571428,-1.3785714285714283,48,55.857142857142854,-0.8571428571428571,27.6,16.5,0.0,38,12,1,1,0,-0.5267547528105542,0.8500173118187018,0,2024
2024-11-29,hadapsar,0,0.0,1.0,36.4375,63.05,-2.948214285714286,48,54.714285714285715,-1.1428571428571428,27.2,11.3,0.0,39,12,1,1,0,-0.5120551783114646,0.8589525565270845,0,2024
2024-11-30,hadapsar,0,0.0,1.0,53.12916666666666,57.485119047619044,-5.564880952380952,53,53.42857142857143,-1.2857142857142858,27.9,8.0,0.0,40,12,1,1,0,-0.4972040784469378,0.8676336233547726,0,2024
2024-12-01,hadapsar,0,0.0,1.0,52.9,53.99404761904761,-3.4910714285714284,59,52.714285714285715,-0.7142857142857143,29.4,10.1,0.0,41,12,1,1,0,-0.4822058478963526,0.8760579434344281,0,2024
2024-12-02,hadapsar,0,0.0,1.0,24.875,48.483333333333334,-5.510714285714287,70,52.57142857142857,-0.14285714285714285,29.2,14.4,1.2,0,12,1,1,0,-0.46706492487743034,0.8842230238742036,0,2024
2024-12-03,hadapsar,0,0.0,1.0,19.016666666666666,42.477380952380955,-6.005952380952381,74,54.57142857142857,2.0,30.1,17.1,1.6,0,12,1,1,0,-0.451785789832884,0.8921264484954345,0,2024
2024-12-04,hadapsar,0,0.0,1.0,20.179166666666667,38.103571428571435,-4.373809523809524,72,57.42857142857143,2.857142857142857,30.7,15.9,0.2,1,12,1,1,0,-0.4363729641045924,0.8997658785476209,0,2024
2024-12-05,hadapsar,0,0.0,1.0,25.045833333333334,34.9,-3.2035714285714283,68,60.57142857142857,3.142857142857143,31.5,11.0,0.1,2,12,1,1,0,-0.42083100859565564,0.9071390534005044,0,2024
2024-12-06,hadapsar,0,0.0,1.0,35.77916666666667,33.08333333333333,-1.816666666666666,65,63.42857142857143,2.857142857142857,32.0,6.4,0.0,3,12,1,1,0,-0.4051645224207563,0.9142437912130223,0,2024
2024-12-07,hadapsar,0,0.0,1.0,32.62083333333333,32.989285714285714,-0.09404761904761878,58,65.85714285714286,2.4285714285714284,32.5,11.9,0.0,4,12,1,1,0,-0.3893781415452015,0.9210779895789526,0,2024
2024-12-08,hadapsar,0,0.0,1.0,26.179166666666664,30.059523809523807,-2.9297619047619046,49,66.57142857142857,0.7142857142857143,31.0,12.7,0.0,5,12,1,1,0,-0.37347653741307074,0.9276396261490467,0,2024
2024-12-09,hadapsar,0,0.0,1.0,33.7125,26.242261904761904,-3.817261904761905,49,65.14285714285714,-1.4285714285714286,29.8,10.5,0.0,6,12,1,1,0,-0.3574644155648614,0.9339267592294762,0,2024
2024-12-10,hadapsar,0,0.0,1.0,32.204166666666666,27.5047619047619,1.2624999999999997,55,62.142857142857146,-3.0,28.7,9.4,0.0,7,12,1,1,0,-0.34134651424503615,0.9399375283564133,0,2024
2024-12-11,hadapsar,0,0.0,1.0,40.800000000000004,29.388690476190476,1.8839285714285714,60,59.42857142857143,-2.7142857142857144,29.6,7.2,0.0,8,12,1,1,0,-0.3251276029999093,0.9456701548465688,0,2024
2024-12-12,hadapsar,0,0.0,1.0,36.27916666666667,32.33452380952381,2.9458333333333337,55,57.714285714285715,-1.7142857142857142,29.3,10.6,0.0,9,12,1,1,0,-0.30881248126625377,0.9511229423235357,0,2024
2024-12-13,hadapsar,0,0.0,1.0,27.77916666666667,33.93928571428572,1.6047619047619048,52,55.857142857142854,-1.8571428571428572,28.5,10.8,0.0,10,12,1,1,0,-0.29240597695107734,0.9562942772197719,0,2024
2024-12-14,hadapsar,0,0.0,1.0,40.52916666666667,32.79642857142857,-1.1428571428571428,51,54.0,-1.8571428571428572,28.2,11.5,0.0,11,12,1,1,0,-0.27591294500296043,0.9611826292540837,0,2024
2024-12-15,hadapsar,0,0.0,1.0,33.38333333333333,33.92619047619048,1.1297619047619054,48,53.0,-1.0,28.5,9.7,0.0,12,12,1,1,0,-0.2593382659754056,0.9657865518844574,0,2024
2024-12-16,hadapsar,0,0.0,1.0,22.6125,34.955357142857146,1.029166666666667,42,52.857142857142854,-0.14285714285714285,28.6,8.5,0.0,13,12,1,1,0,-0.2426868445825954,0.9701046827361175,0,2024
2024-12-17,hadapsar,0,0.0,1.0,37.329166666666666,33.369642857142864,-1.5857142857142854,42,51.857142857142854,-1.0,29.3,9.3,0.0,14,12,1,1,0,-0.22596360824801906,0.974135744004672,0,2024
2024-12-18,hadapsar,0,0.0,1.0,51.666666666666664,34.10178571428572,0.7321428571428571,41,50.0,-1.8571428571428572,29.5,7.1,0.0,15,12,1,1,0,-0.20917350564635637,0.9778785428342386,0,2024
2024-12-19,hadapsar,0,0.0,1.0,57.30833333333334,35.65416666666666,1.5523809523809515,46,47.285714285714285,-2.7142857142857144,30.9,9.8,0.0,16,12,1,1,0,-0.19232150523909483,0.9813319716704275,0,2024
2024-12-20,hadapsar,0,0.0,1.0,68.8,38.65833333333334,3.004166666666667,56,46.0,-1.2857142857142858,30.6,11.0,0.0,17,12,1,1,0,-0.17541259380427843,0.9844950085880858,0,2024
2024-12-21,hadapsar,0,0.0,1.0,63.15,44.51845238095238,5.860119047619047,69,46.57142857142857,0.5714285714285714,31.3,15.2,0.0,18,12,1,1,0,-0.15845177496083632,0.9873667175937016,0,2024
2024-12-22,hadapsar,0,0.0,1.0,46.012499999999996,47.75,3.2315476190476184,74,49.142857142857146,2.5714285714285716,30.4,15.8,0.0,19,12,1,1,0,-0.14144406768794202,0.9899462489023779,0,2024
2024-12-23,hadapsar,0,0.0,1.0,44.104166666666664,49.554166666666674,1.804166666666666,73,52.857142857142854,3.7142857142857144,28.6,13.1,0.0,20,12,1,1,0,-0.12439450483979998,0.9922328391893008,0,2024
2024-12-24,hadapsar,0,0.0,1.0,78.88333333333334,52.62440476190476,3.070238095238095,70,57.285714285714285,4.428571428571429,29.1,11.9,0.4,21,12,1,1,0,-0.10730813165636247,0.9942258118156161,0,2024
2024-12-25,hadapsar,0,0.0,1.0,89.86666666666667,58.560714285714276,5.936309523809525,61,61.285714285714285,4.0,30.7,12.1,0.0,22,12,1,1,0,-0.09019000427034513,0.9959245770286599,0,2024
2024-12-26,hadapsar,0,0.0,1.0,50.725,64.01785714285714,5.457142857142858,62,64.14285714285714,2.857142857142857,30.7,13.5,0.3,23,12,1,1,0,-0.07304518821104743,0.9973286321364752,0,2024
2024-12-27,hadapsar,0,0.0,1.0,24.791666666666668,63.077380952380956,-0.9404761904761908,70,66.42857142857143,2.2857142857142856,30.6,12.7,1.2,0,12,1,1,0,-0.05587875690537313,0.9984375616565666,0,2024
2024-12-28,hadapsar,0,0.0,1.0,23.604166666666668,56.79047619047619,-6.28690476190476,71,68.42857142857143,2.0,30.8,12.6,2.7,0,12,1,1,0,-0.03869579017652689,0.9992510374388481,0,2024
2024-12-29,hadapsar,0,0.0,1.0,47.300000000000004,51.141071428571436,-5.649404761904762,64,68.71428571428571,0.2857142857142857,31.3,10.4,0.3,1,12,1,1,0,-0.021501372740813793,0.999768818762748,0,2024
2024-12-30,hadapsar,0,0.0,1.0,45.8125,51.324999999999996,0.18392857142857263,59,67.28571428571429,-1.4285714285714286,31.0,9.7,0.0,2,12,1,1,0,-0.004300592702981974,0.9999907524084426,0,2024
2024-12-31,hadapsar,0,0.0,1.0,32.954166666666666,51.56904761904762,0.24404761904761937,54,65.28571428571429,-2.0,30.7,8.8,0.0,3,12,1,1,0,0.012901459949419653,0.9999167727021953,0,2024
2022-08-12,kharadi,0,0.0,1.0,4.4750000000000005,4.903571428571429,-1.2255325814536338,81,85.85714285714286,-0.8571428571428571,26.9,37.5,3.5,0,18,0,2,0,-0.65316012232693,-0.7572198192083127,0,2022
2022-08-13,kharadi,0,0.0,1.0,5.4125000000000005,4.432142857142857,-0.47142857142857125,81,84.42857142857143,-1.4285714285714286,27.4,30.8,3.6,0,18,0,2,0,-0.666088855860977,-0.7458723993404063,0,2022
2022-08-14,kharadi,0,0.0,1.0,5.733333333333333,4.4279761904761905,-0.0041666666666665565,81,83.71428571428571,-0.7142857142857143,26.9,29.1,2.6,0,18,0,2,0,-0.6788204829862355,-0.734304263829602,0,2022
2022-08-15,kharadi,0,0.0,1.0,5.245833333333334,4.6000000000000005,0.17202380952380952,85,82.85714285714286,-0.8571428571428571,26.3,27.3,4.0,0,18,0,2,0,-0.6913512362094071,-0.722518835873311,0,2022
2022-08-16,kharadi,0,0.0,1.0,5.195833333333334,4.7749999999999995,0.17500000000000007,86,82.42857142857143,-0.42857142857142855,25.5,28.0,8.6,0,18,0,2,0,-0.7036774074790128,-0.7105196029692745,0,2022
2022-08-17,kharadi,0,0.0,1.0,5.2749999999999995,5.067261904761905,0.29226190476190483,82,82.57142857142857,0.14285714285714285,26.8,28.6,3.8,0,18,0,2,0,-0.7157953492826642,-0.6983101158835584,0,2022
2022-08-18,kharadi,0,0.0,1.0,8.833333333333334,5.130952380952381,0.06369047619047612,81,82.42857142857143,-0.14285714285714285,27.5,28.2,2.1,0,18,0,2,0,-0.7277014757264236,-0.6858939875998223,0,2022
2022-08-19,kharadi,0,0.0,1.0,6.779166666666666,5.7386904761904765,0.6077380952380953,82,82.42857142857143,0.0,27.3,26.2,1.7,0,18,0,2,0,-0.7393922635959241,-0.673274892250183,0,2022
2022-08-20,kharadi,0,0.0,1.0,6.875,6.067857142857143,0.3291666666666665,82,82.57142857142857,0.14285714285714285,27.3,27.1,0.7,1,18,0,2,0,-0.7508642533989489,-0.6604565640279754,0,2022
2022-08-21,kharadi,0,0.0,1.0,7.379166666666666,6.276785714285714,0.20892857142857135,82,82.71428571428571,0.14285714285714285,27.3,27.4,1.6,0,18,0,2,0,-0.7621140503891487,-0.6474427960827475,0,2022
2022-08-22,kharadi,0,0.0,1.0,6.570833333333333,6.511904761904761,0.2351190476190476,83,82.85714285714286,0.14285714285714285,26.4,31.4,2.4,0,18,0,2,0,-0.7731383255706026,-0.6342374393978054,0,2022
2022-08-23,kharadi,0,0.0,1.0,6.670833333333333,6.701190476190476,0.1892857142857142,82,82.57142857142857,-0.2857142857142857,27.1,26.9,1.4,0,18,0,2,0,-0.7839338166829201,-0.620844401650647,0,2022
2022-08-24,kharadi,0,0.0,1.0,6.658333333333334,6.911904761904762,0.21071428571428566,81,82.0,-0.5714285714285714,27.4,24.6,2.8,0,18,0,2,0,-0.7944973291665992,-0.6072676460566135,0,2022
2022-08-25,kharadi,0,0.0,1.0,9.291666666666666,7.10952380952381,0.1976190476190478,82,81.85714285714286,-0.14285714285714285,28.3,18.4,2.5,0,18,0,2,0,-0.8048257371083452,-0.593511190196115,0,2022
2022-08-26,kharadi,0,0.0,1.0,13.433333333333332,7.175,0.06547619047619031,80,82.0,0.14285714285714285,28.6,19.5,0.8,1,18,0,2,0,-0.8149159841660791,-0.5795791048257612,0,2022
2022-08-27,kharadi,0,0.0,1.0,19.054166666666667,8.125595238095238,0.9505952380952379,79,81.71428571428571,-0.2857142857142857,28.9,19.4,1.0,0,18,0,2,0,-0.8247650844733614,-0.5654755126737576,0,2022
2022-08-28,kharadi,0,0.0,1.0,22.016666666666666,9.86547619047619,1.7398809523809524,78,81.28571428571429,-0.42857142857142855,29.5,17.0,0.3,1,18,0,2,0,-0.8343701235229538,-0.5512045872199277,0,2022
2022-08-29,kharadi,0,0.0,1.0,32.75,11.956547619047617,2.0910714285714285,78,80.71428571428571,-0.5714285714285714,29.9,14.6,0.7,2,18,0,2,0,-0.8437282590292712,-0.5367705514607103,0,2022
2022-08-30,kharadi,0,0.0,1.0,39.762499999999996,15.696428571428571,3.7398809523809526,81,80.0,-0.7142857142857143,30.8,11.7,4.4,0,18,0,2,0,-0.8528367217694595,-0.522177676659508,0,2022
2022-08-31,kharadi,0,0.0,1.0,25.391666666666666,20.42380952380952,4.727380952380952,85,79.85714285714286,-0.14285714285714285,30.8,14.5,18.2,0,18,0,2,0,-0.8616928164028522,-0.5074302810827518,0,2022
2022-09-01,kharadi,0,0.0,1.0,17.729166666666668,23.099999999999998,2.676190476190476,86,80.42857142857143,0.5714285714285714,29.4,13.6,2.1,0,18,0,2,0,-0.8702939222685674,-0.49253272872205434,0,2022
2022-09-02,kharadi,0,0.0,1.0,19.054166666666667,24.30535714285714,1.205357142857143,83,81.0,0.5714285714285714,30.7,13.0,2.4,0,18,0,2,0,-0.8786374941610001,-0.4774894280028391,0,2022
2022-09-03,kharadi,0,0.0,1.0,26.037499999999998,25.10833333333333,0.8029761904761907,83,81.42857142857143,0.42857142857142855,31.2,15.5,1.8,0,18,0,2,0,-0.886721063082993,-0.46230483047981086,0,2022
2022-09-04,kharadi,0,0.0,1.0,15.833333333333334,26.105952380952377,0.9976190476190473,86,82.0,0.5714285714285714,29.2,15.0,12.2,0,18,0,2,0,-0.8945422369764496,-0.4469834295196741,0,2022
2022-09-05,kharadi,0,0.0,1.0,17.175,25.222619047619048,-0.8833333333333331,86,83.14285714285714,1.1428571428571428,26.5,13.3,2.7,0,18,0,2,0,-0.9020987014301837,-0.43152975897147144,0,2022
2022-09-06,kharadi,0,0.0,1.0,29.458333333333332,22.99761904761905,-2.225,86,84.28571428571429,1.1428571428571428,28.0,10.5,16.2,0,18,0,2,0,-0.9093882203647925,-0.4159483918249421,0,2022
2022-09-07,kharadi,0,0.0,1.0,18.879166666666666,21.52559523809524,-1.4720238095238092,86,85.0,0.7142857142857143,29.7,12.8,8.4,0,18,0,2,0,-0.9164086366943458,-0.4002439388573056,0,2022
2022-09-08,kharadi,0,0.0,1.0,21.65833333333333,20.595238095238095,-0.9303571428571428,89,85.14285714285714,0.14285714285714285,28.1,11.9,21.1,0,18,0,2,0,-0.9231578729647039,-0.38442104726885545,0,2022
2022-09-09,kharadi,0,0.0,1.0,14.4,21.15654761904762,0.5613095238095234,88,85.57142857142857,0.42857142857142855,29.0,13.2,9.8,0,18,0,2,0,-0.9296339319682695,-0.3684843993077793,0,2022
2022-09-10,kharadi,0,0.0,1.0,17.191666666666666,20.491666666666667,-0.6648809523809524,91,86.28571428571429,0.7142857142857143,27.9,11.6,13.0,0,18,0,2,0,-0.9358348973349941,-0.35243871088460327,0,2022
2022-09-11,kharadi,0,0.0,1.0,9.258333333333333,19.22797619047619,-1.263690476190476,88,87.42857142857143,1.1428571428571428,29.7,10.3,10.4,0,18,0,2,0,-0.9417589340994617,-0.33628873017668287,0,2022
2022-09-12,kharadi,0,0.0,1.0,8.583333333333334,18.288690476190474,-0.9392857142857144,88,87.71428571428571,0.2857142857142857,28.4,16.0,6.3,0,18,0,2,0,-0.9474042892438845,-0.32003923622313857,0,2022
2022-09-13,kharadi,0,0.0,1.0,5.391666666666667,17.061309523809523,-1.2273809523809525,87,88.0,0.2857142857142857,26.8,22.8,8.2,0,18,0,2,0,-0.9527692922168511,-0.30369503751065885,0,2022
2022-09-14,kharadi,0,0.0,1.0,4.904166666666667,13.623214285714285,-3.438095238095238,83,88.14285714285714,0.14285714285714285,27.2,26.8,3.4,0,18,0,2,0,-0.9578523554276669,-0.28726097055059635,0,2022
2022-09-15,kharadi,0,0.0,1.0,4.279166666666667,11.626785714285713,-1.9964285714285714,82,87.71428571428571,-0.42857142857142855,27.3,32.0,3.7,0,18,0,2,0,-0.9626519747161487,-0.2707418984477642,0,2022
2022-09-16,kharadi,0,0.0,1.0,5.133333333333334,9.14404761904762,-2.4827380952380946,85,86.71428571428571,-1.0,26.0,28.6,2.9,0,18,0,2,0,-0.9671667297977312,-0.2541427094613622,0,2022
2022-09-17,kharadi,0,0.0,1.0,6.7124999999999995,7.820238095238096,-1.3238095238095238,84,86.28571428571429,-0.42857142857142855,27.9,20.3,3.5,0,18,0,2,0,-0.97139528468375,-0.23746831555846842,0,2022
2022-09-18,kharadi,0,0.0,1.0,9.174999999999999,6.323214285714286,-1.4970238095238098,83,85.28571428571429,-1.0,27.8,21.4,3.8,0,18,0,2,0,-0.9753363880767837,-0.2207236509605022,0,2022
2022-09-19,kharadi,0,0.0,1.0,15.104166666666666,6.311309523809524,-0.011904761904761989,84,84.57142857142857,-0.7142857142857143,26.2,22.6,3.0,0,18,0,2,0,-0.9789888737409319,-0.20391367068311472,0,2022
2022-09-20,kharadi,0,0.0,1.0,16.391666666666666,7.242857142857142,0.9315476190476188,86,84.0,-0.5714285714285714,24.5,16.9,5.6,0,18,0,2,0,-0.9823516608469237,-0.18704334906991657,0,2022
2022-09-21,kharadi,0,0.0,1.0,17.145833333333332,8.814285714285713,1.5714285714285714,84,83.85714285714286,-0.14285714285714285,27.3,19.1,3.3,0,18,0,2,0,-0.9854237542919524,-0.17011767832049052,0,2022
2022-09-22,kharadi,0,0.0,1.0,15.366666666666667,10.563095238095238,1.7488095238095236,84,84.0,0.14285714285714285,25.3,21.3,0.3,1,18,0,2,0,-0.9882042449941422,-0.15314166701312007,0,2022
2022-09-23,kharadi,0,0.0,1.0,12.516666666666666,12.147023809523807,1.5839285714285716,81,84.28571428571429,0.2857142857142857,27.6,21.6,0.8,2,18,0,2,0,-0.9906923101615609,-0.13612033862266704,0,2022
2022-09-24,kharadi,0,0.0,1.0,9.570833333333333,13.201785714285714,1.0547619047619046,84,83.71428571428571,-0.5714285714285714,26.9,18.4,1.0,0,18,0,2,0,-0.9928872135356962,-0.11905873003404988,0,2022
2022-09-25,kharadi,0,0.0,1.0,14.1625,13.610119047619047,0.4083333333333333,83,83.71428571428571,0.0,27.8,15.4,1.7,0,18,0,2,0,-0.994788305609327,-0.10196189005174576,0,2022
2022-09-26,kharadi,0,0.0,1.0,21.645833333333332,14.322619047619046,0.7125000000000001,85,83.71428571428571,0.0,26.9,12.7,6.0,0,18,0,2,0,-0.9963950238187231,-0.08483487790576538,0,2022
2022-09-27,kharadi,0,0.0,1.0,30.304166666666664,15.257142857142854,0.9345238095238094,84,83.85714285714286,0.14285714285714285,28.0,13.9,0.5,1,18,0,2,0,-0.9977068927101168,-0.06768276175455162,0,2022
2022-09-28,kharadi,0,0.0,1.0,30.849999999999998,17.244642857142857,1.9874999999999996,85,83.57142857142857,-0.2857142857142857,28.5,17.3,0.9,2,18,0,2,0,-0.9987235240803972,-0.050510617185222886,0,2022
2022-09-29,kharadi,0,0.0,1.0,27.983333333333334,19.202380952380953,1.9577380952380952,87,83.71428571428571,0.14285714285714285,28.3,16.5,5.9,0,18,0,2,0,-0.9994446170919858,-0.033323525711631344,0,2022
2022-09-30,kharadi,0,0.0,1.0,38.05833333333333,21.004761904761903,1.8023809523809524,86,84.14285714285714,0.42857142857142855,30.2,23.2,10.3,0,18,0,2,0,-0.9998699583618592,-0.016126573270657762,0,2022
2022-10-01,kharadi,0,0.0,1.0,39.43333333333333,24.65357142857143,3.6488095238095233,86,84.85714285714286,0.7142857142857143,29.2,20.3,3.2,0,18,0,2,0,-0.9999994220246925,0.001075151282798226,0,2022
2022-10-02,kharadi,0,0.0,1.0,33.15833333333333,28.919642857142858,4.266071428571428,82,85.14285714285714,0.2857142857142857,29.5,15.3,1.0,0,18,0,2,0,-0.999832969770105,0.018276557681691223,0,2022
2022-10-03,kharadi,0,0.0,1.0,30.3125,31.633333333333333,2.7136904761904757,79,85.0,-0.14285714285714285,29.0,12.0,0.0,1,18,0,2,0,-0.9993706508539969,0.03547255575312556,0,2022
2022-10-04,kharadi,0,0.0,1.0,33.1625,32.87142857142857,1.2380952380952384,80,84.14285714285714,-0.8571428571428571,30.2,12.1,1.8,0,18,0,2,0,-0.9986126020839734,0.052658056924614005,0,2022
2022-10-05,kharadi,0,0.0,1.0,34.2875,33.279761904761905,0.408333333333334,77,83.57142857142857,-0.5714285714285714,29.9,16.2,0.1,1,18,0,2,0,-0.9975590477788613,0.06982797572987089,0,2022
2022-10-06,kharadi,0,0.0,1.0,26.045833333333334,33.770833333333336,0.4910714285714291,80,82.42857142857143,-1.1428571428571428,29.4,17.8,19.3,0,18,0,2,0,-0.9962102997023297,0.0869772313136861,0,2022
2022-10-07,kharadi,0,0.0,1.0,8.479166666666666,33.49404761904761,-0.2767857142857143,86,81.42857142857143,-1.0,27.1,17.6,13.9,0,18,0,2,0,-0.9945667569706337,0.1041007489354256,0,2022
2022-10-08,kharadi,0,0.0,1.0,11.529166666666667,29.26845238095238,-4.225595238095238,83,81.42857142857143,0.0,27.0,20.6,1.8,0,18,0,2,0,-0.9926289059345095,0.121193461470736,0,2022
2022-10-09,kharadi,0,0.0,1.0,22.212500000000002,25.282142857142855,-3.986309523809523,80,81.0,-0.42857142857142855,30.0,11.8,0.0,1,18,0,2,0,-0.9903973200352558,0.1382503109109819,0,2022
2022-10-10,kharadi,0,0.0,1.0,34.84583333333333,23.71845238095238,-1.5636904761904755,88,80.71428571428571,-0.2857142857142857,28.9,10.0,5.1,0,18,0,2,0,-0.9878726596350429,0.15526624985999563,0,2022
2022-10-11,kharadi,0,0.0,1.0,18.979166666666668,24.366071428571427,0.6476190476190473,88,82.0,1.2857142857142858,29.2,12.0,6.2,0,18,0,2,0,-0.9850556718215013,0.172236243027682,0,2022
2022-10-12,kharadi,0,0.0,1.0,14.245833333333332,22.339880952380952,-2.026190476190476,88,83.14285714285714,1.1428571428571428,28.3,11.0,22.0,0,18,0,2,0,-0.981947190186646,0.18915526872004093,0,2022
2022-10-13,kharadi,0,0.0,1.0,14.579166666666666,19.476785714285715,-2.8630952380952386,88,84.71428571428571,1.5714285714285714,28.2,13.0,11.9,0,18,0,2,0,-0.9785481345802031,0.20601832032517084,0,2022
2022-10-14,kharadi,0,0.0,1.0,14.299999999999999,17.838690476190475,-1.6380952380952383,88,85.85714285714286,1.1428571428571428,27.9,16.6,11.7,0,18,0,2,0,-0.9748595108374125,0.22282040779479959,0,2022
2022-10-15,kharadi,0,0.0,1.0,23.15416666666667,18.670238095238094,0.831547619047619,81,86.14285714285714,0.2857142857142857,28.7,16.8,0.1,1,18,0,2,0,-0.9708824104813836,0.23955655912092708,0,2022
2022-10-16,kharadi,0,0.0,1.0,27.15833333333333,20.33095238095238,1.660714285714286,81,85.85714285714286,-0.2857142857142857,28.5,16.2,14.5,0,18,0,2,0,-0.9666180104000972,0.2562218218071163,0,2022
2022-10-17,kharadi,0,0.0,1.0,12.512500000000001,21.037499999999998,0.7065476190476184,88,86.0,0.14285714285714285,28.4,15.9,17.9,0,18,0,2,0,-0.9620675724981452,0.27281126433401914,0,2022
2022-10-18,kharadi,0,0.0,1.0,23.520833333333332,17.847023809523808,-3.19047619047619,90,86.0,0.0,27.9,9.0,13.4,0,18,0,2,0,-0.957232443323312,0.28931997761869527,0,2022
2022-10-19,kharadi,0,0.0,1.0,29.145833333333332,18.495833333333334,0.6488095238095235,86,86.28571428571429,0.2857142857142857,28.6,9.0,4.6,0,18,0,2,0,-0.9521140536681102,0.3057430764672831,0,2022
2022-10-20,kharadi,0,0.0,1.0,19.166666666666668,20.624404761904763,2.1285714285714286,87,86.0,-0.2857142857142857,27.8,10.8,1.1,0,18,0,2,0,-0.9467139181463862,0.3220757010206104,0,2022
2022-10-21,kharadi,0,0.0,1.0,20.695833333333333,21.2797619047619,0.6553571428571432,87,85.85714285714286,-0.14285714285714285,27.1,14.7,3.6,0,18,0,2,0,-0.9410336347451197,0.3383130181923076,0,2022
2022-10-22,kharadi,0,0.0,1.0,24.316666666666666,22.193452380952383,0.9136904761904763,77,85.71428571428571,-0.14285714285714285,28.3,15.5,0.3,1,18,0,2,0,-0.9350748843515574,0.3544502230989869,0,2022
2022-10-23,kharadi,0,0.0,1.0,31.370833333333334,22.35952380952381,0.16607142857142826,72,85.14285714285714,-0.5714285714285714,28.0,11.9,0.0,2,18,0,2,0,-0.9288394302558068,0.3704825404820963,0,2022
2022-10-24,kharadi,0,0.0,1.0,42.65833333333333,22.961309523809526,0.6017857142857146,66,83.85714285714286,-1.2857142857142858,28.2,12.5,0.0,3,18,0,2,1,-0.9223291176290545,0.3864052261209853,0,2022
2022-10-25,kharadi,0,0.0,1.0,50.40833333333333,27.267857142857142,4.306547619047619,67,80.71428571428571,-3.142857142857143,28.6,6.9,0.0,4,18,0,2,1,-0.9155458729775467,0.40221356823680365,0,2022
2022-10-26,kharadi,0,0.0,1.0,53.44583333333333,31.10892857142857,3.8410714285714285,70,77.42857142857143,-3.2857142857142856,27.8,11.9,0.0,5,18,0,2,1,-0.9084917035725082,0.41790288888678667,0,2022
2022-10-27,kharadi,0,0.0,1.0,40.44583333333333,34.580357142857146,3.4714285714285715,66,75.14285714285714,-2.2857142857142856,27.5,13.4,0.0,6,18,0,2,1,-0.9011686968561569,0.4334685453485363,0,2022
2022-10-28,kharadi,0,0.0,1.0,39.612500000000004,37.6202380952381,3.039880952380952,64,72.14285714285714,-3.0,27.3,16.6,0.0,7,18,0,2,1,-0.8935790198239952,0.4489059314938798,0,2022
2022-10-29,kharadi,0,0.0,1.0,33.13333333333333,40.32261904761905,2.702380952380953,65,68.85714285714286,-3.2857142857142856,27.9,16.8,0.0,8,18,0,2,1,-0.8857249183835637,0.4642104791518923,0,2022
2022-10-30,kharadi,0,0.0,1.0,34.4375,41.58214285714286,1.2595238095238095,62,67.14285714285714,-1.7142857142857142,28.1,16.2,0.0,9,18,0,2,1,-0.8776087166898392,0.4793776594606945,0,2022
2022-10-31,kharadi,0,0.0,1.0,51.145833333333336,42.02023809523809,0.43809523809523804,59,65.71428571428571,-1.4285714285714286,27.7,11.9,0.0,10,18,0,2,0,-0.8692328164574792,0.49440298420761813,0,2022
2022-11-01,kharadi,0,0.0,1.0,50.041666666666664,43.2327380952381,1.2125000000000006,62,64.71428571428571,-1.0,27.8,13.7,0.0,11,18,0,2,0,-0.8605996962501181,0.5092820071573356,0,2022
2022-11-02,kharadi,0,0.0,1.0,48.0875,43.18035714285715,-0.05238095238095245,65,64.0,-0.7142857142857143,29.2,12.3,0.0,12,18,0,2,0,-0.8517119107469189,0.5240103253675756,0,2022
2022-11-03,kharadi,0,0.0,1.0,37.895833333333336,42.41488095238095,-0.7654761904761906,59,63.285714285714285,-0.7142857142857143,29.9,16.0,0.0,13,18,0,2,0,-0.8425720899866032,0.5385835804920232,0,2022
2022-11-04,kharadi,0,0.0,1.0,35.63333333333333,42.05059523809524,-0.3642857142857139,62,62.285714285714285,-1.0,29.5,14.9,0.0,14,18,0,2,0,-0.8331829385891785,0.5529974600700271,0,2022
2022-11-05,kharadi,0,0.0,1.0,35.67916666666667,41.482142857142854,-0.5684523809523816,57,62.0,-0.2857142857142857,29.6,12.6,0.0,15,18,0,2,0,-0.8235472349556007,0.5672476988027229,0,2022
2022-11-06,kharadi,0,0.0,1.0,35.67916666666667,41.84583333333334,0.36369047619047634,53,60.857142857142854,-1.1428571428571428,29.8,13.6,0.0,16,18,0,2,0,-0.8136678304455991,0.5813300798152042,0,2022
2022-11-07,kharadi,0,0.0,1.0,44.25416666666666,42.02321428571429,0.17738095238095244,55,59.57142857142857,-1.2857142857142858,29.8,10.5,0.0,17,18,0,2,0,-0.8035476485339116,0.5952404359043674,0,2022
2022-11-08,kharadi,0,0.0,1.0,51.69583333333333,41.038690476190474,-0.9845238095238104,56,59.0,-0.5714285714285714,29.9,10.6,0.0,18,18,0,2,0,-0.7931896839451843,0.6089746507720486,0,2022
2022-11-09,kharadi,0,0.0,1.0,49.99166666666667,41.275,0.23630952380952408,53,58.142857142857146,-0.8571428571428571,29.7,13.2,0.0,19,18,0,2,0,-0.7825970017677834,0.6225286602431057,0,2022
2022-11-10,kharadi,0,0.0,1.0,40.90833333333333,41.54702380952381,0.2720238095238098,49,56.42857142857143,-1.7142857142857142,29.6,19.7,0.0,20,18,0,2,0,-0.7717727365467836,0.6358984534680745,0,2022
2022-11-11,kharadi,0,0.0,1.0,44.15833333333333,41.977380952380955,0.43035714285714227,58,55.0,-1.4285714285714286,29.9,19.4,0.0,21,18,0,2,0,-0.7607200913564104,0.6490800741100398,0,2022
2022-11-12,kharadi,0,0.0,1.0,51.76666666666667,43.195238095238096,1.2178571428571427,60,54.42857142857143,-0.5714285714285714,29.6,16.6,0.0,22,18,0,2,0,-0.7494423368521954,0.6620696215153815,0,2022
2022-11-13,kharadi,0,0.0,1.0,58.52916666666667,45.49345238095238,2.2982142857142867,61,54.857142857142854,0.42857142857142855,29.2,14.9,0.0,23,18,0,2,0,-0.7379428103031386,0.6748632518680403,0,2022
2022-11-14,kharadi,0,0.0,1.0,55.975,48.757738095238096,3.2642857142857147,62,56.0,1.1428571428571428,29.9,11.0,0.0,24,18,0,2,0,-0.7262249146041543,0.6874571793269664,0,2022
2022-11-15,kharadi,0,0.0,1.0,61.07083333333333,50.432142857142864,1.6744047619047626,60,57.0,1.0,29.8,8.1,0.0,25,18,0,2,0,-0.7142921172691032,0.699847677146407,0,2022
2022-11-16,kharadi,0,0.0,1.0,56.55833333333334,51.77142857142858,1.3392857142857142,60,57.57142857142857,0.5714285714285714,28.8,9.1,0.0,26,18,0,2,0,-0.7021479494046978,0.7120310787787131,0,2022
2022-11-17,kharadi,0,0.0,1.0,50.074999999999996,52.709523809523816,0.9380952380952385,55,58.57142857142857,1.0,29.3,11.9,0.0,27,18,0,2,0,-0.6897960046655887,0.7240037789593305,0,2022
2022-11-18,kharadi,0,0.0,1.0,41.4375,54.01904761904762,1.309523809523809,50,59.42857142857143,0.8571428571428571,28.4,12.3,0.0,28,18,0,2,0,-0.6772399381909491,0.7357622347736527,0,2022
2022-11-19,kharadi,0,0.0,1.0,51.416666666666664,53.63035714285714,-0.3886904761904759,50,58.285714285714285,-1.1428571428571428,27.6,10.9,0.0,29,18,0,2,0,-0.6644834655228552,0.7473029667054296,0,2022
2022-11-20,kharadi,0,0.0,1.0,44.94583333333333,53.580357142857146,-0.05000000000000122,50,56.857142857142854,-1.4285714285714286,26.7,12.4,0.0,30,18,0,2,0,-0.6515303615068021,0.75862255966641,0,2022
2022-11-21,kharadi,0,0.0,1.0,45.020833333333336,51.639880952380956,-1.940476190476191,49,55.285714285714285,-1.5714285714285714,26.9,10.7,0.0,31,18,0,2,0,-0.6383844591746642,0.7697176640069211,0,2022
2022-11-22,kharadi,0,0.0,1.0,54.275,50.074999999999996,-1.5648809523809522,52,53.42857142857143,-1.8571428571428572,28.7,9.8,0.0,32,18,0,2,0,-0.6250496486104377,0.7805849965070866,0,2022
2022-11-23,kharadi,0,0.0,1.0,55.74583333333334,49.104166666666664,-0.9708333333333334,53,52.285714285714285,-1.1428571428571428,29.7,11.6,0.0,33,18,0,2,0,-0.6115298757991053,0.7912213413483807,0,2022
2022-11-24,kharadi,0,0.0,1.0,59.550000000000004,48.988095238095234,-0.11607142857142858,56,51.285714285714285,-1.0,29.8,9.8,0.0,34,18,0,2,0,-0.5978291414589552,0.801623551065242,0,2022
2022-11-25,kharadi,0,0.0,1.0,58.487500000000004,50.34166666666666,1.3535714285714298,61,51.42857142857143,0.14285714285714285,30.8,9.7,0.0,35,18,0,2,0,-0.5839514998576998,0.8117885474764613,0,2022
2022-11-26,kharadi,0,0.0,1.0,74.425,52.77738095238095,2.4357142857142864,62,53.0,1.5714285714285714,30.7,10.2,0.0,36,18,0,2,0,-0.5699010576127624,0.8217133225960589,0,2022
2022-11-27,kharadi,0,0.0,1.0,93.62916666666666,56.06428571428571,3.2869047619047618,68,54.714285714285715,1.7142857142857142,30.5,9.4,0.0,37,18,0,2,0,-0.5556819724760489,0.8313949395234058,0,2022
2022-11-28,kharadi,0,0.0,1.0,61.90833333333333,63.01904761904762,6.954761904761904,65,57.285714285714285,2.5714285714285716,30.4,12.5,0.0,38,18,0,2,0,-0.5412984521036173,0.8408305333122887,0,2022
2022-11-29,kharadi,0,0.0,1.0,54.54583333333333,65.43154761904762,2.412499999999999,60,59.57142857142857,2.2857142857142856,30.5,11.6,0.0,39,18,0,2,0,-0.5267547528105542,0.8500173118187018,0,2022
2022-11-30,kharadi,0,0.0,1.0,51.800000000000004,65.4702380952381,0.03869047619047551,58,60.714285714285715,1.1428571428571428,29.6,11.2,0.0,40,18,0,2,0,-0.5120551783114646,0.8589525565270845,0,2022
2022-12-01,kharadi,0,0.0,1.0,45.800000000000004,64.90654761904763,-0.5636904761904761,52,61.42857142857143,0.7142857142857143,29.0,10.8,0.0,41,18,0,2,0,-0.4972040784469378,0.8676336233547726,0,2022
2022-12-02,kharadi,0,0.0,1.0,66.075,62.94226190476191,-1.9642857142857142,53,60.857142857142854,-0.5714285714285714,30.1,9.5,0.0,42,18,0,2,0,-0.4822058478963526,0.8760579434344281,0,2022
2022-12-03,kharadi,0,0.0,1.0,87.325,64.02619047619048,1.0839285714285711,60,59.714285714285715,-1.1428571428571428,30.9,8.6,0.0,43,18,0,2,0,-0.46706492487743034,0.8842230238742036,0,2022
2022-12-04,kharadi,0,0.0,1.0,84.7625,65.86904761904762,1.8428571428571436,70,59.42857142857143,-0.2857142857142857,30.4,11.5,0.0,44,18,0,2,0,-0.451785789832884,0.8921264484954345,0,2022
2022-12-05,kharadi,0,0.0,1.0,76.45833333333333,64.60238095238095,-1.2666666666666657,68,59.714285714285715,0.2857142857142857,30.2,11.3,0.0,45,18,0,2,0,-0.4363729641045924,0.8997658785476209,0,2022
2022-12-06,kharadi,0,0.0,1.0,68.6125,66.68095238095239,2.0785714285714283,60,60.142857142857146,0.42857142857142855,30.5,13.0,0.0,46,18,0,2,0,-0.42083100859565564,0.9071390534005044,0,2022
2022-12-07,kharadi,0,0.0,1.0,62.699999999999996,68.69047619047619,2.00952380952381,59,60.142857142857146,0.0,30.6,12.7,0.0,47,18,0,2,0,-0.4051645224207563,0.9142437912130223,0,2022
2022-12-08,kharadi,0,0.0,1.0,74.49166666666666,70.24761904761905,1.5571428571428558,58,60.285714285714285,0.14285714285714285,29.7,11.5,0.0,48,18,0,2,0,-0.3893781415452015,0.9210779895789526,0,2022
2022-12-09,kharadi,0,0.0,1.0,38.46666666666667,74.34642857142856,4.098809523809522,47,61.142857142857146,0.8571428571428571,27.9,14.5,0.0,49,18,0,2,0,-0.37347653741307074,0.9276396261490467,0,2022
2022-12-10,kharadi,0,0.0,1.0,34.920833333333334,70.40238095238095,-3.9440476190476192,43,60.285714285714285,-0.8571428571428571,29.5,9.7,0.0,50,18,0,2,0,-0.3574644155648614,0.9339267592294762,0,2022
2022-12-11,kharadi,0,0.0,1.0,35.270833333333336,62.916071428571435,-7.486309523809524,55,57.857142857142854,-2.4285714285714284,30.2,16.0,0.5,51,18,0,2,0,-0.34134651424503615,0.9399375283564133,0,2022
2022-12-12,kharadi,0,0.0,1.0,22.233333333333334,55.845833333333324,-7.070238095238095,76,55.714285714285715,-2.142857142857143,28.9,16.5,0.0,52,18,0,2,0,-0.3251276029999093,0.9456701548465688,0,2022
2022-12-13,kharadi,0,0.0,1.0,12.0625,48.09940476190476,-7.746428571428571,76,56.857142857142854,1.1428571428571428,28.3,21.3,0.6,53,18,0,2,0,-0.30881248126625377,0.9511229423235357,0,2022
2022-12-14,kharadi,0,0.0,1.0,0.8083333333333332,40.020833333333336,-8.078571428571427,69,59.142857142857146,2.2857142857142856,29.8,20.0,0.0,54,18,0,2,0,-0.29240597695107734,0.9562942772197719,0,2022
2022-12-15,kharadi,0,0.0,1.0,0.7166666666666667,31.17916666666667,-8.841666666666667,69,60.57142857142857,1.4285714285714286,29.7,14.8,0.0,55,18,0,2,0,-0.27591294500296043,0.9611826292540837,0,2022
2022-12-16,kharadi,0,0.0,1.0,21.8875,20.639880952380956,-10.539285714285713,63,62.142857142857146,1.5714285714285714,31.3,10.1,0.0,56,18,0,2,0,-0.2593382659754056,0.9657865518844574,0,2022
2022-12-17,kharadi,0,0.0,1.0,35.5625,18.271428571428572,-2.368452380952381,60,64.42857142857143,2.2857142857142856,30.6,11.9,0.1,57,18,0,2,0,-0.2426868445825954,0.9701046827361175,0,2022
2022-12-18,kharadi,0,0.0,1.0,32.949999999999996,18.36309523809524,0.09166666666666654,56,66.85714285714286,2.4285714285714284,31.3,11.5,0.0,58,18,0,2,0,-0.22596360824801906,0.974135744004672,0,2022
2022-12-19,kharadi,0,0.0,1.0,26.849999999999998,18.03154761904762,-0.33154761904762,52,67.0,0.14285714285714285,30.1,9.5,0.0,59,18,0,2,0,-0.20917350564635637,0.9778785428342386,0,2022
2022-12-20,kharadi,0,0.0,1.0,34.34166666666667,18.69107142857143,0.6595238095238091,48,63.57142857142857,-3.4285714285714284,30.4,10.6,0.0,60,18,0,2,0,-0.19232150523909483,0.9813319716704275,0,2022
2022-12-21,kharadi,0,0.0,1.0,43.37083333333334,21.873809523809523,3.1827380952380957,48,59.57142857142857,-4.0,30.8,8.7,0.0,61,18,0,2,0,-0.17541259380427843,0.9844950085880858,0,2022
2022-12-22,kharadi,0,0.0,1.0,52.48333333333333,27.95416666666667,6.080357142857144,53,56.57142857142857,-3.0,30.8,9.0,0.0,62,18,0,2,0,-0.15845177496083632,0.9873667175937016,0,2022
2022-12-23,kharadi,0,0.0,1.0,61.0,35.34940476190476,7.395238095238094,57,54.285714285714285,-2.2857142857142856,31.0,12.1,0.0,63,18,0,2,0,-0.14144406768794202,0.9899462489023779,0,2022
2022-12-24,kharadi,0,0.0,1.0,55.17083333333333,40.93690476190476,5.5874999999999995,53,53.42857142857143,-0.8571428571428571,30.6,12.1,0.0,64,18,0,2,0,-0.12439450483979998,0.9922328391893008,0,2022
2022-12-25,kharadi,0,0.0,1.0,51.99583333333334,43.73809523809524,2.801190476190475,49,52.42857142857143,-1.0,30.5,12.0,0.0,65,18,0,2,0,-0.10730813165636247,0.9942258118156161,0,2022
2022-12-26,kharadi,0,0.0,1.0,54.166666666666664,46.45892857142858,2.7208333333333345,55,51.42857142857143,-1.0,30.9,13.3,0.0,66,18,0,2,0,-0.09019000427034513,0.9959245770286599,0,2022
2022-12-27,kharadi,0,0.0,1.0,52.833333333333336,50.36130952380952,3.9023809523809523,60,51.857142857142854,0.42857142857142855,31.3,10.2,0.0,67,18,0,2,0,-0.07304518821104743,0.9973286321364752,0,2022
2022-12-28,kharadi,0,0.0,1.0,53.11666666666667,53.0029761904762,2.6416666666666666,57,53.57142857142857,1.7142857142857142,31.1,11.9,0.0,68,18,0,2,0,-0.05587875690537313,0.9984375616565666,0,2022
2022-12-29,kharadi,0,0.0,1.0,51.699999999999996,54.39523809523809,1.3922619047619043,55,54.857142857142854,1.2857142857142858,30.7,10.4,0.0,69,18,0,2,0,-0.03869579017652689,0.9992510374388481,0,2022
2022-12-30,kharadi,0,1.0,1.0,56.050000000000004,54.28333333333334,-0.11190476190476163,55,55.142857142857146,0.2857142857142857,30.4,13.4,0.0,70,18,0,2,0,-0.021501372740813793,0.999768818762748,1,2022
2022-12-31,kharadi,1,1.0,1.0,59.05416666666667,53.57619047619048,-0.7071428571428565,54,54.857142857142854,-0.2857142857142857,30.6,12.9,0.0,71,18,0,2,0,-0.004300592702981974,0.9999907524084426,1,2022
2023-01-01,kharadi,0,0.0,1.0,58.13333333333333,54.13095238095237,0.5547619047619057,56,55.0,0.14285714285714285,30.4,9.8,0.0,72,18,0,2,0,0.017201575418260506,0.9998520419557735,0,2023
2023-01-02,kharadi,0,0.0,1.0,50.59166666666667,55.007738095238096,0.8767857142857137,54,56.0,1.0,30.1,9.7,0.0,73,18,0,2,0,0.03439806061360801,0.9994082116062598,0,2023
2023-01-03,kharadi,0,0.0,1.0,58.958333333333336,54.49702380952381,-0.5107142857142851,54,55.857142857142854,-0.14285714285714285,30.5,11.7,0.0,74,18,0,2,0,0.051584366869408364,0.9986686402879997,0,2023
2023-01-04,kharadi,0,0.0,1.0,62.375,55.3720238095238,0.875,58,55.0,-0.8571428571428571,30.2,11.0,0.0,75,18,0,2,0,0.06875540848113941,0.9976335468520451,0,2023
2023-01-05,kharadi,0,0.0,1.0,59.4125,56.69464285714285,1.3226190476190476,61,55.142857142857146,0.14285714285714285,29.4,14.2,0.0,76,18,0,2,0,0.08590610426133272,0.9963032375991965,0,2023
2023-01-06,kharadi,0,0.0,1.0,41.170833333333334,57.79642857142857,1.101785714285715,63,56.0,0.8571428571428571,29.0,17.9,0.0,77,18,0,2,0,0.10303137904317879,0.9946781061893646,0,2023
2023-01-07,kharadi,0,0.0,1.0,86.4375,55.670833333333334,-2.1255952380952388,67,57.142857142857146,1.1428571428571428,28.4,14.5,0.0,78,18,0,2,0,0.1201261651823505,0.9927586335250793,0,2023
2023-01-08,kharadi,0,0.0,1.0,59.5875,59.58273809523809,3.9119047619047618,58,59.0,1.8571428571428572,27.8,10.5,0.0,79,18,0,2,0,0.13718540405660057,0.9905453876091833,0,2023
2023-01-09,kharadi,0,0.0,1.0,35.449999999999996,59.790476190476184,0.2077380952380951,45,59.285714285714285,0.2857142857142857,27.7,11.0,0.0,80,18,0,2,0,0.1542040475626894,0.988039023376751,0,2023
2023-01-10,kharadi,0,4.0,1.0,39.84166666666667,57.62738095238095,-2.163095238095239,39,58.0,-1.2857142857142858,28.6,10.8,0.0,81,18,0,2,0,0.17117705961019986,0.985240282501282,1,2023
2023-01-11,kharadi,4,4.0,1.0,48.0,54.896428571428565,-2.730952380952381,43,55.857142857142854,-2.142857142857143,30.0,12.1,0.0,82,18,0,2,0,0.18809941761179758,0.9821499931752291,1,2023
2023-01-12,kharadi,0,0.0,1.0,55.55833333333334,52.84285714285714,-2.0535714285714284,47,53.714285714285715,-2.142857142857143,29.6,12.0,0.0,83,18,0,2,0,0.20496611396949532,0.9787690698649216,0,2023
2023-01-13,kharadi,0,0.0,1.0,43.36666666666667,52.29226190476191,-0.5505952380952378,63,51.714285714285715,-2.0,29.6,13.4,0.0,84,18,0,2,0,0.22177215755648186,0.975098513039961,0,2023
2023-01-14,kharadi,0,0.0,1.0,52.637499999999996,52.60595238095238,0.31369047619047613,66,51.714285714285715,0.0,29.8,14.8,0.0,85,18,0,2,0,0.23851257519407648,0.9711394088771653,0,2023
2023-01-15,kharadi,0,0.0,1.0,55.9375,47.77738095238095,-4.828571428571429,59,51.57142857142857,-0.14285714285714285,30.6,13.1,0.0,86,18,0,2,0,0.2551824131233728,0.9668929289391521,0,2023
2023-01-16,kharadi,0,0.0,1.0,54.625,47.25595238095239,-0.5214285714285712,57,51.714285714285715,0.14285714285714285,31.7,16.1,0.0,87,18,0,2,0,0.2717767384711357,0.9623603298276545,0,2023
2023-01-17,kharadi,0,0.0,1.0,63.550000000000004,49.9952380952381,2.7392857142857148,55,53.42857142857143,1.7142857142857142,30.6,10.1,0.0,88,18,0,2,0,0.2882906407095177,0.9575429528116719,0,2023
2023-01-18,kharadi,0,0.0,1.0,66.97500000000001,53.38214285714286,3.3869047619047623,49,55.714285714285715,2.2857142857142856,30.6,12.4,0.0,89,18,0,2,0,0.3047192331091634,0.9524422234305676,0,2023
2023-01-19,kharadi,0,0.0,1.0,80.1875,56.09285714285714,2.7107142857142867,45,56.57142857142857,0.8571428571428571,31.4,11.5,0.0,90,18,0,2,0,0.321057654185271,0.9470596510722283,0,2023
2023-01-20,kharadi,0,0.0,1.0,78.58333333333333,59.61130952380953,3.51845238095238,49,56.285714285714285,-0.2857142857142857,31.0,14.8,0.0,91,18,0,2,0,0.3373010691361842,0.9413968285264122,0,2023
2023-01-21,kharadi,0,0.0,1.0,62.708333333333336,64.64226190476191,5.03095238095238,47,54.285714285714285,-2.0,29.9,11.5,0.0,92,18,0,2,0,0.3534446712740877,0.9354554315134164,0,2023
2023-01-22,kharadi,0,0.0,1.0,58.574999999999996,66.08095238095238,1.438690476190477,49,51.57142857142857,-2.7142857142857144,30.4,16.8,0.0,93,18,0,2,0,0.3694836834473831,0.9292372181882051,0,2023
2023-01-23,kharadi,0,0.0,1.0,57.03333333333333,66.4577380952381,0.37678571428571367,53,50.142857142857146,-1.4285714285714286,30.2,14.3,0.0,94,18,0,2,0,0.38541335945432564,0.9227440286201427,0,2023
2023-01-24,kharadi,0,0.0,1.0,65.9625,66.80178571428571,0.34404761904761877,60,49.57142857142857,-0.5714285714285714,31.4,17.7,0.0,95,18,0,2,0,0.4012289854475009,0.9159777842484877,0,2023
2023-01-25,kharadi,0,0.0,1.0,72.94166666666666,67.14642857142857,0.34464285714285736,58,50.285714285714285,0.7142857142857143,30.2,13.3,0.0,96,18,0,2,0,0.4169258813287287,0.908940487313808,0,2023
2023-01-26,kharadi,0,0.0,1.0,64.54166666666667,67.99880952380951,0.8523809523809506,57,51.57142857142857,1.2857142857142858,30.0,14.5,0.3,97,18,0,2,0,0.4324994021339788,0.901634220265486,0,2023
2023-01-27,kharadi,0,0.0,1.0,45.104166666666664,65.76369047619048,-2.235119047619047,50,53.285714285714285,1.7142857142857142,31.1,15.0,0.0,98,18,0,2,0,0.44794493940789115,0.8940611451454876,0,2023
2023-01-28,kharadi,0,0.0,1.0,32.329166666666666,60.98095238095238,-4.782738095238095,42,53.42857142857143,0.14285714285714285,31.2,17.3,0.0,99,18,0,2,0,0.4632579225674917,0.88622350294858,0,2023
2023-01-29,kharadi,0,0.0,1.0,48.62916666666666,56.64107142857143,-4.339880952380953,61,52.714285714285715,-0.7142857142857143,31.8,19.8,0.0,100,18,0,2,0,0.4784338202547012,0.8781236129591848,0,2023
2023-01-30,kharadi,0,0.0,1.0,48.137499999999996,55.220238095238095,-1.4208333333333332,64,54.42857142857143,1.7142857142857142,31.1,10.3,0.0,101,18,0,2,0,0.49346814167723735,0.8697638720650646,0,2023
2023-01-31,kharadi,0,0.0,1.0,50.354166666666664,53.94940476190476,-1.2708333333333337,56,56.0,1.5714285714285714,30.5,15.2,0.0,102,18,0,2,0,0.5083564379375122,0.8611467540480452,0,2023
2023-02-01,kharadi,0,0.0,1.0,54.44583333333333,51.71964285714286,-2.2297619047619057,57,55.42857142857143,-0.5714285714285714,29.8,16.6,0.0,103,18,0,2,0,0.5230943033491326,0.8522748088519838,0,2023
2023-02-02,kharadi,0,0.0,1.0,50.00833333333333,49.077380952380956,-2.6422619047619045,53,55.285714285714285,-0.14285714285714285,30.8,15.7,0.0,104,18,0,2,0,0.5376773767406141,0.8431506618282,0,2023
2023-02-03,kharadi,0,0.0,1.0,38.0625,47.00119047619047,-2.076190476190477,42,54.714285714285715,-0.5714285714285714,30.4,13.2,0.0,105,18,0,2,0,0.5521013427459208,0.8337770129585915,0,2023
2023-02-04,kharadi,0,0.0,1.0,42.18333333333333,45.99523809523809,-1.0059523809523807,40,53.57142857142857,-1.1428571428571428,31.3,10.9,0.0,106,18,0,2,0,0.5663619330814524,0.8241566360566663,0,2023
2023-02-05,kharadi,0,0.0,1.0,48.30833333333334,47.40297619047619,1.407738095238095,38,53.285714285714285,-0.2857142857142857,32.1,9.8,0.0,107,18,0,2,0,0.580454927809098,0.8142923779467267,0,2023
2023-02-06,kharadi,0,0.0,1.0,64.11666666666666,47.357142857142854,-0.04583333333333225,42,50.0,-3.2857142857142856,33.1,15.6,0.0,108,18,0,2,0,0.5943761565849831,0.804187157621448,0,2023
2023-02-07,kharadi,0,0.0,1.0,58.708333333333336,49.63988095238095,2.282738095238095,43,46.857142857142854,-3.142857142857143,32.3,10.7,0.0,109,18,0,2,0,0.6081214998935418,0.7938439653781019,0,2023
2023-02-08,kharadi,0,0.0,1.0,48.51666666666667,50.83333333333333,1.1934523809523816,40,45.0,-1.8571428571428572,32.9,11.2,0.0,110,18,0,2,0,0.6216868902665479,0.7832658619336791,0,2023
2023-02-09,kharadi,0,0.0,1.0,34.87083333333333,49.98630952380952,-0.8470238095238086,38,42.57142857142857,-2.4285714285714284,33.7,11.0,0.0,111,18,0,2,0,0.6350683134867438,0.7724559775191742,0,2023
2023-02-10,kharadi,0,0.0,1.0,49.49166666666667,47.82380952380952,-2.1625000000000005,34,40.42857142857143,-2.142857142857143,34.0,12.3,0.0,112,18,0,2,0,0.6482618097757122,0.7614175109532997,0,2023
2023-02-11,kharadi,0,0.0,1.0,46.00833333333333,49.45654761904762,1.6327380952380952,31,39.285714285714285,-1.1428571428571428,34.6,12.3,0.0,113,18,0,2,0,0.6612634749656386,0.7501537286959042,0,2023
2023-02-12,kharadi,0,0.0,1.0,31.108333333333334,50.00297619047619,0.5464285714285718,28,38.0,-1.2857142857142858,33.7,12.7,0.0,114,18,0,2,0,0.6740694616546161,0.7386679638813748,0,2023
2023-02-13,kharadi,0,0.0,1.0,18.841666666666665,47.545833333333334,-2.4571428571428577,31,36.57142857142857,-1.4285714285714286,33.2,14.0,0.0,115,18,0,2,0,0.6866759803451553,0.726963615332308,0,2023
2023-02-14,kharadi,0,0.0,1.0,25.21666666666667,41.077976190476186,-6.467857142857142,28,35.0,-1.5714285714285714,32.6,11.5,0.0,116,18,0,2,0,0.6990793005655562,0.7150441465537444,0,2023
2023-02-15,kharadi,0,0.0,1.0,24.620833333333334,36.29345238095238,-4.78452380952381,21,32.857142857142854,-2.142857142857143,33.7,11.9,0.0,117,18,0,2,0,0.7112757519738152,0.7029130847082615,0,2023
2023-02-16,kharadi,0,0.0,1.0,19.895833333333332,32.87976190476191,-3.413690476190477,23,30.142857142857142,-2.7142857142857144,35.1,18.4,0.0,118,18,0,2,0,0.7232617254437388,0.6905740195722293,0,2023
2023-02-17,kharadi,0,0.0,1.0,24.045833333333334,30.74047619047619,-2.139285714285714,26,28.0,-2.142857142857143,35.0,15.4,0.0,119,18,0,2,0,0.7350336741329413,0.6780306024735382,0,2023
2023-02-18,kharadi,0,0.0,1.0,21.900000000000002,27.105357142857144,-3.6351190476190474,24,26.857142857142858,-1.1428571428571428,34.4,11.6,0.0,120,18,0,2,0,0.746588114532413,0.6652865452111116,0,2023
2023-02-19,kharadi,0,0.0,1.0,27.59166666666667,23.661309523809525,-3.444047619047619,26,25.857142857142858,-1.0,34.1,15.3,0.0,121,18,0,2,0,0.7579216274973472,0.6523456189565257,0,2023
2023-02-20,kharadi,0,0.0,1.0,38.9,23.15892857142857,-0.5023809523809523,31,25.571428571428573,-0.2857142857142857,34.1,11.4,0.0,122,18,0,2,0,0.7690308592589181,0.6392116531380588,0,2023
2023-02-21,kharadi,0,0.0,1.0,66.77083333333333,26.02440476190476,2.8654761904761905,34,25.571428571428573,0.0,35.8,11.4,0.0,123,18,0,2,0,0.7799125224167177,0.6258885343075018,0,2023
2023-02-22,kharadi,0,0.0,1.0,44.012499999999996,31.960714285714285,5.9363095238095225,30,26.428571428571427,0.8571428571428571,35.2,11.1,0.0,124,18,0,2,0,0.7905633969115482,0.612380204990065,0,2023
2023-02-23,kharadi,0,0.0,1.0,42.800000000000004,34.73095238095238,2.7702380952380947,33,27.714285714285715,1.2857142857142858,35.0,13.8,0.0,125,18,0,2,0,0.8009803309782905,0.5986906625177214,0,2023
2023-02-24,kharadi,0,0.0,1.0,46.1625,38.0029761904762,3.27202380952381,26,29.142857142857142,1.4285714285714286,35.0,16.6,0.0,126,18,0,2,0,0.8111602420785621,0.5848239578463322,0,2023
2023-02-25,kharadi,0,0.0,1.0,48.06666666666666,41.1625,3.1595238095238094,26,29.142857142857142,0.0,34.7,8.9,0.0,127,18,0,2,0,0.8211001178128892,0.5707841943569036,0,2023
2023-02-26,kharadi,0,0.0,1.0,41.625,44.90059523809524,3.7380952380952372,24,29.428571428571427,0.2857142857142857,34.7,9.8,0.0,128,18,0,2,0,0.8307970168121247,0.5565755266413303,0,2023
2023-02-27,kharadi,0,0.0,1.0,46.12916666666666,46.90535714285714,2.0047619047619043,23,29.142857142857142,-0.2857142857142857,35.2,17.7,0.0,129,18,0,2,0,0.8402480696078469,0.5422021592729844,0,2023
2023-02-28,kharadi,0,0.0,1.0,55.78333333333333,47.93809523809524,1.032738095238095,29,28.0,-1.1428571428571428,35.2,17.6,0.0,130,18,0,2,0,0.8494504794814806,0.527668345562516,0,2023
2023-03-01,kharadi,0,0.0,1.0,56.12916666666666,46.368452380952384,-1.5696428571428567,27,27.285714285714285,-0.7142857142857143,33.8,12.7,0.0,131,18,0,2,0,0.8584015232918917,0.512978386299228,0,2023
2023-03-02,kharadi,0,0.0,1.0,48.1,48.09940476190476,1.730952380952381,29,26.857142857142858,-0.42857142857142855,34.7,11.6,0.0,132,18,0,2,0,0.8670985522812081,0.4981366284784055,0,2023
2023-03-03,kharadi,0,0.0,1.0,52.42083333333333,48.85654761904762,0.7571428571428568,31,26.285714285714285,-0.5714285714285714,34.9,19.1,0.0,133,18,0,2,0,0.8755389928586302,0.4831474640149687,0,2023
2023-03-04,kharadi,0,0.0,1.0,66.20833333333333,49.75059523809524,0.894047619047618,30,27.0,0.7142857142857143,35.8,14.6,0.0,134,18,0,2,0,0.8837203473619977,0.4680153284438345,0,2023
2023-03-05,kharadi,0,0.0,1.0,74.05833333333334,52.342261904761905,2.5916666666666663,30,27.571428571428573,0.5714285714285714,35.6,10.9,0.0,135,18,0,2,0,0.8916401947968874,0.45274469960737107,0,2023
2023-03-06,kharadi,0,0.0,1.0,50.88333333333333,56.97559523809524,4.633333333333334,40,28.428571428571427,0.8571428571428571,34.8,20.2,0.5,136,18,0,2,0,0.8992961915530253,0.4373400963303323,0,2023
2023-03-07,kharadi,0,0.0,1.0,50.354166666666664,57.654761904761905,0.6791666666666671,50,30.857142857142858,2.4285714285714284,30.4,15.8,0.5,137,18,0,2,1,0.9066860720977985,0.4218060770826634,0,2023
2023-03-08,kharadi,0,0.0,1.0,46.85,56.87916666666666,-0.7755952380952381,43,33.857142857142854,3.0,33.1,14.8,0.0,138,18,0,2,1,0.9138076496466615,0.4061472386305789,0,2023
2023-03-09,kharadi,0,0.0,1.0,39.574999999999996,55.55357142857142,-1.3255952380952374,33,36.142857142857146,2.2857142857142856,33.2,14.1,0.0,139,18,0,2,1,0.9206588168102428,0.3903682146763026,0,2023
2023-03-10,kharadi,0,0.0,1.0,49.10833333333333,54.33571428571429,-1.2178571428571436,31,36.714285714285715,0.5714285714285714,33.5,13.0,0.0,140,18,0,2,1,0.9272375462179537,0.374473674486883,0,2023
2023-03-11,kharadi,0,0.0,1.0,43.56666666666666,53.8625,-0.4732142857142857,32,36.714285714285715,0.0,35.2,17.4,0.0,141,18,0,2,1,0.9335418911179212,0.35846832151248087,0,2023
2023-03-12,kharadi,0,0.0,1.0,62.416666666666664,50.62797619047619,-3.2345238095238096,31,37.0,0.2857142857142857,34.6,15.9,0.0,142,18,0,2,1,0.9395699859530622,0.342356891994542,0,2023
2023-03-13,kharadi,0,0.0,1.0,52.9625,48.96488095238095,-1.663095238095239,34,37.142857142857146,0.14285714285714285,34.9,12.8,0.0,143,18,0,2,1,0.945320046913132,0.3261441535642696,0,2023
2023-03-14,kharadi,0,0.0,1.0,62.22083333333333,49.26190476190476,0.2970238095238094,39,36.285714285714285,-0.8571428571428571,34.8,14.7,0.0,144,18,0,2,0,0.9507903724625832,0.3098349038318025,0,2023
2023-03-15,kharadi,0,0.0,1.0,59.416666666666664,50.957142857142856,1.6952380952380952,38,34.714285714285715,-1.5714285714285714,33.0,15.7,0.0,145,18,0,2,0,0.9559793438440766,0.2934339689665273,0,2023
2023-03-16,kharadi,0,0.0,1.0,58.020833333333336,52.75238095238095,1.7952380952380946,60,34.0,-0.7142857142857143,32.8,15.5,1.3,0,18,0,2,0,0.9608854255574977,0.27694620226893646,0,2023
2023-03-17,kharadi,0,0.0,1.0,58.07083333333333,55.387499999999996,2.6351190476190487,59,37.857142857142854,3.857142857142857,31.8,19.2,0.0,1,18,0,2,0,0.9655071658143364,0.2603764827344581,0,2023
2023-03-18,kharadi,0,0.0,1.0,59.449999999999996,56.667857142857144,1.2803571428571436,54,41.857142857142854,4.0,32.0,19.0,0.1,2,18,0,2,0,0.969843196967294,0.24372971360968387,0,2023
2023-03-19,kharadi,0,0.0,1.0,41.237500000000004,58.93690476190476,2.269047619047619,57,45.0,3.142857142857143,31.6,22.7,0.0,3,18,0,2,0,0.9738922359149924,0.22701082094141847,0,2023
2023-03-20,kharadi,0,0.0,1.0,20.104166666666668,55.91130952380952,-3.0255952380952373,56,48.714285714285715,3.7142857142857144,30.9,18.2,0.0,4,18,0,2,0,0.9776530844816641,0.2102247521189836,0,2023
2023-03-21,kharadi,0,0.0,1.0,18.775000000000002,51.217261904761905,-4.694047619047619,59,51.857142857142854,3.142857142857143,30.7,18.0,0.0,5,18,0,2,0,0.981124629771712,0.19337647441020586,0,2023
2023-03-22,kharadi,0,0.0,1.0,23.1875,45.010714285714286,-6.206547619047618,59,54.714285714285715,2.857142857142857,31.3,19.7,0.0,6,18,0,2,0,0.984305844499033,0.17647097349152166,0,2023
2023-03-23,kharadi,0,0.0,1.0,25.974999999999998,39.83511904761905,-5.175595238095238,59,57.714285714285715,3.0,32.2,19.4,0.0,7,18,0,2,0,0.9871957872910085,0.15951325197263655,0,2023
2023-03-24,kharadi,0,0.0,1.0,24.766666666666666,35.25714285714286,-4.577976190476191,54,57.57142857142857,-0.14285714285714285,34.1,22.2,0.0,8,18,0,2,0,0.9897936029670716,0.14250832791617088,0,2023
2023-03-25,kharadi,0,0.0,1.0,25.0,30.499404761904763,-4.757738095238095,51,56.857142857142854,-0.7142857142857143,34.0,19.9,0.0,9,18,0,2,0,0.992098522791769,0.12546123335273648,0,2023
2023-03-26,kharadi,0,0.0,1.0,31.6375,25.57797619047619,-4.921428571428571,46,56.42857142857143,-0.42857142857142855,33.8,18.9,0.0,10,18,0,2,0,0.9941098647022418,0.10837701279187609,0,2023
2023-03-27,kharadi,0,0.0,1.0,34.25,24.206547619047623,-1.371428571428572,54,54.857142857142854,-1.5714285714285714,34.1,17.0,0.0,11,18,0,2,0,0.9958270335100595,0.09126072172931188,0,2023
2023-03-28,kharadi,0,0.0,1.0,38.204166666666666,26.22738095238095,2.020833333333333,52,54.57142857142857,-0.2857142857142857,34.4,15.0,0.0,12,18,0,2,0,0.9972495210773451,0.07411742515094437,0,2023
2023-03-29,kharadi,0,0.0,1.0,39.87083333333333,29.002976190476186,2.775595238095238,53,53.57142857142857,-1.0,35.6,20.5,0.0,13,18,0,2,0,0.998376906467142,0.056952196034039754,0,2023
2023-03-30,kharadi,0,0.0,1.0,26.983333333333334,31.386309523809523,2.383333333333333,62,52.714285714285715,-0.8571428571428571,33.0,19.2,0.0,14,18,0,2,0,0.9992088560679753,0.03977011384605572,0,2023
2023-03-31,kharadi,0,0.0,1.0,20.783333333333335,31.530357142857138,0.14404761904761948,61,53.142857142857146,0.42857142857142855,31.5,20.2,0.0,15,18,0,2,0,0.9997451236925734,0.022576263041545485,0,2023
2023-04-01,kharadi,0,0.0,1.0,27.129166666666666,30.961309523809526,-0.5690476190476187,53,54.142857142857146,1.0,34.0,19.6,0.0,16,18,0,2,0,0.9999855506507186,0.005375731557583884,0,2023
2023-04-02,kharadi,0,0.0,1.0,28.895833333333332,31.265476190476193,0.30416666666666664,58,54.42857142857143,0.2857142857142857,34.3,19.9,0.0,17,18,0,2,0,0.9999300657962057,-0.011826390691832589,0,2023
2023-04-03,kharadi,0,1.0,1.0,29.616666666666664,30.87380952380952,-0.3916666666666667,60,56.142857142857146,1.7142857142857142,34.9,19.0,0.0,18,18,0,2,0,0.9995786855478958,-0.029025013321975237,1,2023
2023-04-04,kharadi,1,1.0,1.0,32.354166666666664,30.21190476190476,-0.6619047619047623,56,57.0,0.8571428571428571,37.0,23.1,0.0,19,18,0,2,0,0.9989315138848577,-0.046215046983708354,1,2023
2023-04-05,kharadi,0,0.0,1.0,37.550000000000004,29.376190476190477,-0.835714285714286,49,57.57142857142857,0.5714285714285714,37.1,21.0,0.0,20,18,0,2,0,0.9979887423155984,-0.06339140486951038,0,2023
2023-04-06,kharadi,0,0.0,1.0,33.324999999999996,29.044642857142858,-0.331547619047618,37,57.0,-0.5714285714285714,36.8,18.1,0.0,21,18,0,2,0,0.9967506498213929,-0.08054900421874167,0,2023
2023-04-07,kharadi,0,0.0,1.0,38.43333333333333,29.950595238095236,0.9059523809523802,44,53.42857142857143,-3.5714285714285716,35.8,28.5,1.0,0,18,0,2,0,0.9952176027737294,-0.09768276782171598,0,2023
2023-04-08,kharadi,0,0.0,1.0,39.512499999999996,32.472023809523805,2.521428571428571,59,51.0,-2.4285714285714284,32.8,22.8,2.9,0,18,0,2,0,0.9933900548258936,-0.11478762552212701,0,2023
2023-04-09,kharadi,0,0.0,1.0,40.7875,34.24107142857142,1.7690476190476185,57,51.857142857142854,0.8571428571428571,35.3,14.8,6.4,0,18,0,2,0,0.9912685467787256,-0.13185851571739118,0,2023
2023-04-10,kharadi,0,0.0,1.0,36.49583333333333,35.93988095238095,1.6988095238095242,47,51.714285714285715,-0.14285714285714285,35.3,13.6,0.0,1,18,0,2,0,0.9888537064205885,-0.1488903868564548,0,2023
2023-04-11,kharadi,0,0.0,1.0,38.9375,36.922619047619044,0.9827380952380952,42,49.857142857142854,-1.8571428571428572,37.1,16.8,0.0,2,18,0,2,0,0.986146248341595,-0.16587819893463143,0,2023
2023-04-12,kharadi,0,0.0,1.0,37.166666666666664,37.86309523809524,0.9404761904761908,41,47.857142857142854,-2.0,37.5,12.3,0.0,3,18,0,2,0,0.9831469737221499,-0.1828169249850199,0,2023
2023-04-13,kharadi,0,0.0,1.0,37.291666666666664,37.80833333333333,-0.05476190476190571,32,46.714285714285715,-1.1428571428571428,38.3,15.8,0.0,4,18,0,2,0,0.9798567700958665,-0.1997015525660636,0,2023
2023-04-14,kharadi,0,0.0,1.0,57.145833333333336,38.375,0.566666666666667,36,46.0,-0.7142857142857143,36.5,19.1,0.0,5,18,0,2,0,0.9762766110869321,-0.21652708524481437,0,2023
2023-04-15,kharadi,0,0.0,1.0,60.762499999999996,41.04821428571428,2.6732142857142867,43,44.857142857142854,-1.1428571428571428,36.1,17.7,0.0,6,18,0,2,0,0.9724075561219968,-0.23328854407545518,0,2023
2023-04-16,kharadi,0,0.0,1.0,59.458333333333336,44.083928571428565,3.0357142857142856,47,42.57142857142857,-2.2857142857142856,37.2,22.0,0.0,7,18,0,2,0,0.9682507501166718,-0.2499809690726521,0,2023
2023-04-17,kharadi,0,0.0,1.0,51.854166666666664,46.75119047619047,2.667261904761905,40,41.142857142857146,-1.4285714285714286,36.8,12.8,0.7,8,18,0,2,0,0.9638074231367307,-0.26659942067929354,0,2023
2023-04-18,kharadi,0,0.0,1.0,41.175000000000004,48.94523809523809,2.1940476190476192,37,40.142857142857146,-1.0,37.9,23.8,0.0,9,18,0,2,0,0.9590788900341131,-0.28313898122818354,0,2023
2023-04-19,kharadi,0,0.0,1.0,37.88333333333333,49.26488095238095,0.31964285714285773,31,39.42857142857143,-0.7142857142857143,38.7,21.4,0.0,10,18,0,2,0,0.9540665500578387,-0.2995947563972602,0,2023
2023-04-20,kharadi,0,0.0,1.0,53.46666666666667,49.367261904761904,0.10238095238095266,34,38.0,-1.4285714285714286,37.5,22.8,0.0,11,18,0,2,0,0.9487718864399473,-0.31596187665790293,0,2023
2023-04-21,kharadi,0,0.0,1.0,31.9375,51.677976190476194,2.3107142857142864,35,38.285714285714285,0.2857142857142857,36.7,20.5,0.0,12,18,0,2,0,0.9431964659565866,-0.33223549871590435,0,2023
2023-04-22,kharadi,0,0.0,1.0,25.425,48.07678571428572,-3.6011904761904767,43,38.142857142857146,-0.14285714285714285,35.4,21.3,0.0,13,18,0,2,0,0.9373419384643772,-0.3484108069446808,0,2023
2023-04-23,kharadi,0,0.0,1.0,25.8125,43.02857142857143,-5.048214285714285,51,38.142857142857146,0.0,36.6,24.3,0.0,14,18,0,2,0,0.9312100364121947,-0.3644830148102912,0,2023
2023-04-24,kharadi,0,0.0,1.0,28.4875,38.22202380952381,-4.8065476190476195,44,38.714285714285715,0.5714285714285714,37.3,22.7,0.0,15,18,0,2,0,0.9248025743285089,-0.38044736628785164,0,2023
2023-04-25,kharadi,0,0.0,1.0,25.962500000000002,34.88392857142857,-3.338095238095238,47,39.285714285714285,0.5714285714285714,38.2,23.5,0.0,16,18,0,2,0,0.9181214482844364,-0.39629913726891813,0,2023
2023-04-26,kharadi,0,0.0,1.0,19.504166666666666,32.71071428571428,-2.173214285714286,58,40.714285714285715,1.4285714285714286,34.8,21.5,0.0,17,18,0,2,0,0.9111686353326631,-0.41203363695942635,0,2023
2023-04-27,kharadi,0,0.0,1.0,25.495833333333334,30.08511904761905,-2.625595238095238,59,44.57142857142857,3.857142857142857,35.1,15.5,0.1,18,18,0,2,0,0.9039461929224011,-0.42764620926777464,0,2023
2023-04-28,kharadi,0,0.0,1.0,36.03333333333333,26.089285714285715,-3.9958333333333336,58,48.142857142857146,3.5714285714285716,34.4,22.9,0.1,19,18,0,2,0,0.8964562582905575,-0.44313223418263453,0,2023
2023-04-29,kharadi,0,0.0,1.0,23.675,26.67440476190476,0.5851190476190473,54,51.42857142857143,3.2857142857142856,34.5,19.1,0.1,20,18,0,2,0,0.8887010478292915,-0.45848712914008766,0,2023
2023-04-30,kharadi,0,0.0,1.0,24.229166666666668,26.424404761904764,-0.25,54,53.0,1.5714285714285714,35.1,26.3,0.0,21,18,0,2,0,0.8806828564301475,-0.47370635037968,0,2023
2023-05-01,kharadi,0,0.0,1.0,18.566666666666666,26.19821428571429,-0.22619047619047603,54,53.42857142857143,0.42857142857142855,34.0,22.4,0.0,22,18,0,2,0,0.8724040568049612,-0.48878539428899265,0,2023
2023-05-02,kharadi,0,0.0,1.0,16.845833333333335,24.78095238095238,-1.4172619047619048,57,54.857142857142854,1.4285714285714286,33.2,15.5,0.3,23,18,0,2,0,0.8638670987837349,-0.503719798736334,0,2023
2023-05-03,kharadi,0,0.0,1.0,19.870833333333334,23.478571428571428,-1.3023809523809524,59,56.285714285714285,1.4285714285714286,33.0,18.7,0.0,24,18,0,2,0,0.8550745085896932,-0.518505144391157,0,2023
2023-05-04,kharadi,0,0.0,1.0,26.40416666666667,23.53095238095238,0.05238095238095245,58,56.42857142857143,0.14285714285714285,34.6,15.7,0.0,25,18,0,2,0,0.8460288880917339,-0.533137056031809,0,2023
2023-05-05,kharadi,0,0.0,1.0,35.833333333333336,23.660714285714285,0.129761904761905,57,56.285714285714285,-0.14285714285714285,35.1,24.6,0.0,26,18,0,2,0,0.8367329140344921,-0.5476112038402312,0,2023
2023-05-06,kharadi,0,0.0,1.0,40.11666666666667,23.63214285714286,-0.028571428571427963,60,56.142857142857146,-0.14285714285714285,35.2,19.5,0.2,27,18,0,2,0,0.8271893372462497,-0.5619233046832195,0,2023
2023-05-07,kharadi,0,0.0,1.0,45.270833333333336,25.98095238095238,2.348809523809524,64,57.0,0.8571428571428571,34.4,14.8,6.7,0,18,0,2,0,0.8174009818249189,-0.5760691233798758,0,2023
2023-05-08,kharadi,0,0.0,1.0,49.59583333333333,28.986904761904764,3.005952380952381,67,58.42857142857143,1.4285714285714286,36.7,19.5,2.7,0,18,0,2,0,0.8073707443023492,-0.5900444739548627,0,2023
2023-05-09,kharadi,0,0.0,1.0,54.7875,33.419642857142854,4.432738095238095,64,60.285714285714285,1.8571428571428572,37.6,18.2,0.6,1,18,0,2,0,0.7971015927871943,-0.6038452208771035,0,2023
2023-05-10,kharadi,0,0.0,1.0,44.104166666666664,38.83988095238095,5.420238095238095,51,61.285714285714285,1.0,39.7,24.7,0.0,2,18,0,2,0,0.7865965660866021,-0.6174672802835514,0,2023
2023-05-11,kharadi,0,0.0,1.0,38.47083333333333,42.301785714285714,3.4619047619047616,43,60.142857142857146,-1.1428571428571428,41.1,22.2,0.0,3,18,0,2,0,0.7758587728069828,-0.6309066211876704,0,2023
2023-05-12,kharadi,0,0.0,1.0,27.308333333333334,44.02559523809524,1.7238095238095232,45,58.0,-2.142857142857143,41.2,23.9,0.0,4,18,0,2,0,0.7648913904341225,-0.6441592666722685,0,2023
2023-05-13,kharadi,0,0.0,1.0,19.879166666666666,42.80773809523809,-1.2178571428571432,50,56.285714285714285,-1.7142857142857142,37.9,24.6,0.0,5,18,0,2,0,0.753697664392914,-0.6572212950663319,0,2023
2023-05-14,kharadi,0,0.0,1.0,13.9125,39.916666666666664,-2.8910714285714287,49,54.857142857142854,-1.4285714285714286,37.2,24.2,0.0,6,18,0,2,0,0.742280907086982,-0.6700888411055113,0,2023
2023-05-15,kharadi,0,0.0,1.0,20.6875,35.43690476190476,-4.479761904761905,60,52.714285714285715,-2.142857142857143,36.8,21.1,0.0,7,18,0,2,0,0.7306444969184916,-0.6827580970759147,0,2023
2023-05-16,kharadi,0,0.0,1.0,21.758333333333336,31.307142857142853,-4.129761904761905,60,51.714285714285715,-1.0,36.6,21.5,0.0,8,18,0,2,0,0.7187918772884232,-0.6952253139408722,0,2023
2023-05-17,kharadi,0,0.0,1.0,21.2625,26.588690476190475,-4.718452380952381,57,51.142857142857146,-0.5714285714285714,38.5,23.3,0.0,9,18,0,2,0,0.7067265555776158,-0.7074868024503348,0,2023
2023-05-18,kharadi,0,0.0,1.0,23.320833333333336,23.32559523809524,-3.263095238095238,54,52.0,0.8571428571428571,39.7,23.2,0.0,10,18,0,2,0,0.6944521021088763,-0.719538934232584,0,2023
2023-05-19,kharadi,0,0.0,1.0,23.462500000000002,21.161309523809525,-2.1642857142857137,51,53.57142857142857,1.5714285714285714,40.1,24.3,0.0,11,18,0,2,0,0.6819721490904629,-0.7313781428679254,0,2023
2023-05-20,kharadi,0,0.0,1.0,23.900000000000002,20.61190476190476,-0.5494047619047616,54,54.42857142857143,0.8571428571428571,38.2,19.7,0.0,12,18,0,2,0,0.6692903895412567,-0.7430009249440493,0,2023
2023-05-21,kharadi,0,0.0,1.0,30.520833333333332,21.186309523809523,0.5744047619047622,59,55.0,0.5714285714285714,37.5,20.9,0.0,13,18,0,2,0,0.6564105761979381,-0.7544038410927472,0,2023
2023-05-22,kharadi,0,0.0,1.0,25.991666666666664,23.558928571428574,2.3726190476190476,54,56.42857142857143,1.4285714285714286,38.9,22.8,0.0,14,18,0,2,0,0.6433365204044917,-0.765583517007675,0,2023
2023-05-23,kharadi,0,0.0,1.0,30.016666666666666,24.316666666666666,0.7577380952380948,47,55.57142857142857,-0.8571428571428571,40.4,25.1,0.0,15,18,0,2,0,0.6300720909843687,-0.7765366444428655,0,2023
2023-05-24,kharadi,0,0.0,1.0,22.5,25.49642857142857,1.1797619047619041,56,53.714285714285715,-1.8571428571428572,38.1,21.5,0.0,16,18,0,2,0,0.6166212130956382,-0.7872599821916922,0,2023
2023-05-25,kharadi,0,0.0,1.0,11.504166666666668,25.673214285714288,0.17678571428571438,59,53.57142857142857,-0.14285714285714285,35.8,23.4,0.0,17,18,0,2,0,0.6029878670694714,-0.7977503570459932,0,2023
2023-05-26,kharadi,0,0.0,1.0,12.470833333333333,23.985119047619047,-1.6880952380952383,65,54.285714285714285,0.7142857142857143,34.8,24.3,0.3,18,18,0,2,0,0.5891760872322963,-0.8080046647350754,0,2023
2023-05-27,kharadi,0,0.0,1.0,16.375,22.41488095238095,-1.5702380952380957,60,56.285714285714285,2.0,35.7,20.9,0.0,19,18,0,2,0,0.5751899607119775,-0.8180198708443174,0,2023
2023-05-28,kharadi,0,0.0,1.0,17.483333333333334,21.339880952380952,-1.0750000000000004,57,57.142857142857146,0.8571428571428571,37.5,20.5,0.0,20,18,0,2,0,0.5610336262283677,-0.8277930117131022,0,2023
2023-05-29,kharadi,0,0.0,1.0,22.0625,19.47738095238095,-1.8624999999999996,60,56.857142857142854,-0.2857142857142857,39.6,23.2,0.0,21,18,0,2,0,0.5467112728685939,-0.8373211953118121,0,2023
2023-05-30,kharadi,0,0.0,1.0,24.370833333333334,18.916071428571428,-0.5613095238095234,56,57.714285714285715,0.8571428571428571,39.4,24.8,0.0,22,18,0,2,0,0.5322271388474397,-0.8466016020976267,0,2023
2023-05-31,kharadi,0,0.0,1.0,30.541666666666668,18.10952380952381,-0.8065476190476188,53,59.0,1.2857142857142858,40.5,21.9,0.0,23,18,0,2,0,0.5175855102531889,-0.8556314858488706,0,2023
2023-06-01,kharadi,0,0.0,1.0,27.525000000000002,19.258333333333333,1.148809523809524,47,58.57142857142857,-0.42857142857142855,40.4,21.7,0.0,24,18,0,2,0,0.5027907197793043,-0.8644081744776648,0,2023
2023-06-02,kharadi,0,0.0,1.0,21.0625,21.54702380952381,2.2886904761904767,58,56.857142857142854,-1.7142857142857142,36.7,20.4,0.0,25,18,0,2,0,0.4878471454423119,-0.8729290708206411,0,2023
2023-06-03,kharadi,0,0.0,1.0,17.745833333333334,22.774404761904766,1.2273809523809525,61,55.857142857142854,-1.0,37.1,20.1,0.8,26,18,0,2,0,0.47275920928627757,-0.881191653407483,0,2023
2023-06-04,kharadi,0,0.0,1.0,17.708333333333332,22.9702380952381,0.19583333333333336,66,56.0,0.14285714285714285,34.9,20.3,2.9,0,18,0,2,0,0.4575313760742512,-0.8891934772070711,0,2023
2023-06-05,kharadi,0,0.0,1.0,20.075,23.00238095238095,0.03214285714285684,65,57.285714285714285,1.2857142857142858,35.4,20.1,0.0,1,18,0,2,0,0.44216815196707204,-0.8969321743510065,0,2023
2023-06-06,kharadi,0,0.0,1.0,18.229166666666668,22.71845238095238,-0.28392857142857153,61,58.0,0.7142857142857143,36.7,19.4,0.0,2,18,0,2,0,0.42667408318992467,-0.9044054548343001,0,2023
2023-06-07,kharadi,0,0.0,1.0,15.366666666666667,21.841071428571432,-0.8773809523809523,57,58.714285714285715,0.7142857142857143,37.0,21.0,0.0,3,18,0,2,0,0.4110537546870351,-0.9116111071930239,0,2023
2023-06-08,kharadi,0,0.0,1.0,10.666666666666666,19.673214285714288,-2.167857142857143,62,59.285714285714285,0.5714285714285714,37.3,21.9,0.5,4,18,0,2,0,0.3953117887649151,-0.9185469991587165,0,2023
2023-06-09,kharadi,0,0.0,1.0,8.612499999999999,17.264880952380953,-2.4083333333333337,61,61.42857142857143,2.142857142857143,37.6,22.1,0.7,5,18,0,2,0,0.37945284372454435,-0.925211078289358,0,2023
2023-06-10,kharadi,0,0.0,1.0,7.395833333333333,15.486309523809522,-1.7785714285714287,62,61.857142857142854,0.42857142857142855,36.2,24.7,6.3,0,18,0,2,0,0.36348161248290634,-0.9316013725767187,0,2023
2023-06-11,kharadi,0,0.0,1.0,9.512500000000001,14.007738095238096,-1.4785714285714289,61,62.0,0.14285714285714285,35.7,22.7,1.3,0,18,0,2,0,0.3474028211842774,-0.9377159910299093,0,2023
2023-06-12,kharadi,0,0.0,1.0,10.116666666666667,12.83690476190476,-1.170833333333333,58,61.285714285714285,-0.7142857142857143,35.0,26.0,0.0,1,18,0,2,0,0.3312212278016865,-0.9435531242349544,0,2023
2023-06-13,kharadi,0,0.0,1.0,9.9,11.414285714285715,-1.4226190476190474,65,60.285714285714285,-1.0,33.0,28.2,2.5,0,18,0,2,0,0.31494162072895193,-0.9491110448902284,0,2023
2023-06-14,kharadi,0,0.0,1.0,8.654166666666667,10.224404761904763,-1.1898809523809526,69,60.857142857142854,0.5714285714285714,33.6,30.3,2.1,0,18,0,2,0,0.2985688173637202,-0.9543881083175908,0,2023
2023-06-15,kharadi,0,0.0,1.0,9.295833333333333,9.26547619047619,-0.9589285714285715,66,62.57142857142857,1.7142857142857142,34.1,26.0,0.8,1,18,0,2,0,0.2821076626819194,-0.9593827529490743,0,2023
2023-06-16,kharadi,0,0.0,1.0,9.883333333333335,9.069642857142858,-0.19583333333333336,68,63.142857142857146,0.5714285714285714,32.7,31.8,0.5,2,18,0,2,0,0.26556302780405594,-0.9640935007889755,0,2023
2023-06-17,kharadi,0,0.0,1.0,9.733333333333333,9.251190476190475,0.18154761904761937,68,64.14285714285714,1.0,33.3,26.9,0.5,3,18,0,2,0,0.24893980855376657,-0.9685189578512204,0,2023
2023-06-18,kharadi,0,0.0,1.0,11.8125,9.585119047619047,0.33392857142857135,70,65.0,0.8571428571428571,33.8,26.8,0.9,4,18,0,2,0,0.23224292400907015,-0.9726578145718654,0,2023
2023-06-19,kharadi,0,0.0,1.0,15.408333333333333,9.913690476190476,0.3285714285714284,65,66.28571428571429,1.2857142857142858,34.3,23.8,0.0,5,18,0,2,0,0.21547731504673012,-0.976508846196619,0,2023
2023-06-20,kharadi,0,0.0,1.0,15.379166666666668,10.669642857142858,0.7559523809523808,66,67.28571428571429,1.0,34.4,23.8,0.3,6,18,0,2,0,0.19864794288017112,-0.9800709131432666,0,2023
2023-06-21,kharadi,0,0.0,1.0,13.879166666666668,11.45238095238095,0.7827380952380955,66,67.42857142857143,0.14285714285714285,34.4,24.2,0.8,7,18,0,2,0,0.18175978759137534,-0.9833429613388902,0,2023
2023-06-22,kharadi,0,0.0,1.0,12.325000000000001,12.198809523809524,0.7464285714285717,64,67.0,-0.42857142857142855,34.5,24.1,0.0,8,18,0,2,0,0.16481784665719793,-0.9863240225317866,0,2023
2023-06-23,kharadi,0,0.0,1.0,8.75,12.631547619047621,0.43273809523809553,69,66.71428571428571,-0.2857142857142857,33.3,22.3,0.8,9,18,0,2,0,0.14782713347053048,-0.9890132145779883,0,2023
2023-06-24,kharadi,0,0.0,1.0,6.029166666666666,12.469642857142858,-0.16190476190476208,73,66.85714285714286,0.14285714285714285,31.8,21.3,2.8,0,18,0,2,0,0.13079267585675922,-0.9914097417023038,0,2023
2023-06-25,kharadi,0,0.0,1.0,6.1625000000000005,11.94047619047619,-0.5291666666666667,77,67.57142857142857,0.7142857142857143,29.7,24.9,2.4,0,18,0,2,0,0.11371951458594969,-0.9935128947338007,0,2023
2023-06-26,kharadi,0,0.0,1.0,7.383333333333333,11.133333333333335,-0.807142857142857,82,68.57142857142857,1.0,26.8,26.1,4.1,0,18,0,2,0,0.0966127018812031,-0.9953220513156602,0,2023
2023-06-27,kharadi,0,0.0,1.0,4.841666666666667,9.986904761904762,-1.1464285714285716,79,71.0,2.4285714285714284,29.3,22.9,2.5,0,18,0,2,0,0.07947729992362097,-0.9968366760893436,0,2023
2023-06-28,kharadi,0,0.0,1.0,3.095833333333333,8.48154761904762,-1.505357142857143,82,72.85714285714286,1.8571428571428572,29.3,27.9,9.5,0,18,0,2,0,0.062318379354325076,-0.998056320853012,0,2023
2023-06-29,kharadi,0,0.0,1.0,2.2875,6.941071428571429,-1.5404761904761908,88,75.14285714285714,2.2857142857142856,26.4,24.5,15.5,0,18,0,2,0,0.04514101777397193,-0.9989806246941579,0,2023
2023-06-30,kharadi,0,0.0,1.0,2.129166666666667,5.507142857142858,-1.4339285714285717,86,78.57142857142857,3.4285714285714284,27.3,31.4,16.5,0,18,0,2,0,0.02795029824021032,-0.999609314096404,0,2023
2023-07-01,kharadi,0,0.0,1.0,3.775,4.561309523809524,-0.9458333333333334,83,81.0,2.4285714285714284,27.5,28.0,4.3,0,18,0,2,0,0.01075130776352193,-0.9999422030204416,0,2023
2023-07-02,kharadi,0,0.0,1.0,3.6458333333333335,4.239285714285715,-0.32202380952380943,82,82.42857142857143,1.4285714285714286,28.7,25.0,5.1,0,18,0,2,0,-0.00645086419810515,-0.9999791929590823,0,2023
2023-07-03,kharadi,0,0.0,1.0,4.216666666666667,3.879761904761905,-0.3595238095238096,81,83.14285714285714,0.7142857142857143,30.6,19.9,2.4,0,18,0,2,0,-0.023651127245231586,-0.9997202729664083,0,2023
2023-07-04,kharadi,0,0.0,1.0,4.916666666666667,3.4273809523809526,-0.4523809523809523,82,83.0,-0.14285714285714285,29.7,20.8,4.8,0,18,0,2,0,-0.04084439154329611,-0.9991655196610109,0,2023
2023-07-05,kharadi,0,0.0,1.0,6.0249999999999995,3.438095238095238,0.01071428571428574,82,83.42857142857143,0.42857142857142855,30.5,18.0,13.4,0,18,0,2,0,-0.05802556932878035,-0.9983150972033183,0,2023
2023-07-06,kharadi,0,0.0,1.0,2.6041666666666665,3.8565476190476184,0.4184523809523809,84,83.42857142857143,0.0,27.3,29.5,5.2,0,18,0,2,0,-0.07518957641475855,-0.9971692572470178,0,2023
2023-07-07,kharadi,0,0.0,1.0,1.8541666666666667,3.9017857142857144,0.0452380952380952,85,82.85714285714286,-0.5714285714285714,28.1,27.6,17.9,0,18,0,2,0,-0.09233133369539122,-0.9957283388645872,0,2023
2023-07-08,kharadi,0,0.0,1.0,4.095833333333333,3.8625000000000003,-0.039285714285714306,81,82.71428571428571,-0.14285714285714285,28.5,32.0,21.0,0,18,0,2,0,-0.10944576864891556,-0.993992768446958,0,2023
2023-07-09,kharadi,0,0.0,1.0,5.245833333333334,3.9083333333333328,0.04583333333333333,80,82.42857142857143,-0.2857142857142857,29.1,28.2,3.6,0,18,0,2,0,-0.12652781683868314,-0.9919630595773397,0,2023
2023-07-10,kharadi,0,0.0,1.0,6.704166666666667,4.136904761904762,0.2285714285714286,80,82.14285714285714,-0.2857142857142857,28.4,26.3,1.5,0,18,0,2,0,-0.1435724234118113,-0.9896398128792412,0,2023
2023-07-11,kharadi,0,0.0,1.0,6.870833333333334,4.492261904761905,0.3553571428571428,78,82.0,-0.14285714285714285,29.2,23.8,0.6,1,18,0,2,0,-0.16057454459499376,-0.9870237158387383,0,2023
2023-07-12,kharadi,0,0.0,1.0,6.804166666666667,4.771428571428571,0.2791666666666667,85,81.42857142857143,-0.5714285714285714,26.9,18.7,11.8,0,18,0,2,0,-0.17752914918703497,-0.984115542601034,0,2023
2023-07-13,kharadi,0,0.0,1.0,5.004166666666666,4.882738095238095,0.11130952380952396,80,81.85714285714286,0.42857142857142855,29.5,21.3,1.8,0,18,0,2,0,-0.19443122004766195,-0.9809161537413774,0,2023
2023-07-14,kharadi,0,0.0,1.0,3.1458333333333335,5.225595238095238,0.34285714285714286,83,81.28571428571429,-0.5714285714285714,28.7,24.5,6.5,0,18,0,2,0,-0.2112757555821793,-0.9774264960104055,0,2023
2023-07-15,kharadi,0,0.0,1.0,5.1125,5.410119047619048,0.18452380952380953,81,81.0,-0.2857142857142857,28.2,26.7,2.1,0,18,0,2,0,-0.2280577712215198,-0.9736476020539838,0,2023
2023-07-16,kharadi,0,0.0,1.0,4.108333333333333,5.555357142857142,0.14523809523809522,82,81.0,0.0,28.9,23.8,3.6,0,18,0,2,0,-0.24477230089725957,-0.9695805901076308,0,2023
2023-07-17,kharadi,0,0.0,1.0,2.5458333333333334,5.392857142857143,-0.16250000000000003,83,81.28571428571429,0.2857142857142857,27.4,28.0,2.4,0,18,0,2,0,-0.2614143985111562,-0.965226663665613,0,2023
2023-07-18,kharadi,0,0.0,1.0,2.0500000000000003,4.798809523809524,-0.594047619047619,87,81.71428571428571,0.42857142857142855,26.1,30.8,11.3,0,18,0,2,0,-0.2779791393987801,-0.9605871111248129,0,2023
2023-07-19,kharadi,0,0.0,1.0,2.470833333333333,4.1101190476190474,-0.6886904761904761,90,83.0,1.2857142857142858,25.8,28.5,24.2,0,18,0,2,0,-0.2944616217868012,-0.9556633054034704,0,2023
2023-07-20,kharadi,0,0.0,1.0,2.7458333333333336,3.4910714285714284,-0.6190476190476192,84,83.71428571428571,0.7142857142857143,27.7,33.0,2.5,0,18,0,2,0,-0.3108569682435036,-0.9504567035349151,0,2023
2023-07-21,kharadi,0,0.0,1.0,2.5458333333333334,3.1684523809523806,-0.3226190476190475,85,84.28571428571429,0.5714285714285714,27.3,26.4,4.2,0,18,0,2,0,-0.3271603271220951,-0.9449688462364056,0,2023
2023-07-22,kharadi,0,0.0,1.0,2.1708333333333334,3.082738095238095,-0.08571428571428573,87,84.57142857142857,0.2857142857142857,27.8,28.7,9.8,0,18,0,2,0,-0.34336687399638804,-0.939201357453208,0,2023
2023-07-23,kharadi,0,0.0,1.0,1.7125000000000001,2.6625000000000005,-0.4202380952380952,87,85.42857142857143,0.8571428571428571,26.9,28.6,7.9,0,18,0,2,0,-0.3594718130884232,-0.9331559438780432,0,2023
2023-07-24,kharadi,0,0.0,1.0,2.5083333333333333,2.3202380952380954,-0.3422619047619047,85,86.14285714285714,0.7142857142857143,27.4,28.2,8.8,0,18,0,2,0,-0.3754703786876202,-0.9268343944460494,0,2023
2023-07-25,kharadi,0,0.0,1.0,1.9708333333333332,2.3148809523809524,-0.00535714285714287,86,86.42857142857143,0.2857142857142857,26.3,23.9,7.3,0,18,0,2,0,-0.3913578365610259,-0.9202385798054075,0,2023
2023-07-26,kharadi,0,0.0,1.0,2.7416666666666667,2.3035714285714284,-0.011309523809523865,87,86.28571428571429,-0.14285714285714285,26.5,27.4,7.2,0,18,0,2,0,-0.4071294853542516,-0.9133704517637858,0,2023
2023-07-27,kharadi,0,0.0,1.0,2.3958333333333335,2.3422619047619047,0.03869047619047621,89,85.85714285714286,-0.42857142857142855,25.4,26.4,18.2,0,18,0,2,0,-0.4227806579826773,-0.9062320427107697,0,2023
2023-07-28,kharadi,0,0.0,1.0,1.8166666666666667,2.292261904761905,-0.05000000000000001,87,86.57142857142857,0.7142857142857143,27.0,28.5,6.3,0,18,0,2,0,-0.4383067230125192,-0.898825465016444,0,2023
2023-07-29,kharadi,0,0.0,1.0,5.333333333333333,2.1880952380952383,-0.10416666666666667,85,86.85714285714286,0.2857142857142857,26.0,27.1,0.9,1,18,0,2,0,-0.45370308603134424,-0.8911529104063088,0,2023
2023-07-30,kharadi,0,0.0,1.0,3.7916666666666665,2.639880952380952,0.45178571428571423,82,86.57142857142857,-0.2857142857142857,27.7,28.9,2.3,0,18,0,2,0,-0.46896519100763184,-0.8832166493127127,0,2023
2023-07-31,kharadi,0,0.0,1.0,2.775,2.936904761904762,0.2970238095238095,83,85.85714285714286,-0.7142857142857143,27.5,29.6,2.9,0,18,0,2,0,-0.48408852163897587,-0.8750190302029955,0,2023
2023-08-01,kharadi,0,0.0,1.0,3.3166666666666664,2.974999999999999,0.038095238095238085,81,85.57142857142857,-0.2857142857142857,27.5,32.1,3.7,0,18,0,2,0,-0.4990686026885319,-0.8665624788845385,0,2023
2023-08-02,kharadi,0,0.0,1.0,3.9458333333333333,3.167261904761905,0.19226190476190474,82,84.85714285714286,-0.7142857142857143,27.4,32.6,1.1,0,18,0,2,0,-0.5139010013093103,-0.8578494977869301,0,2023
2023-08-03,kharadi,0,0.0,1.0,4.129166666666666,3.3392857142857144,0.17202380952380952,82,84.14285714285714,-0.7142857142857143,27.1,33.5,2.2,0,18,0,2,0,-0.5285813283559292,-0.8488826652214553,0,2023
2023-08-04,kharadi,0,0.0,1.0,3.9125,3.586904761904762,0.24761904761904757,82,83.14285714285714,-1.0,28.0,31.5,1.0,0,18,0,2,0,-0.5431052396834317,-0.8396646346181327,0,2023
2023-08-05,kharadi,0,0.0,1.0,5.329166666666667,3.8863095238095235,0.2994047619047619,82,82.42857142857143,-0.7142857142857143,27.9,29.2,2.6,0,18,0,2,0,-0.5574684374327892,-0.8301981337405212,0,2023
2023-08-06,kharadi,0,0.0,1.0,6.591666666666666,3.8857142857142852,-0.0005952380952380614,81,82.0,-0.42857142857142855,28.0,30.5,1.1,0,18,0,2,0,-0.5716666713027052,-0.8204859638785327,0,2023
2023-08-07,kharadi,0,0.0,1.0,9.158333333333333,4.285714285714286,0.3999999999999999,79,81.85714285714286,-0.14285714285714285,28.7,31.5,0.2,1,18,0,2,0,-0.5856957398073508,-0.8105309990194823,0,2023
2023-08-08,kharadi,0,0.0,1.0,6.929166666666667,5.197619047619048,0.9119047619047619,79,81.28571428571429,-0.5714285714285714,28.8,26.8,0.4,2,18,0,2,0,-0.5995514915196489,-0.8003361849976323,0,2023
2023-08-09,kharadi,0,0.0,1.0,7.866666666666667,5.713690476190476,0.5160714285714286,79,81.0,-0.2857142857142857,28.9,25.2,0.9,3,18,0,2,0,-0.6132298262997502,-0.7899045386224707,0,2023
2023-08-10,kharadi,0,0.0,1.0,8.283333333333333,6.273809523809524,0.5601190476190477,79,80.57142857142857,-0.42857142857142855,28.8,24.4,1.9,0,18,0,2,0,-0.6267266965083301,-0.7792391467859886,0,2023
2023-08-11,kharadi,0,0.0,1.0,8.641666666666667,6.867261904761905,0.593452380952381,78,80.14285714285714,-0.42857142857142855,29.3,20.8,0.7,1,18,0,2,0,-0.6400381082043503,-0.7683431655492202,0,2023
2023-08-12,kharadi,0,0.0,1.0,8.6,7.542857142857143,0.6755952380952382,79,79.57142857142857,-0.5714285714285714,29.3,25.9,0.7,2,18,0,2,0,-0.65316012232693,-0.7572198192083127,0,2023
2023-08-13,kharadi,0,0.0,1.0,6.7,8.010119047619048,0.4672619047619047,79,79.14285714285714,-0.42857142857142855,28.3,26.3,1.7,0,18,0,2,0,-0.666088855860977,-0.7458723993404063,0,2023
2023-08-14,kharadi,0,0.0,1.0,9.5875,8.025595238095239,0.015476190476190612,77,78.85714285714286,-0.2857142857142857,29.2,25.2,0.8,1,18,0,2,0,-0.6788204829862355,-0.734304263829602,0,2023
2023-08-15,kharadi,0,0.0,1.0,9.608333333333333,8.086904761904762,0.061309523809523876,77,78.57142857142857,-0.2857142857142857,28.9,23.7,0.3,2,18,0,2,0,-0.6913512362094071,-0.722518835873311,0,2023
2023-08-16,kharadi,0,0.0,1.0,10.262500000000001,8.469642857142857,0.38273809523809504,77,78.28571428571429,-0.2857142857142857,29.7,24.6,1.2,0,18,0,2,0,-0.7036774074790128,-0.7105196029692745,0,2023
2023-08-17,kharadi,0,0.0,1.0,10.541666666666666,8.811904761904762,0.3422619047619048,76,78.0,-0.2857142857142857,28.9,24.6,0.1,1,18,0,2,0,-0.7157953492826642,-0.6983101158835584,0,2023
2023-08-18,kharadi,0,0.0,1.0,9.983333333333333,9.13452380952381,0.3226190476190475,77,77.57142857142857,-0.42857142857142855,29.8,25.1,0.1,2,18,0,2,0,-0.7277014757264236,-0.6858939875998223,0,2023
2023-08-19,kharadi,0,0.0,1.0,9.195833333333333,9.326190476190476,0.19166666666666643,79,77.42857142857143,-0.14285714285714285,29.5,25.9,0.9,3,18,0,2,0,-0.7393922635959241,-0.673274892250183,0,2023
2023-08-20,kharadi,0,0.0,1.0,8.125,9.411309523809523,0.08511904761904761,79,77.42857142857143,0.0,28.3,25.4,0.6,4,18,0,2,0,-0.7508642533989489,-0.6604565640279754,0,2023
2023-08-21,kharadi,0,0.0,1.0,9.283333333333333,9.614880952380952,0.20357142857142854,77,77.42857142857143,0.0,29.4,24.6,1.0,0,18,0,2,0,-0.7621140503891487,-0.6474427960827475,0,2023
2023-08-22,kharadi,0,0.0,1.0,8.420833333333333,9.571428571428571,-0.04345238095238102,81,77.42857142857143,0.0,30.1,23.8,2.6,0,18,0,2,0,-0.7731383255706026,-0.6342374393978054,0,2023
2023-08-23,kharadi,0,0.0,1.0,7.008333333333333,9.401785714285714,-0.16964285714285715,77,78.0,0.5714285714285714,29.5,24.5,0.4,1,18,0,2,0,-0.7839338166829201,-0.620844401650647,0,2023
2023-08-24,kharadi,0,0.0,1.0,5.6375,8.93690476190476,-0.4648809523809526,77,78.0,0.0,29.7,25.9,0.9,2,18,0,2,0,-0.7944973291665992,-0.6072676460566135,0,2023
2023-08-25,kharadi,0,0.0,1.0,3.5666666666666664,8.236309523809522,-0.7005952380952379,79,78.14285714285714,0.14285714285714285,29.5,24.4,4.7,0,18,0,2,0,-0.8048257371083452,-0.593511190196115,0,2023
2023-08-26,kharadi,0,0.0,1.0,4.579166666666667,7.319642857142858,-0.9166666666666666,79,78.42857142857143,0.2857142857142857,29.4,25.8,1.7,0,18,0,2,0,-0.8149159841660791,-0.5795791048257612,0,2023
2023-08-27,kharadi,0,0.0,1.0,4.358333333333333,6.660119047619048,-0.6595238095238095,79,78.42857142857143,0.0,29.4,27.0,2.0,0,18,0,2,0,-0.8247650844733614,-0.5654755126737576,0,2023
2023-08-28,kharadi,0,0.0,1.0,5.745833333333334,6.12202380952381,-0.5380952380952381,78,78.42857142857143,0.0,29.9,24.5,1.3,0,18,0,2,0,-0.8343701235229538,-0.5512045872199277,0,2023
2023-08-29,kharadi,0,0.0,1.0,9.195833333333333,5.616666666666666,-0.5053571428571428,76,78.57142857142857,0.14285714285714285,29.8,18.2,2.0,0,18,0,2,0,-0.8437282590292712,-0.5367705514607103,0,2023
2023-08-30,kharadi,0,0.0,1.0,18.604166666666668,5.727380952380953,0.11071428571428577,75,77.85714285714286,-0.7142857142857143,31.5,16.2,0.0,1,18,0,2,0,-0.8528367217694595,-0.522177676659508,0,2023
2023-08-31,kharadi,0,0.0,1.0,29.633333333333336,7.383928571428571,1.6565476190476194,75,77.57142857142857,-0.2857142857142857,31.5,18.9,0.5,2,18,0,2,0,-0.8616928164028522,-0.5074302810827518,0,2023
2023-09-01,kharadi,0,0.0,1.0,29.141666666666666,10.811904761904762,3.427976190476191,75,77.28571428571429,-0.2857142857142857,33.1,16.5,2.5,0,18,0,2,0,-0.8702939222685674,-0.49253272872205434,0,2023
2023-09-02,kharadi,0,0.0,1.0,16.016666666666666,14.465476190476192,3.6535714285714285,78,76.71428571428571,-0.5714285714285714,31.7,18.3,3.2,0,18,0,2,0,-0.8786374941610001,-0.4774894280028391,0,2023
2023-09-03,kharadi,0,0.0,1.0,18.079166666666666,16.09940476190476,1.6339285714285714,77,76.57142857142857,-0.14285714285714285,31.4,17.6,4.8,0,18,0,2,0,-0.886721063082993,-0.46230483047981086,0,2023
2023-09-04,kharadi,0,0.0,1.0,20.995833333333334,18.05952380952381,1.9601190476190473,77,76.28571428571429,-0.2857142857142857,31.0,19.8,2.1,0,18,0,2,0,-0.8945422369764496,-0.4469834295196741,0,2023
2023-09-05,kharadi,0,0.0,1.0,23.2375,20.238095238095237,2.1785714285714284,74,76.14285714285714,-0.14285714285714285,30.8,17.8,0.3,1,18,0,2,0,-0.9020987014301837,-0.43152975897147144,0,2023
2023-09-06,kharadi,0,0.0,1.0,23.079166666666666,22.24404761904762,2.005952380952381,75,75.85714285714286,-0.2857142857142857,30.6,22.7,0.4,2,18,0,2,0,-0.9093882203647925,-0.4159483918249421,0,2023
2023-09-07,kharadi,0,0.0,1.0,15.291666666666666,22.883333333333333,0.639285714285714,79,75.85714285714286,0.0,28.9,27.3,4.0,0,18,0,2,0,-0.9164086366943458,-0.4002439388573056,0,2023
2023-09-08,kharadi,0,0.0,1.0,4.079166666666667,20.83452380952381,-2.0488095238095245,87,76.42857142857143,0.5714285714285714,28.4,27.1,14.5,0,18,0,2,0,-0.9231578729647039,-0.38442104726885545,0,2023
2023-09-09,kharadi,0,0.0,1.0,6.291666666666667,17.254166666666666,-3.580357142857143,85,78.14285714285714,1.7142857142857142,28.5,27.3,4.2,0,18,0,2,0,-0.9296339319682695,-0.3684843993077793,0,2023
2023-09-10,kharadi,0,0.0,1.0,7.608333333333333,15.864880952380952,-1.389285714285714,81,79.14285714285714,1.0,28.9,27.0,0.4,1,18,0,2,0,-0.9358348973349941,-0.35243871088460327,0,2023
2023-09-11,kharadi,0,0.0,1.0,7.454166666666667,14.369047619047619,-1.4958333333333331,81,79.71428571428571,0.5714285714285714,29.2,26.2,2.4,0,18,0,2,0,-0.9417589340994617,-0.33628873017668287,0,2023
2023-09-12,kharadi,0,0.0,1.0,10.245833333333334,12.43452380952381,-1.9345238095238098,78,80.28571428571429,0.5714285714285714,29.7,23.0,1.3,0,18,0,2,0,-0.9474042892438845,-0.32003923622313857,0,2023
2023-09-13,kharadi,0,0.0,1.0,9.158333333333333,10.578571428571427,-1.855952380952381,78,80.85714285714286,0.5714285714285714,29.5,22.8,0.5,1,18,0,2,0,-0.9527692922168511,-0.30369503751065885,0,2023
2023-09-14,kharadi,0,0.0,1.0,9.145833333333334,8.589880952380952,-1.988690476190476,78,81.28571428571429,0.42857142857142855,30.0,21.6,0.4,2,18,0,2,0,-0.9578523554276669,-0.28726097055059635,0,2023
2023-09-15,kharadi,0,0.0,1.0,7.933333333333334,7.711904761904762,-0.8779761904761904,77,81.14285714285714,-0.14285714285714285,29.8,23.1,0.3,3,18,0,2,0,-0.9626519747161487,-0.2707418984477642,0,2023
2023-09-16,kharadi,0,0.0,1.0,5.7375,8.2625,0.5505952380952381,80,79.71428571428571,-1.4285714285714286,27.7,27.8,0.1,4,18,0,2,0,-0.9671667297977312,-0.2541427094613622,0,2023
2023-09-17,kharadi,0,0.0,1.0,6.6000000000000005,8.183333333333334,-0.07916666666666673,80,79.0,-0.7142857142857143,28.2,27.6,1.3,0,18,0,2,0,-0.97139528468375,-0.23746831555846842,0,2023
2023-09-18,kharadi,0,0.0,1.0,3.908333333333333,8.039285714285715,-0.14404761904761898,79,78.85714285714286,-0.14285714285714285,29.4,26.8,4.8,0,18,0,2,0,-0.9753363880767837,-0.2207236509605022,0,2023
2023-09-19,kharadi,0,0.0,1.0,3.8000000000000003,7.532738095238096,-0.506547619047619,80,78.57142857142857,-0.2857142857142857,29.7,23.7,1.3,0,18,0,2,0,-0.9789888737409319,-0.20391367068311472,0,2023
2023-09-20,kharadi,0,0.0,1.0,4.770833333333333,6.6119047619047615,-0.9208333333333333,79,78.85714285714286,0.2857142857142857,30.4,21.3,1.3,0,18,0,2,0,-0.9823516608469237,-0.18704334906991657,0,2023
2023-09-21,kharadi,0,0.0,1.0,4.825,5.985119047619048,-0.6267857142857143,82,79.0,0.14285714285714285,30.8,15.5,20.6,0,18,0,2,0,-0.9854237542919524,-0.17011767832049052,0,2023
2023-09-22,kharadi,0,0.0,1.0,6.825,5.367857142857142,-0.6172619047619048,90,79.57142857142857,0.5714285714285714,28.0,11.9,44.6,0,18,0,2,0,-0.9882042449941422,-0.15314166701312007,0,2023
2023-09-23,kharadi,0,0.0,1.0,6.55,5.20952380952381,-0.15833333333333335,90,81.42857142857143,1.8571428571428572,29.2,13.5,31.6,0,18,0,2,0,-0.9906923101615609,-0.13612033862266704,0,2023
2023-09-24,kharadi,0,0.0,1.0,8.674999999999999,5.3255952380952385,0.11607142857142858,86,82.85714285714286,1.4285714285714286,28.5,15.6,9.6,0,18,0,2,0,-0.9928872135356962,-0.11905873003404988,0,2023
2023-09-25,kharadi,0,0.0,1.0,10.304166666666667,5.622023809523809,0.2964285714285712,85,83.71428571428571,0.8571428571428571,29.1,16.8,3.6,0,18,0,2,0,-0.994788305609327,-0.10196189005174576,0,2023
2023-09-26,kharadi,0,0.0,1.0,18.091666666666665,6.535714285714286,0.9136904761904763,83,84.57142857142857,0.8571428571428571,30.5,13.8,13.8,0,18,0,2,0,-0.9963950238187231,-0.08483487790576538,0,2023
2023-09-27,kharadi,0,0.0,1.0,24.46666666666667,8.57738095238095,2.0416666666666665,86,85.0,0.42857142857142855,28.6,10.8,28.2,0,18,0,2,0,-0.9977068927101168,-0.06768276175455162,0,2023
2023-09-28,kharadi,0,0.0,1.0,22.570833333333336,11.391071428571427,2.8136904761904766,87,86.0,1.0,29.4,10.9,5.6,0,18,0,2,0,-0.9987235240803972,-0.050510617185222886,0,2023
2023-09-29,kharadi,0,0.0,1.0,16.116666666666667,13.926190476190476,2.535119047619048,88,86.71428571428571,0.7142857142857143,29.9,12.4,22.6,0,18,0,2,0,-0.9994446170919858,-0.033323525711631344,0,2023
2023-09-30,kharadi,0,0.0,1.0,10.416666666666666,15.25357142857143,1.3273809523809526,87,86.42857142857143,-0.2857142857142857,29.7,15.5,7.3,0,18,0,2,0,-0.9998699583618592,-0.016126573270657762,0,2023
2023-10-01,kharadi,0,0.0,1.0,24.158333333333335,15.80595238095238,0.5523809523809523,88,86.0,-0.42857142857142855,29.1,16.4,8.0,0,18,0,2,0,-0.9999994220246925,0.001075151282798226,0,2023
2023-10-02,kharadi,0,0.0,1.0,27.5,18.017857142857142,2.2119047619047625,80,86.28571428571429,0.2857142857142857,28.6,18.0,0.0,1,18,0,2,0,-0.999832969770105,0.018276557681691223,0,2023
2023-10-03,kharadi,0,0.0,1.0,36.329166666666666,20.47440476190476,2.456547619047619,77,85.57142857142857,-0.7142857142857143,31.0,15.3,0.0,2,18,0,2,0,-0.9993706508539969,0.03547255575312556,0,2023
2023-10-04,kharadi,0,0.0,1.0,39.71666666666667,23.079761904761906,2.605357142857143,78,84.71428571428571,-0.8571428571428571,31.2,13.0,0.0,3,18,0,2,0,-0.9986126020839734,0.052658056924614005,0,2023
2023-10-05,kharadi,0,0.0,1.0,36.975,25.258333333333333,2.1785714285714284,74,83.57142857142857,-1.1428571428571428,31.0,12.2,0.0,4,18,0,2,0,-0.9975590477788613,0.06982797572987089,0,2023
2023-10-06,kharadi,0,0.0,1.0,39.55416666666667,27.316071428571433,2.057738095238095,74,81.71428571428571,-1.8571428571428572,30.8,13.0,0.0,5,18,0,2,0,-0.9962102997023297,0.0869772313136861,0,2023
2023-10-07,kharadi,0,0.0,1.0,41.36666666666667,30.664285714285715,3.3482142857142856,73,79.71428571428571,-2.0,31.0,9.4,0.0,6,18,0,2,0,-0.9945667569706337,0.1041007489354256,0,2023
2023-10-08,kharadi,0,0.0,1.0,45.520833333333336,35.08571428571428,4.421428571428572,71,77.71428571428571,-2.0,31.7,7.3,0.0,7,18,0,2,0,-0.9926289059345095,0.121193461470736,0,2023
2023-10-09,kharadi,0,0.0,1.0,48.737500000000004,38.137499999999996,3.0517857142857143,69,75.28571428571429,-2.4285714285714284,31.8,11.8,0.0,8,18,0,2,0,-0.9903973200352558,0.1382503109109819,0,2023
2023-10-10,kharadi,0,0.0,1.0,43.97083333333333,41.17142857142857,3.033928571428572,67,73.71428571428571,-1.5714285714285714,32.1,13.2,0.0,9,18,0,2,0,-0.9878726596350429,0.15526624985999563,0,2023
2023-10-11,kharadi,0,0.0,1.0,41.079166666666666,42.26309523809524,1.0916666666666666,70,72.28571428571429,-1.4285714285714286,30.7,13.4,0.2,10,18,0,2,0,-0.9850556718215013,0.172236243027682,0,2023
2023-10-12,kharadi,0,0.0,1.0,46.395833333333336,42.45773809523809,0.19464285714285673,69,71.14285714285714,-1.1428571428571428,31.8,12.0,0.1,11,18,0,2,0,-0.981947190186646,0.18915526872004093,0,2023
2023-10-13,kharadi,0,0.0,1.0,42.80416666666667,43.80357142857143,1.3458333333333334,64,70.42857142857143,-0.7142857142857143,32.4,13.6,0.0,12,18,0,2,0,-0.9785481345802031,0.20601832032517084,0,2023
2023-10-14,kharadi,0,0.0,1.0,32.262499999999996,44.267857142857146,0.4642857142857143,61,69.0,-1.4285714285714286,32.0,10.2,0.0,13,18,0,2,0,-0.9748595108374125,0.22282040779479959,0,2023
2023-10-15,kharadi,0,0.0,1.0,44.895833333333336,42.967261904761905,-1.3005952380952388,62,67.28571428571429,-1.7142857142857142,31.5,11.0,0.0,14,18,0,2,0,-0.9708824104813836,0.23955655912092708,0,2023
2023-10-16,kharadi,0,0.0,1.0,48.45416666666667,42.87797619047619,-0.08928571428571429,59,66.0,-1.2857142857142858,31.7,12.6,0.4,15,18,0,2,0,-0.9666180104000972,0.2562218218071163,0,2023
2023-10-17,kharadi,0,0.0,1.0,50.291666666666664,42.8375,-0.04047619047619021,59,64.57142857142857,-1.4285714285714286,31.4,7.6,0.0,16,18,0,2,0,-0.9620675724981452,0.27281126433401914,0,2023
2023-10-18,kharadi,0,0.0,1.0,51.26666666666667,43.740476190476194,0.9029761904761904,58,63.42857142857143,-1.1428571428571428,31.7,13.7,0.0,17,18,0,2,0,-0.957232443323312,0.28931997761869527,0,2023
2023-10-19,kharadi,0,0.0,1.0,49.57083333333333,45.19583333333333,1.455357142857144,66,61.714285714285715,-1.7142857142857142,31.9,14.9,1.5,0,18,0,2,0,-0.9521140536681102,0.3057430764672831,0,2023
2023-10-20,kharadi,0,0.0,1.0,60.46666666666667,45.64940476190476,0.4535714285714282,69,61.285714285714285,-0.42857142857142855,31.1,10.1,0.8,1,18,0,2,0,-0.9467139181463862,0.3220757010206104,0,2023
2023-10-21,kharadi,0,0.0,1.0,56.17916666666667,48.172619047619044,2.523214285714286,64,62.0,0.7142857142857143,31.4,11.7,0.2,2,18,0,2,0,-0.9410336347451197,0.3383130181923076,0,2023
2023-10-22,kharadi,0,0.0,1.0,45.13333333333333,51.589285714285715,3.4166666666666674,57,62.42857142857143,0.42857142857142855,32.1,11.8,0.0,3,18,0,2,0,-0.9350748843515574,0.3544502230989869,0,2023
2023-10-23,kharadi,0,0.0,1.0,44.5875,51.62321428571429,0.033928571428571024,59,61.714285714285715,-0.7142857142857143,32.5,9.3,0.0,4,18,0,2,0,-0.9288394302558068,0.3704825404820963,0,2023
2023-10-24,kharadi,0,0.0,1.0,33.516666666666666,51.07083333333333,-0.5523809523809534,47,61.714285714285715,0.0,32.4,9.3,0.0,5,18,0,2,0,-0.9223291176290545,0.3864052261209853,0,2023
2023-10-25,kharadi,0,0.0,1.0,34.37083333333333,48.67440476190477,-2.3964285714285714,48,60.0,-1.7142857142857142,31.7,11.5,0.0,6,18,0,2,0,-0.9155458729775467,0.40221356823680365,0,2023
2023-10-26,kharadi,0,0.0,1.0,28.954166666666666,46.260714285714286,-2.4136904761904776,43,58.57142857142857,-1.4285714285714286,31.1,13.4,0.0,7,18,0,2,0,-0.9084917035725082,0.41790288888678667,0,2023
2023-10-27,kharadi,0,0.0,1.0,26.71666666666667,43.31547619047619,-2.9452380952380954,42,55.285714285714285,-3.2857142857142856,31.2,13.2,0.0,8,18,0,2,0,-0.9011686968561569,0.4334685453485363,0,2023
2023-10-28,kharadi,0,0.0,1.0,34.733333333333334,38.49404761904763,-4.821428571428571,43,51.42857142857143,-3.857142857142857,30.9,11.5,0.0,9,18,0,2,0,-0.8935790198239952,0.4489059314938798,0,2023
2023-10-29,kharadi,0,0.0,1.0,35.025,35.43035714285714,-3.063690476190476,44,48.42857142857143,-3.0,31.3,13.0,0.0,10,18,0,2,0,-0.8857249183835637,0.4642104791518923,0,2023
2023-10-30,kharadi,0,1.0,1.0,36.92916666666667,33.986309523809524,-1.4440476190476192,48,46.57142857142857,-1.8571428571428572,31.8,12.3,0.0,11,18,0,2,0,-0.8776087166898392,0.4793776594606945,1,2023
2023-10-31,kharadi,1,1.0,1.0,41.737500000000004,32.8922619047619,-1.0940476190476187,53,45.0,-1.5714285714285714,31.6,14.0,0.0,12,18,0,2,0,-0.8692328164574792,0.49440298420761813,1,2023
2023-11-01,kharadi,0,0.0,1.0,37.141666666666666,34.06666666666667,1.1744047619047626,49,45.857142857142854,0.8571428571428571,31.3,10.5,0.0,13,18,0,2,0,-0.8605996962501181,0.5092820071573356,0,2023
2023-11-02,kharadi,0,0.0,1.0,37.4375,34.4625,0.39583333333333365,52,46.0,0.14285714285714285,30.9,10.1,0.0,14,18,0,2,0,-0.8517119107469189,0.5240103253675756,0,2023
2023-11-03,kharadi,0,0.0,1.0,44.79583333333333,35.67440476190476,1.211904761904762,50,47.285714285714285,1.2857142857142858,31.9,11.9,0.0,15,18,0,2,0,-0.8425720899866032,0.5385835804920232,0,2023
2023-11-04,kharadi,0,0.0,1.0,53.69166666666666,38.25714285714286,2.5827380952380943,51,48.42857142857143,1.1428571428571428,31.8,14.9,0.0,16,18,0,2,0,-0.8331829385891785,0.5529974600700271,0,2023
2023-11-05,kharadi,0,0.0,1.0,52.637499999999996,40.96547619047619,2.7083333333333326,50,49.57142857142857,1.1428571428571428,32.3,14.1,0.0,17,18,0,2,0,-0.8235472349556007,0.5672476988027229,0,2023
2023-11-06,kharadi,0,0.0,1.0,35.78333333333333,43.48154761904762,2.5160714285714283,48,50.42857142857143,0.8571428571428571,32.5,14.5,0.0,18,18,0,2,0,-0.8136678304455991,0.5813300798152042,0,2023
2023-11-07,kharadi,0,0.0,1.0,43.77916666666667,43.317857142857136,-0.16369047619047652,52,50.42857142857143,0.0,31.7,13.9,0.0,19,18,0,2,0,-0.8035476485339116,0.5952404359043674,0,2023
2023-11-08,kharadi,0,0.0,1.0,22.162499999999998,43.60952380952381,0.29166666666666635,70,50.285714285714285,-0.14285714285714285,31.4,17.7,1.5,0,18,0,2,0,-0.7931896839451843,0.6089746507720486,0,2023
2023-11-09,kharadi,0,0.0,1.0,23.575,41.46964285714285,-2.1398809523809526,78,53.285714285714285,3.0,31.4,15.9,3.3,0,18,0,2,0,-0.7825970017677834,0.6225286602431057,0,2023
2023-11-10,kharadi,0,0.0,1.0,23.433333333333334,39.489285714285714,-1.980357142857143,80,57.0,3.7142857142857144,30.7,14.6,2.7,0,18,0,2,0,-0.7717727365467836,0.6358984534680745,0,2023
2023-11-11,kharadi,0,0.0,1.0,36.65833333333333,36.43749999999999,-3.0517857142857134,68,61.285714285714285,4.285714285714286,32.1,14.2,0.0,1,18,0,2,0,-0.7607200913564104,0.6490800741100398,0,2023
2023-11-12,kharadi,0,0.0,1.0,44.395833333333336,34.00416666666667,-2.433333333333333,56,63.714285714285715,2.4285714285714284,32.4,13.0,0.0,2,18,0,2,1,-0.7494423368521954,0.6620696215153815,0,2023
2023-11-13,kharadi,0,0.0,1.0,55.791666666666664,32.82678571428571,-1.1773809523809515,54,64.57142857142857,0.8571428571428571,31.4,9.3,0.0,3,18,0,2,1,-0.7379428103031386,0.6748632518680403,0,2023
2023-11-14,kharadi,0,0.0,1.0,55.73333333333333,35.68511904761905,2.8583333333333334,55,65.42857142857143,0.8571428571428571,31.1,10.2,0.0,4,18,0,2,1,-0.7262249146041543,0.6874571793269664,0,2023
2023-11-15,kharadi,0,0.0,1.0,49.4125,37.392857142857146,1.707738095238094,50,65.85714285714286,0.42857142857142855,30.2,10.6,0.0,5,18,0,2,1,-0.7142921172691032,0.699847677146407,0,2023
2023-11-16,kharadi,0,0.0,1.0,56.84583333333333,41.285714285714285,3.8928571428571432,54,63.0,-2.857142857142857,30.3,10.7,0.0,6,18,0,2,1,-0.7021479494046978,0.7120310787787131,0,2023
2023-11-17,kharadi,0,0.0,1.0,68.72916666666667,46.038690476190474,4.75297619047619,53,59.57142857142857,-3.4285714285714284,30.1,11.0,0.0,7,18,0,2,1,-0.6897960046655887,0.7240037789593305,0,2023
2023-11-18,kharadi,0,0.0,1.0,60.145833333333336,52.509523809523806,6.470833333333333,55,55.714285714285715,-3.857142857142857,31.4,10.7,0.0,8,18,0,2,1,-0.6772399381909491,0.7357622347736527,0,2023
2023-11-19,kharadi,0,0.0,1.0,52.362500000000004,55.86488095238094,3.3553571428571436,57,53.857142857142854,-1.8571428571428572,32.2,10.2,0.0,9,18,0,2,0,-0.6644834655228552,0.7473029667054296,0,2023
2023-11-20,kharadi,0,0.0,1.0,39.641666666666666,57.00297619047619,1.1380952380952383,58,54.0,0.14285714285714285,31.7,13.8,0.0,10,18,0,2,0,-0.6515303615068021,0.75862255966641,0,2023
2023-11-21,kharadi,0,0.0,1.0,37.15416666666667,54.695833333333326,-2.307142857142857,53,54.57142857142857,0.5714285714285714,30.9,13.0,0.0,11,18,0,2,0,-0.6383844591746642,0.7697176640069211,0,2023
2023-11-22,kharadi,0,0.0,1.0,37.5375,52.04166666666667,-2.6541666666666655,55,54.285714285714285,-0.2857142857142857,30.3,11.0,0.0,12,18,0,2,0,-0.6250496486104377,0.7805849965070866,0,2023
2023-11-23,kharadi,0,0.0,1.0,34.9125,50.345238095238095,-1.6964285714285714,55,55.0,0.7142857142857143,30.9,9.3,0.0,13,18,0,2,0,-0.6115298757991053,0.7912213413483807,0,2023
2023-11-24,kharadi,0,0.0,1.0,21.070833333333333,47.21190476190476,-3.133333333333333,63,55.142857142857146,0.14285714285714285,31.3,15.0,0.3,14,18,0,2,0,-0.5978291414589552,0.801623551065242,0,2023
2023-11-25,kharadi,0,0.0,1.0,19.958333333333332,40.403571428571425,-6.8083333333333345,67,56.57142857142857,1.4285714285714286,30.4,15.0,0.8,15,18,0,2,0,-0.5839514998576998,0.8117885474764613,0,2023
2023-11-26,kharadi,0,0.0,1.0,23.15833333333333,34.6625,-5.741071428571429,74,58.285714285714285,1.7142857142857142,31.7,19.5,10.1,0,18,0,2,0,-0.5699010576127624,0.8217133225960589,0,2023
2023-11-27,kharadi,0,0.0,1.0,29.683333333333334,30.490476190476187,-4.17202380952381,78,60.714285714285715,2.4285714285714284,28.5,12.2,0.9,1,18,0,2,0,-0.5556819724760489,0.8313949395234058,0,2023
2023-11-28,kharadi,0,0.0,1.0,27.8,29.067857142857143,-1.4226190476190474,80,63.57142857142857,2.857142857142857,29.2,14.0,0.0,2,18,0,2,0,-0.5412984521036173,0.8408305333122887,0,2023
2023-11-29,kharadi,0,0.0,1.0,22.816666666666666,27.73154761904762,-1.336309523809524,77,67.42857142857143,3.857142857142857,29.4,12.1,0.6,3,18,0,2,0,-0.5267547528105542,0.8500173118187018,0,2023
2023-11-30,kharadi,0,0.0,1.0,28.308333333333334,25.62857142857143,-2.1029761904761908,74,70.57142857142857,3.142857142857143,30.0,12.4,0.8,4,18,0,2,0,-0.5120551783114646,0.8589525565270845,0,2023
2023-12-01,kharadi,0,0.0,1.0,23.837500000000002,24.68511904761905,-0.9434523809523812,72,73.28571428571429,2.7142857142857144,29.5,8.6,0.5,5,18,0,2,0,-0.4972040784469378,0.8676336233547726,0,2023
2023-12-02,kharadi,0,0.0,1.0,18.820833333333333,25.080357142857142,0.3952380952380956,67,74.57142857142857,1.2857142857142858,31.1,17.1,0.2,6,18,0,2,0,-0.4822058478963526,0.8760579434344281,0,2023
2023-12-03,kharadi,0,0.0,1.0,26.254166666666666,24.917857142857144,-0.1624999999999999,69,74.57142857142857,0.0,30.5,15.0,0.0,7,18,0,2,0,-0.46706492487743034,0.8842230238742036,0,2023
2023-12-04,kharadi,0,0.0,1.0,20.933333333333334,25.360119047619047,0.442261904761905,66,73.85714285714286,-0.7142857142857143,31.1,12.5,0.0,8,18,0,2,0,-0.451785789832884,0.8921264484954345,0,2023
2023-12-05,kharadi,0,0.0,1.0,23.020833333333332,24.110119047619047,-1.25,65,72.14285714285714,-1.7142857142857142,30.8,11.1,0.0,9,18,0,2,0,-0.4363729641045924,0.8997658785476209,0,2023
2023-12-06,kharadi,0,0.0,1.0,26.308333333333334,23.427380952380954,-0.6827380952380955,72,70.0,-2.142857142857143,29.0,10.3,0.7,10,18,0,2,0,-0.42083100859565564,0.9071390534005044,0,2023
2023-12-07,kharadi,0,0.0,1.0,27.3,23.926190476190477,0.49880952380952387,75,69.28571428571429,-0.7142857142857143,28.1,8.7,0.4,11,18,0,2,0,-0.4051645224207563,0.9142437912130223,0,2023
2023-12-08,kharadi,0,0.0,1.0,30.620833333333334,23.782142857142855,-0.14404761904761898,70,69.42857142857143,0.14285714285714285,28.6,9.5,0.2,12,18,0,2,0,-0.3893781415452015,0.9210779895789526,0,2023
2023-12-09,kharadi,0,0.0,1.0,28.504166666666666,24.751190476190477,0.9690476190476188,69,69.14285714285714,-0.2857142857142857,29.6,11.5,0.0,13,18,0,2,0,-0.37347653741307074,0.9276396261490467,0,2023
2023-12-10,kharadi,0,0.0,1.0,26.625,26.13452380952381,1.3833333333333333,65,69.42857142857143,0.2857142857142857,29.5,12.8,0.0,14,18,0,2,0,-0.3574644155648614,0.9339267592294762,0,2023
2023-12-11,kharadi,0,0.0,1.0,33.574999999999996,26.1875,0.05297619047619051,62,68.85714285714286,-0.5714285714285714,29.7,11.0,0.0,15,18,0,2,0,-0.34134651424503615,0.9399375283564133,0,2023
2023-12-12,kharadi,0,0.0,1.0,41.18333333333333,27.99345238095238,1.8059523809523803,62,68.28571428571429,-0.5714285714285714,29.8,13.0,0.0,16,18,0,2,0,-0.3251276029999093,0.9456701548465688,0,2023
2023-12-13,kharadi,0,0.0,1.0,37.887499999999996,30.588095238095235,2.594642857142857,61,67.85714285714286,-0.42857142857142855,29.2,10.9,0.0,17,18,0,2,0,-0.30881248126625377,0.9511229423235357,0,2023
2023-12-14,kharadi,0,0.0,1.0,25.741666666666664,32.242261904761904,1.6541666666666661,58,66.28571428571429,-1.5714285714285714,28.4,14.7,0.0,18,18,0,2,0,-0.29240597695107734,0.9562942772197719,0,2023
2023-12-15,kharadi,0,0.0,1.0,27.962500000000002,32.019642857142856,-0.22261904761904816,60,63.857142857142854,-2.4285714285714284,27.7,14.5,0.0,19,18,0,2,0,-0.27591294500296043,0.9611826292540837,0,2023
2023-12-16,kharadi,0,0.0,1.0,41.99166666666667,31.639880952380953,-0.37976190476190447,61,62.42857142857143,-1.4285714285714286,27.8,12.8,0.0,20,18,0,2,0,-0.2593382659754056,0.9657865518844574,0,2023
2023-12-17,kharadi,0,0.0,1.0,49.875,33.56666666666667,1.9267857142857143,68,61.285714285714285,-1.1428571428571428,28.0,15.5,0.0,21,18,0,2,0,-0.2426868445825954,0.9701046827361175,0,2023
2023-12-18,kharadi,0,0.0,1.0,48.05416666666667,36.88809523809523,3.3214285714285716,64,61.714285714285715,0.42857142857142855,27.3,18.4,0.0,22,18,0,2,0,-0.22596360824801906,0.974135744004672,0,2023
2023-12-19,kharadi,0,0.0,1.0,42.262499999999996,38.95654761904762,2.068452380952382,61,62.0,0.2857142857142857,26.7,15.6,0.0,23,18,0,2,0,-0.20917350564635637,0.9778785428342386,0,2023
2023-12-20,kharadi,0,0.0,1.0,33.204166666666666,39.11071428571428,0.15416666666666654,61,61.857142857142854,-0.14285714285714285,27.5,15.0,0.0,24,18,0,2,0,-0.19232150523909483,0.9813319716704275,0,2023
2023-12-21,kharadi,0,0.0,1.0,40.74583333333333,38.44166666666667,-0.6690476190476186,59,61.857142857142854,0.0,29.6,11.8,0.0,25,18,0,2,0,-0.17541259380427843,0.9844950085880858,0,2023
2023-12-22,kharadi,0,0.0,1.0,50.64166666666667,40.585119047619045,2.143452380952381,64,62.0,0.14285714285714285,30.0,9.8,0.0,26,18,0,2,0,-0.15845177496083632,0.9873667175937016,0,2023
2023-12-23,kharadi,0,0.0,1.0,38.19166666666667,43.825,3.239880952380953,55,62.57142857142857,0.5714285714285714,29.8,11.2,0.0,27,18,0,2,0,-0.14144406768794202,0.9899462489023779,0,2023
2023-12-24,kharadi,0,0.0,1.0,46.1625,43.28214285714286,-0.5428571428571425,54,61.714285714285715,-0.8571428571428571,29.3,10.9,0.0,28,18,0,2,0,-0.12439450483979998,0.9922328391893008,0,2023
2023-12-25,kharadi,0,0.0,1.0,51.475,42.75178571428571,-0.5303571428571426,61,59.714285714285715,-2.0,29.6,10.1,0.0,29,18,0,2,0,-0.10730813165636247,0.9942258118156161,0,2023
2023-12-26,kharadi,0,0.0,1.0,43.75833333333333,43.240476190476194,0.48869047619047634,61,59.285714285714285,-0.42857142857142855,30.8,11.0,0.0,30,18,0,2,0,-0.09019000427034513,0.9959245770286599,0,2023
2023-12-27,kharadi,0,0.0,1.0,47.25416666666666,43.454166666666666,0.21369047619047674,55,59.285714285714285,0.0,30.3,12.2,0.0,31,18,0,2,0,-0.07304518821104743,0.9973286321364752,0,2023
2023-12-28,kharadi,0,0.0,1.0,53.104166666666664,45.461309523809526,2.0071428571428567,64,58.42857142857143,-0.8571428571428571,30.0,12.3,0.0,32,18,0,2,0,-0.05587875690537313,0.9984375616565666,0,2023
2023-12-29,kharadi,0,1.0,1.0,38.425000000000004,47.22678571428571,1.7654761904761906,59,59.142857142857146,0.7142857142857143,30.0,12.1,0.0,33,18,0,2,0,-0.03869579017652689,0.9992510374388481,1,2023
2023-12-30,kharadi,1,1.0,1.0,30.729166666666668,45.48154761904762,-1.7452380952380955,57,58.42857142857143,-0.7142857142857143,29.7,8.9,0.0,34,18,0,2,0,-0.021501372740813793,0.999768818762748,1,2023
2023-12-31,kharadi,0,1.0,1.0,27.825,44.41547619047619,-1.0660714285714288,56,58.714285714285715,0.2857142857142857,30.1,12.9,0.0,35,18,0,2,0,-0.004300592702981974,0.9999907524084426,1,2023
2024-01-01,kharadi,1,1.0,1.0,37.34166666666667,41.795833333333334,-2.6196428571428574,58,59.0,0.2857142857142857,29.5,11.2,0.0,36,18,0,2,0,0.017201575418260506,0.9998520419557735,1,2024
2024-01-02,kharadi,0,0.0,1.0,47.59583333333333,39.776785714285715,-2.019047619047619,57,58.57142857142857,-0.42857142857142855,30.3,11.1,0.0,37,18,0,2,0,0.03439806061360801,0.9994082116062598,0,2024
2024-01-03,kharadi,0,0.0,1.0,50.19166666666666,40.324999999999996,0.5482142857142855,63,58.0,-0.5714285714285714,30.4,10.3,0.0,38,18,0,2,0,0.051584366869408364,0.9986686402879997,0,2024
2024-01-04,kharadi,0,0.0,1.0,55.62083333333334,40.74464285714286,0.41964285714285715,61,59.142857142857146,1.1428571428571428,30.3,12.3,0.0,39,18,0,2,0,0.06875540848113941,0.9976335468520451,0,2024
2024-01-05,kharadi,0,0.0,1.0,48.862500000000004,41.10416666666667,0.3595238095238104,60,58.714285714285715,-0.42857142857142855,29.7,9.2,0.0,40,18,0,2,0,0.08590610426133272,0.9963032375991965,0,2024
2024-01-06,kharadi,0,0.0,1.0,48.47083333333333,42.595238095238095,1.4910714285714286,63,58.857142857142854,0.14285714285714285,29.4,11.7,0.0,41,18,0,2,0,0.10303137904317879,0.9946781061893646,0,2024
2024-01-07,kharadi,0,0.0,1.0,27.8625,45.1297619047619,2.534523809523809,63,59.714285714285715,0.8571428571428571,30.0,14.0,0.8,42,18,0,2,0,0.1201261651823505,0.9927586335250793,0,2024
2024-01-08,kharadi,0,0.0,1.0,24.270833333333332,45.13511904761905,0.00535714285714306,58,60.714285714285715,1.0,29.8,17.4,0.0,43,18,0,2,0,0.13718540405660057,0.9905453876091833,0,2024
2024-01-09,kharadi,0,0.0,1.0,20.404166666666665,43.267857142857146,-1.8672619047619052,69,60.714285714285715,0.0,28.4,17.1,1.0,0,18,0,2,0,0.1542040475626894,0.988039023376751,0,2024
2024-01-10,kharadi,0,0.0,1.0,28.079166666666666,39.38333333333333,-3.8845238095238095,79,62.42857142857143,1.7142857142857142,28.3,15.0,0.7,1,18,0,2,0,0.17117705961019986,0.985240282501282,0,2024
2024-01-11,kharadi,0,0.0,1.0,24.629166666666666,36.22440476190476,-3.158928571428571,71,64.71428571428571,2.2857142857142856,29.0,10.1,0.0,2,18,0,2,0,0.18809941761179758,0.9821499931752291,0,2024
2024-01-12,kharadi,0,0.0,1.0,26.575,31.797023809523807,-4.427380952380953,63,66.14285714285714,1.4285714285714286,29.7,11.8,0.0,3,18,0,2,0,0.20496611396949532,0.9787690698649216,0,2024
2024-01-13,kharadi,0,0.0,1.0,27.53333333333333,28.613095238095237,-3.1839285714285723,56,66.57142857142857,0.42857142857142855,30.5,9.2,0.0,4,18,0,2,0,0.22177215755648186,0.975098513039961,0,2024
2024-01-14,kharadi,0,0.0,1.0,20.704166666666666,25.622023809523807,-2.9910714285714284,55,65.57142857142857,-1.0,30.4,12.8,0.0,5,18,0,2,0,0.23851257519407648,0.9711394088771653,0,2024
2024-01-15,kharadi,0,0.0,1.0,19.691666666666666,24.59940476190476,-1.0226190476190478,50,64.42857142857143,-1.1428571428571428,29.0,13.4,0.0,6,18,0,2,0,0.2551824131233728,0.9668929289391521,0,2024
2024-01-16,kharadi,0,0.0,1.0,26.962500000000002,23.945238095238096,-0.6541666666666666,61,63.285714285714285,-1.1428571428571428,29.2,15.5,0.0,7,18,0,2,0,0.2717767384711357,0.9623603298276545,0,2024
2024-01-17,kharadi,0,0.0,1.0,31.2375,24.88214285714286,0.9369047619047625,65,62.142857142857146,-1.1428571428571428,29.7,18.2,0.0,8,18,0,2,0,0.2882906407095177,0.9575429528116719,0,2024
2024-01-18,kharadi,0,0.0,1.0,38.487500000000004,25.333333333333332,0.4511904761904764,69,60.142857142857146,-2.0,28.0,13.5,0.0,9,18,0,2,0,0.3047192331091634,0.9524422234305676,0,2024
2024-01-19,kharadi,0,0.0,1.0,36.2875,27.313095238095237,1.9797619047619055,67,59.857142857142854,-0.2857142857142857,29.3,17.1,0.0,10,18,0,2,0,0.321057654185271,0.9470596510722283,0,2024
2024-01-20,kharadi,0,0.0,1.0,28.566666666666666,28.700595238095243,1.3875000000000004,63,60.42857142857143,0.5714285714285714,29.5,17.9,0.0,11,18,0,2,0,0.3373010691361842,0.9413968285264122,0,2024
2024-01-21,kharadi,0,0.0,1.0,38.96666666666667,28.84821428571429,0.14761904761904784,63,61.42857142857143,1.0,28.0,12.7,0.0,12,18,0,2,0,0.3534446712740877,0.9354554315134164,0,2024
2024-01-22,kharadi,0,0.0,1.0,34.958333333333336,31.457142857142856,2.6089285714285717,60,62.57142857142857,1.1428571428571428,30.5,16.4,0.0,13,18,0,2,0,0.3694836834473831,0.9292372181882051,0,2024
2024-01-23,kharadi,0,0.0,1.0,43.5,33.63809523809524,2.180952380952381,58,64.0,1.4285714285714286,27.9,10.3,0.0,14,18,0,2,0,0.38541335945432564,0.9227440286201427,0,2024
2024-01-24,kharadi,0,0.0,1.0,26.6125,36.00059523809524,2.3625,43,63.57142857142857,-0.42857142857142855,27.7,10.1,0.0,15,18,0,2,0,0.4012289854475009,0.9159777842484877,0,2024
2024-01-25,kharadi,0,0.0,1.0,24.458333333333332,35.33988095238095,-0.6607142857142857,46,60.42857142857143,-3.142857142857143,27.7,10.5,0.0,16,18,0,2,0,0.4169258813287287,0.908940487313808,0,2024
2024-01-26,kharadi,0,0.0,1.0,43.225,33.33571428571429,-2.0041666666666673,47,57.142857142857146,-3.2857142857142856,29.7,11.8,0.0,17,18,0,2,0,0.4324994021339788,0.901634220265486,0,2024
2024-01-27,kharadi,0,0.0,1.0,51.90833333333333,34.32678571428571,0.9910714285714286,42,54.285714285714285,-2.857142857142857,30.1,12.0,0.0,18,18,0,2,0,0.44794493940789115,0.8940611451454876,0,2024
2024-01-28,kharadi,0,0.0,1.0,51.208333333333336,37.66130952380952,3.3345238095238092,50,51.285714285714285,-3.0,30.9,12.2,0.0,19,18,0,2,0,0.4632579225674917,0.88622350294858,0,2024
2024-01-29,kharadi,0,0.0,1.0,54.229166666666664,39.41011904761905,1.7488095238095238,48,49.42857142857143,-1.8571428571428572,31.1,9.7,0.0,20,18,0,2,0,0.4784338202547012,0.8781236129591848,0,2024
2024-01-30,kharadi,0,0.0,1.0,51.208333333333336,42.16309523809524,2.75297619047619,49,47.714285714285715,-1.7142857142857142,30.5,11.6,0.0,21,18,0,2,0,0.49346814167723735,0.8697638720650646,0,2024
2024-01-31,kharadi,0,0.0,1.0,47.5625,43.26428571428572,1.1011904761904765,51,46.42857142857143,-1.2857142857142858,31.7,19.7,0.0,22,18,0,2,0,0.5083564379375122,0.8611467540480452,0,2024
2024-02-01,kharadi,0,0.0,1.0,42.1,46.25714285714286,2.992857142857143,54,47.57142857142857,1.1428571428571428,29.0,15.7,0.0,23,18,0,2,0,0.5230943033491326,0.8522748088519838,0,2024
2024-02-02,kharadi,0,0.0,1.0,35.416666666666664,48.77738095238095,2.5202380952380956,58,48.714285714285715,1.1428571428571428,28.9,10.7,0.0,24,18,0,2,0,0.5376773767406141,0.8431506618282,0,2024
2024-02-03,kharadi,0,0.0,1.0,30.079166666666666,47.66190476190476,-1.115476190476191,46,50.285714285714285,1.5714285714285714,31.3,13.3,0.0,25,18,0,2,0,0.5521013427459208,0.8337770129585915,0,2024
2024-02-04,kharadi,0,0.0,1.0,41.175000000000004,44.54345238095238,-3.1184523809523808,51,50.857142857142854,0.5714285714285714,32.8,11.0,0.0,26,18,0,2,0,0.5663619330814524,0.8241566360566663,0,2024
2024-02-05,kharadi,0,0.0,1.0,50.93333333333334,43.110119047619044,-1.4333333333333331,49,51.0,0.14285714285714285,34.3,15.9,0.0,27,18,0,2,0,0.580454927809098,0.8142923779467267,0,2024
2024-02-06,kharadi,0,0.0,1.0,40.675000000000004,42.63928571428572,-0.47083333333333244,46,51.142857142857146,0.14285714285714285,34.7,17.8,0.0,28,18,0,2,0,0.5943761565849831,0.804187157621448,0,2024
2024-02-07,kharadi,0,0.0,1.0,30.508333333333336,41.13452380952382,-1.5047619047619045,44,50.714285714285715,-0.42857142857142855,34.5,17.4,0.0,29,18,0,2,0,0.6081214998935418,0.7938439653781019,0,2024
2024-02-08,kharadi,0,0.0,1.0,25.78333333333333,38.69821428571429,-2.4363095238095234,38,49.714285714285715,-1.0,33.2,9.5,0.0,30,18,0,2,0,0.6216868902665479,0.7832658619336791,0,2024
2024-02-09,kharadi,0,0.0,1.0,31.337500000000002,36.367261904761904,-2.3309523809523816,36,47.42857142857143,-2.2857142857142856,34.1,17.9,0.0,31,18,0,2,0,0.6350683134867438,0.7724559775191742,0,2024
2024-02-10,kharadi,0,0.0,1.0,32.80833333333333,35.78452380952381,-0.5827380952380946,38,44.285714285714285,-3.142857142857143,34.5,20.1,0.0,32,18,0,2,0,0.6482618097757122,0.7614175109532997,0,2024
2024-02-11,kharadi,0,0.0,1.0,34.09583333333333,36.17440476190477,0.38988095238095205,37,43.142857142857146,-1.1428571428571428,33.1,17.1,0.0,33,18,0,2,0,0.6612634749656386,0.7501537286959042,0,2024
2024-02-12,kharadi,0,0.0,1.0,30.8875,35.16309523809524,-1.0113095238095247,38,41.142857142857146,-2.0,33.4,19.2,0.0,34,18,0,2,0,0.6740694616546161,0.7386679638813748,0,2024
2024-02-13,kharadi,0,0.0,1.0,36.975,32.29940476190476,-2.863690476190477,29,39.57142857142857,-1.5714285714285714,34.0,19.2,0.0,35,18,0,2,0,0.6866759803451553,0.726963615332308,0,2024
2024-02-14,kharadi,0,0.0,1.0,41.1,31.770833333333332,-0.528571428571429,33,37.142857142857146,-2.4285714285714284,33.1,9.3,0.0,36,18,0,2,0,0.6990793005655562,0.7150441465537444,0,2024
2024-02-15,kharadi,0,0.0,1.0,33.141666666666666,33.283928571428575,1.5130952380952378,34,35.57142857142857,-1.5714285714285714,34.2,11.7,0.0,37,18,0,2,0,0.7112757519738152,0.7029130847082615,0,2024
2024-02-16,kharadi,0,0.0,1.0,32.4625,34.335119047619045,1.0511904761904762,39,35.0,-0.5714285714285714,35.9,22.8,0.0,38,18,0,2,0,0.7232617254437388,0.6905740195722293,0,2024
2024-02-17,kharadi,0,0.0,1.0,31.495833333333334,34.49583333333333,0.1607142857142852,37,35.42857142857143,0.42857142857142855,34.6,14.5,0.0,39,18,0,2,0,0.7350336741329413,0.6780306024735382,0,2024
2024-02-18,kharadi,0,0.0,1.0,47.30416666666667,34.30833333333333,-0.1874999999999995,40,35.285714285714285,-0.14285714285714285,34.4,12.4,0.0,40,18,0,2,0,0.746588114532413,0.6652865452111116,0,2024
2024-02-19,kharadi,0,0.0,1.0,33.15833333333334,36.195238095238096,1.8869047619047623,31,35.714285714285715,0.42857142857142855,34.3,17.6,0.0,41,18,0,2,0,0.7579216274973472,0.6523456189565257,0,2024
2024-02-20,kharadi,0,0.0,1.0,21.808333333333334,36.51964285714286,0.32440476190476275,33,34.714285714285715,-1.0,33.9,21.7,0.0,42,18,0,2,0,0.7690308592589181,0.6392116531380588,0,2024
2024-02-21,kharadi,0,0.0,1.0,21.2625,34.35297619047619,-2.166666666666667,50,35.285714285714285,0.5714285714285714,32.3,19.6,0.0,43,18,0,2,0,0.7799125224167177,0.6258885343075018,0,2024
2024-02-22,kharadi,0,0.0,1.0,26.241666666666664,31.51904761904762,-2.833928571428572,57,37.714285714285715,2.4285714285714284,31.3,19.0,0.0,44,18,0,2,0,0.7905633969115482,0.612380204990065,0,2024
2024-02-23,kharadi,0,0.0,1.0,27.275000000000002,30.533333333333335,-0.985714285714286,46,41.0,3.2857142857142856,31.8,10.4,0.0,45,18,0,2,0,0.8009803309782905,0.5986906625177214,0,2024
2024-02-24,kharadi,0,0.0,1.0,23.53333333333333,29.792261904761908,-0.741071428571428,38,42.0,1.0,33.0,18.5,0.0,46,18,0,2,0,0.8111602420785621,0.5848239578463322,0,2024
2024-02-25,kharadi,0,0.0,1.0,24.004166666666666,28.6547619047619,-1.1375000000000004,19,42.142857142857146,0.14285714285714285,33.2,16.8,0.0,47,18,0,2,0,0.8211001178128892,0.5707841943569036,0,2024
2024-02-26,kharadi,0,0.0,1.0,40.86666666666667,25.326190476190476,-3.3285714285714287,36,39.142857142857146,-3.0,35.8,22.7,0.0,48,18,0,2,0,0.8307970168121247,0.5565755266413303,0,2024
2024-02-27,kharadi,0,0.0,1.0,53.574999999999996,26.427380952380954,1.1011904761904756,38,39.857142857142854,0.7142857142857143,35.2,19.5,0.0,49,18,0,2,0,0.8402480696078469,0.5422021592729844,0,2024
2024-02-28,kharadi,0,0.0,1.0,39.93333333333333,30.96547619047619,4.538095238095237,36,40.57142857142857,0.7142857142857143,34.2,11.2,0.0,50,18,0,2,0,0.8494504794814806,0.527668345562516,0,2024
2024-02-29,kharadi,0,0.0,1.0,29.291666666666668,33.632738095238096,2.6672619047619044,34,38.57142857142857,-2.0,35.2,18.1,0.0,51,18,0,2,0,0.8584015232918917,0.512978386299228,0,2024
2024-03-01,kharadi,0,0.0,1.0,43.025,34.06845238095238,0.43571428571428633,37,35.285714285714285,-3.2857142857142856,36.4,14.9,0.0,52,18,0,2,0,0.8670985522812081,0.4981366284784055,0,2024
2024-03-02,kharadi,0,0.0,1.0,37.762499999999996,36.31845238095237,2.2499999999999996,43,34.0,-1.2857142857142858,35.3,25.5,0.0,53,18,0,2,0,0.8755389928586302,0.4831474640149687,0,2024
2024-03-03,kharadi,0,0.0,1.0,21.379166666666666,38.351190476190474,2.032738095238095,61,34.714285714285715,0.7142857142857143,31.6,22.6,0.0,54,18,0,2,0,0.8837203473619977,0.4680153284438345,0,2024
2024-03-04,kharadi,0,0.0,1.0,23.670833333333334,37.976190476190474,-0.375,50,40.714285714285715,6.0,33.4,18.9,0.0,55,18,0,2,0,0.8916401947968874,0.45274469960737107,0,2024
2024-03-05,kharadi,0,0.0,1.0,28.15416666666667,35.51964285714285,-2.456547619047619,37,42.714285714285715,2.0,35.0,23.7,0.0,56,18,0,2,0,0.8992961915530253,0.4373400963303323,0,2024
2024-03-06,kharadi,0,0.0,1.0,32.38333333333333,31.888095238095236,-3.6315476190476184,36,42.57142857142857,-0.14285714285714285,35.5,23.1,0.0,57,18,0,2,0,0.9066860720977985,0.4218060770826634,0,2024
2024-03-07,kharadi,0,0.0,1.0,26.620833333333334,30.809523809523803,-1.078571428571428,23,42.57142857142857,0.0,35.6,19.4,0.0,58,18,0,2,0,0.9138076496466615,0.4061472386305789,0,2024
2024-03-08,kharadi,0,0.0,1.0,18.879166666666666,30.427976190476187,-0.3815476190476192,24,41.0,-1.5714285714285714,36.6,18.7,0.0,59,18,0,2,0,0.9206588168102428,0.3903682146763026,0,2024
2024-03-09,kharadi,0,0.0,1.0,17.8625,26.978571428571424,-3.449404761904762,22,39.142857142857146,-1.8571428571428572,35.4,17.6,0.0,60,18,0,2,0,0.9272375462179537,0.374473674486883,0,2024
2024-03-10,kharadi,0,0.0,1.0,22.183333333333334,24.135714285714283,-2.842857142857142,25,36.142857142857146,-3.0,36.5,18.0,0.0,61,18,0,2,0,0.9335418911179212,0.35846832151248087,0,2024
2024-03-11,kharadi,0,0.0,1.0,26.741666666666664,24.250595238095237,0.11488095238095244,25,31.0,-5.142857142857143,36.8,21.6,0.0,62,18,0,2,0,0.9395699859530622,0.342356891994542,0,2024
2024-03-12,kharadi,0,0.0,1.0,27.674999999999997,24.689285714285717,0.43869047619047563,29,27.428571428571427,-3.5714285714285716,37.5,19.6,0.0,63,18,0,2,0,0.945320046913132,0.3261441535642696,0,2024
2024-03-13,kharadi,0,0.0,1.0,24.8125,24.620833333333334,-0.06845238095238163,29,26.285714285714285,-1.1428571428571428,36.2,18.9,0.0,64,18,0,2,0,0.9507903724625832,0.3098349038318025,0,2024
2024-03-14,kharadi,0,0.0,1.0,29.504166666666666,23.53928571428571,-1.081547619047619,33,25.285714285714285,-1.0,36.1,17.0,0.0,65,18,0,2,0,0.9559793438440766,0.2934339689665273,0,2024
2024-03-15,kharadi,0,0.0,1.0,32.175000000000004,23.951190476190476,0.41190476190476183,29,26.714285714285715,1.4285714285714286,35.8,21.3,0.0,66,18,0,2,0,0.9608854255574977,0.27694620226893646,0,2024
2024-03-16,kharadi,0,0.0,1.0,37.012499999999996,25.850595238095234,1.8994047619047625,37,27.428571428571427,0.7142857142857143,36.6,22.5,0.0,67,18,0,2,0,0.9655071658143364,0.2603764827344581,0,2024
2024-03-17,kharadi,0,0.0,1.0,36.125,28.586309523809522,2.735714285714285,31,29.571428571428573,2.142857142857143,37.0,23.3,0.0,68,18,0,2,0,0.969843196967294,0.24372971360968387,0,2024
2024-03-18,kharadi,0,0.0,1.0,33.42916666666667,30.57797619047619,1.9916666666666667,23,30.428571428571427,0.8571428571428571,36.1,21.8,0.0,69,18,0,2,0,0.9738922359149924,0.22701082094141847,0,2024
2024-03-19,kharadi,0,0.0,1.0,32.67916666666667,31.53333333333333,0.9553571428571433,27,30.142857142857142,-0.2857142857142857,35.8,17.0,0.0,70,18,0,2,0,0.9776530844816641,0.2102247521189836,0,2024
2024-03-20,kharadi,0,0.0,1.0,22.454166666666666,32.24821428571429,0.7148809523809528,21,29.857142857142858,-0.2857142857142857,36.0,15.5,0.0,71,18,0,2,0,0.981124629771712,0.19337647441020586,0,2024
2024-03-21,kharadi,0,0.0,1.0,26.6375,31.911309523809525,-0.33690476190476204,21,28.714285714285715,-1.1428571428571428,36.5,18.5,0.0,72,18,0,2,0,0.984305844499033,0.17647097349152166,0,2024
2024-03-22,kharadi,0,0.0,1.0,43.81666666666666,31.501785714285717,-0.40952380952380957,37,27.0,-1.7142857142857142,37.2,20.9,0.0,73,18,0,2,0,0.9871957872910085,0.15951325197263655,0,2024
2024-03-23,kharadi,0,0.0,1.0,42.166666666666664,33.16488095238095,1.6630952380952368,34,28.142857142857142,1.1428571428571428,37.5,24.2,0.0,74,18,0,2,0,0.9897936029670716,0.14250832791617088,0,2024
2024-03-24,kharadi,0,0.0,1.0,31.075,33.90119047619048,0.7363095238095241,28,27.714285714285715,-0.42857142857142855,38.4,18.0,0.0,75,18,0,2,1,0.992098522791769,0.12546123335273648,0,2024
2024-03-25,kharadi,0,0.0,1.0,31.604166666666668,33.179761904761904,-0.7214285714285715,35,27.285714285714285,-0.42857142857142855,38.9,11.4,0.0,76,18,0,2,1,0.9941098647022418,0.10837701279187609,0,2024
2024-03-26,kharadi,0,0.0,1.0,34.00416666666667,32.91904761904762,-0.2607142857142856,36,29.0,1.7142857142857142,39.5,17.3,0.0,77,18,0,2,1,0.9958270335100595,0.09126072172931188,0,2024
2024-03-27,kharadi,0,0.0,1.0,35.65416666666667,33.108333333333334,0.1892857142857147,36,30.285714285714285,1.2857142857142858,40.8,20.0,0.0,78,18,0,2,1,0.9972495210773451,0.07411742515094437,0,2024
2024-03-28,kharadi,0,0.0,1.0,36.862500000000004,34.99404761904762,1.8857142857142861,36,32.42857142857143,2.142857142857143,39.5,22.3,0.0,79,18,0,2,1,0.998376906467142,0.056952196034039754,0,2024
2024-03-29,kharadi,0,0.0,1.0,39.59583333333333,36.4547619047619,1.4607142857142865,36,34.57142857142857,2.142857142857143,40.0,21.3,0.0,80,18,0,2,1,0.9992088560679753,0.03977011384605572,0,2024
2024-03-30,kharadi,0,0.0,1.0,42.270833333333336,35.85178571428571,-0.6029761904761902,38,34.42857142857143,-0.14285714285714285,39.1,17.7,0.0,81,18,0,2,1,0.9997451236925734,0.022576263041545485,0,2024
2024-03-31,kharadi,0,0.0,1.0,36.9375,35.86666666666667,0.014880952380953058,27,35.0,0.5714285714285714,39.2,22.2,0.0,82,18,0,2,0,0.9999855506507186,0.005375731557583884,0,2024
2024-04-01,kharadi,0,0.0,1.0,32.050000000000004,36.704166666666666,0.8375000000000001,22,34.857142857142854,-0.14285714285714285,40.4,23.6,0.0,83,18,0,2,0,0.9999300657962057,-0.011826390691832589,0,2024
2024-04-02,kharadi,0,0.0,1.0,36.550000000000004,36.767857142857146,0.06369047619047663,30,33.0,-1.8571428571428572,39.8,21.4,0.0,84,18,0,2,0,0.9995786855478958,-0.029025013321975237,0,2024
2024-04-03,kharadi,0,0.0,1.0,34.97083333333333,37.13154761904762,0.36369047619047634,35,32.142857142857146,-0.8571428571428571,39.9,25.7,0.0,85,18,0,2,0,0.9989315138848577,-0.046215046983708354,0,2024
2024-04-04,kharadi,0,0.0,1.0,31.170833333333334,37.033928571428575,-0.09761904761904816,29,32.0,-0.14285714285714285,40.1,23.0,0.0,86,18,0,2,0,0.9979887423155984,-0.06339140486951038,0,2024
2024-04-05,kharadi,0,0.0,1.0,28.59166666666667,36.22083333333333,-0.8130952380952385,29,31.0,-1.0,40.6,23.9,0.0,87,18,0,2,0,0.9967506498213929,-0.08054900421874167,0,2024
2024-04-06,kharadi,0,0.0,1.0,22.416666666666668,34.648809523809526,-1.572023809523809,24,30.0,-1.0,40.1,26.0,0.0,88,18,0,2,0,0.9952176027737294,-0.09768276782171598,0,2024
2024-04-07,kharadi,0,0.0,1.0,25.34583333333333,31.812500000000004,-2.836309523809524,21,28.0,-2.0,39.3,28.0,0.0,89,18,0,2,0,0.9933900548258936,-0.11478762552212701,0,2024
2024-04-08,kharadi,0,0.0,1.0,18.383333333333333,30.156547619047622,-1.6559523809523813,18,27.142857142857142,-0.8571428571428571,39.1,18.2,0.0,90,18,0,2,0,0.9912685467787256,-0.13185851571739118,0,2024
2024-04-09,kharadi,0,2.0,1.0,27.3625,28.20416666666667,-1.952380952380953,33,26.571428571428573,-0.5714285714285714,39.3,20.8,0.0,91,18,0,2,0,0.9888537064205885,-0.1488903868564548,1,2024
2024-04-10,kharadi,2,2.0,1.0,31.916666666666668,26.89166666666667,-1.3125000000000004,32,27.0,0.42857142857142855,39.5,23.8,0.0,92,18,0,2,0,0.986146248341595,-0.16587819893463143,1,2024
2024-04-11,kharadi,0,0.0,1.0,33.25833333333333,26.455357142857142,-0.43630952380952337,28,26.571428571428573,-0.42857142857142855,39.4,23.0,0.0,93,18,0,2,0,0.9831469737221499,-0.1828169249850199,0,2024
2024-04-12,kharadi,0,0.0,1.0,28.483333333333334,26.75357142857143,0.2982142857142855,28,26.428571428571427,-0.14285714285714285,39.4,23.9,0.0,94,18,0,2,0,0.9798567700958665,-0.1997015525660636,0,2024
2024-04-13,kharadi,0,0.0,1.0,25.816666666666666,26.73809523809524,-0.015476190476190612,33,26.285714285714285,-0.14285714285714285,38.8,22.7,0.0,95,18,0,2,0,0.9762766110869321,-0.21652708524481437,0,2024
2024-04-14,kharadi,0,0.0,1.0,26.691666666666666,27.223809523809525,0.4857142857142855,42,27.571428571428573,1.2857142857142858,39.4,24.4,0.0,96,18,0,2,0,0.9724075561219968,-0.23328854407545518,0,2024
2024-04-15,kharadi,0,0.0,1.0,30.3625,27.416071428571428,0.192261904761905,41,30.571428571428573,3.0,40.6,19.1,0.0,97,18,0,2,0,0.9682507501166718,-0.2499809690726521,0,2024
2024-04-16,kharadi,0,0.0,1.0,39.69166666666667,29.12738095238095,1.711309523809524,34,33.857142857142854,3.2857142857142856,40.0,18.3,0.0,98,18,0,2,0,0.9638074231367307,-0.26659942067929354,0,2024
2024-04-17,kharadi,0,0.0,1.0,45.475,30.888690476190472,1.7613095238095242,32,34.0,0.14285714285714285,41.0,22.4,0.0,99,18,0,2,0,0.9590788900341131,-0.28313898122818354,0,2024
2024-04-18,kharadi,0,0.0,1.0,31.316666666666666,32.82559523809524,1.936904761904762,48,34.0,0.0,41.1,28.9,0.0,100,18,0,2,0,0.9540665500578387,-0.2995947563972602,0,2024
2024-04-19,kharadi,0,0.0,1.0,31.116666666666664,32.54821428571429,-0.27738095238095234,38,36.857142857142854,2.857142857142857,41.1,29.5,0.0,101,18,0,2,0,0.9487718864399473,-0.31596187665790293,0,2024
2024-04-20,kharadi,0,0.0,1.0,33.44166666666667,32.92440476190477,0.37619047619047563,41,38.285714285714285,1.4285714285714286,40.2,17.9,0.0,102,18,0,2,0,0.9431964659565866,-0.33223549871590435,0,2024
2024-04-21,kharadi,0,0.0,1.0,30.099999999999998,34.013690476190476,1.0892857142857149,37,39.42857142857143,1.1428571428571428,39.4,18.0,0.0,103,18,0,2,0,0.9373419384643772,-0.3484108069446808,0,2024
2024-04-22,kharadi,0,0.0,1.0,32.225,34.50059523809524,0.4869047619047616,32,38.714285714285715,-0.7142857142857143,40.1,18.3,0.0,104,18,0,2,0,0.9312100364121947,-0.3644830148102912,0,2024
2024-04-23,kharadi,0,0.0,1.0,33.824999999999996,34.766666666666666,0.2660714285714287,31,37.42857142857143,-1.2857142857142858,39.9,22.9,0.0,105,18,0,2,0,0.9248025743285089,-0.38044736628785164,0,2024
2024-04-24,kharadi,0,0.0,1.0,35.324999999999996,33.92857142857143,-0.8380952380952392,37,37.0,-0.42857142857142855,39.9,15.2,0.0,106,18,0,2,0,0.9181214482844364,-0.39629913726891813,0,2024
2024-04-25,kharadi,0,0.0,1.0,35.454166666666666,32.47857142857142,-1.4500000000000008,39,37.714285714285715,0.7142857142857143,39.7,23.1,0.7,107,18,0,2,0,0.9111686353326631,-0.41203363695942635,0,2024
2024-04-26,kharadi,0,0.0,1.0,34.987500000000004,33.06964285714285,0.5910714285714285,31,36.42857142857143,-1.2857142857142858,40.1,23.6,0.0,108,18,0,2,0,0.9039461929224011,-0.42764620926777464,0,2024
2024-04-27,kharadi,0,0.0,1.0,39.82083333333333,33.62261904761905,0.5529761904761915,32,35.42857142857143,-1.0,40.8,14.4,0.0,109,18,0,2,0,0.8964562582905575,-0.44313223418263453,0,2024
2024-04-28,kharadi,0,0.0,1.0,30.745833333333334,34.53392857142857,0.9113095238095232,29,34.142857142857146,-1.2857142857142858,41.6,23.2,0.0,110,18,0,2,0,0.8887010478292915,-0.45848712914008766,0,2024
2024-04-29,kharadi,0,0.0,1.0,28.337500000000002,34.62619047619047,0.0922619047619051,23,33.0,-1.1428571428571428,41.8,19.5,0.0,111,18,0,2,0,0.8806828564301475,-0.47370635037968,0,2024
2024-04-30,kharadi,0,0.0,1.0,25.075,34.07083333333333,-0.5553571428571428,19,31.714285714285715,-1.2857142857142858,42.0,20.0,0.0,112,18,0,2,0,0.8724040568049612,-0.48878539428899265,0,2024
2024-05-01,kharadi,0,0.0,1.0,22.4375,32.82083333333333,-1.2499999999999996,27,30.0,-1.7142857142857142,39.4,25.0,0.0,113,18,0,2,0,0.8638670987837349,-0.503719798736334,0,2024
2024-05-02,kharadi,0,0.0,1.0,23.625,30.979761904761908,-1.841071428571428,34,28.571428571428573,-1.4285714285714286,39.9,20.0,0.0,114,18,0,2,0,0.8550745085896932,-0.518505144391157,0,2024
2024-05-03,kharadi,0,0.0,1.0,27.224999999999998,29.28988095238095,-1.6898809523809522,33,27.857142857142858,-0.7142857142857143,40.8,20.1,0.0,115,18,0,2,0,0.8460288880917339,-0.533137056031809,0,2024
2024-05-04,kharadi,0,0.0,1.0,29.8,28.18095238095238,-1.1089285714285724,42,28.142857142857142,0.2857142857142857,40.4,20.6,0.0,116,18,0,2,0,0.8367329140344921,-0.5476112038402312,0,2024
2024-05-05,kharadi,0,0.0,1.0,23.229166666666668,26.749404761904763,-1.4315476190476188,44,29.571428571428573,1.4285714285714286,40.2,23.2,0.0,117,18,0,2,0,0.8271893372462497,-0.5619233046832195,0,2024
2024-05-06,kharadi,0,0.0,1.0,20.033333333333335,25.675595238095237,-1.0738095238095238,46,31.714285714285715,2.142857142857143,39.0,22.2,0.0,118,18,0,2,0,0.8174009818249189,-0.5760691233798758,0,2024
2024-05-07,kharadi,0,3.0,1.0,17.650000000000002,24.48928571428571,-1.1863095238095238,55,35.0,3.2857142857142856,38.3,25.2,0.0,119,18,0,2,0,0.8073707443023492,-0.5900444739548627,1,2024
2024-05-08,kharadi,3,3.0,1.0,17.675,23.428571428571427,-1.0607142857142853,58,40.142857142857146,5.142857142857143,39.9,27.5,0.0,120,18,0,2,0,0.7971015927871943,-0.6038452208771035,1,2024
2024-05-09,kharadi,0,0.0,1.0,20.608333333333334,22.748214285714287,-0.6803571428571428,57,44.57142857142857,4.428571428571429,38.6,24.6,0.3,121,18,0,2,0,0.7865965660866021,-0.6174672802835514,0,2024
2024-05-10,kharadi,0,0.0,1.0,29.120833333333334,22.317261904761903,-0.4309523809523808,61,47.857142857142854,3.2857142857142856,37.3,17.5,2.8,0,18,0,2,0,0.7758587728069828,-0.6309066211876704,0,2024
2024-05-11,kharadi,0,0.0,1.0,34.11666666666667,22.58809523809524,0.27083333333333365,58,51.857142857142854,4.0,37.6,18.4,1.5,0,18,0,2,0,0.7648913904341225,-0.6441592666722685,0,2024
2024-05-12,kharadi,0,0.0,1.0,34.041666666666664,23.204761904761906,0.6166666666666666,53,54.142857142857146,2.2857142857142856,36.5,17.6,3.7,0,18,0,2,0,0.753697664392914,-0.6572212950663319,0,2024
2024-05-13,kharadi,0,0.0,1.0,37.975,24.749404761904763,1.5446428571428565,55,55.42857142857143,1.2857142857142858,35.6,22.4,3.4,0,18,0,2,0,0.742280907086982,-0.6700888411055113,0,2024
2024-05-14,kharadi,0,0.0,1.0,37.041666666666664,27.3125,2.563095238095238,53,56.714285714285715,1.2857142857142858,38.2,14.9,0.5,1,18,0,2,0,0.7306444969184916,-0.6827580970759147,0,2024
2024-05-15,kharadi,0,0.0,1.0,34.7125,30.082738095238096,2.7702380952380947,48,56.42857142857143,-0.2857142857142857,38.7,16.9,0.0,2,18,0,2,0,0.7187918772884232,-0.6952253139408722,0,2024
2024-05-16,kharadi,0,0.0,1.0,30.02916666666667,32.516666666666666,2.433928571428571,52,55.0,-1.4285714285714286,39.1,14.3,2.8,0,18,0,2,0,0.7067265555776158,-0.7074868024503348,0,2024
2024-05-17,kharadi,0,0.0,1.0,43.54583333333333,33.862500000000004,1.3458333333333334,61,54.285714285714285,-0.7142857142857143,37.8,21.7,9.2,0,18,0,2,0,0.6944521021088763,-0.719538934232584,0,2024
2024-05-18,kharadi,0,0.0,1.0,55.833333333333336,35.92321428571429,2.0607142857142846,52,54.285714285714285,0.0,39.0,16.3,0.1,1,18,0,2,0,0.6819721490904629,-0.7313781428679254,0,2024
2024-05-19,kharadi,0,0.0,1.0,40.56666666666667,39.02559523809524,3.1023809523809525,55,53.42857142857143,-0.8571428571428571,39.3,24.2,0.1,2,18,0,2,0,0.6692903895412567,-0.7430009249440493,0,2024
2024-05-20,kharadi,0,0.0,1.0,34.895833333333336,39.95773809523809,0.9321428571428579,60,53.714285714285715,0.2857142857142857,41.2,27.9,0.0,3,18,0,2,0,0.6564105761979381,-0.7544038410927472,0,2024
2024-05-21,kharadi,0,0.0,1.0,23.53333333333333,39.517857142857146,-0.43988095238095226,55,54.42857142857143,0.7142857142857143,41.6,28.7,0.0,4,18,0,2,0,0.6433365204044917,-0.765583517007675,0,2024
2024-05-22,kharadi,0,0.0,1.0,31.370833333333334,37.58809523809524,-1.9297619047619048,55,54.714285714285715,0.2857142857142857,40.1,20.3,0.4,5,18,0,2,0,0.6300720909843687,-0.7765366444428655,0,2024
2024-05-23,kharadi,0,0.0,1.0,31.604166666666668,37.11071428571429,-0.47738095238095213,63,55.714285714285715,1.0,39.9,23.1,2.8,0,18,0,2,0,0.6166212130956382,-0.7872599821916922,0,2024
2024-05-24,kharadi,0,0.0,1.0,23.641666666666666,37.33571428571428,0.2249999999999999,60,57.285714285714285,1.5714285714285714,36.8,27.5,1.0,0,18,0,2,0,0.6029878670694714,-0.7977503570459932,0,2024
2024-05-25,kharadi,0,0.0,1.0,16.129166666666666,34.492261904761904,-2.8434523809523804,63,57.142857142857146,-0.14285714285714285,35.3,28.4,0.1,1,18,0,2,0,0.5891760872322963,-0.8080046647350754,0,2024
2024-05-26,kharadi,0,0.0,1.0,18.075,28.820238095238096,-5.672023809523809,66,58.714285714285715,1.5714285714285714,35.3,27.7,0.0,2,18,0,2,0,0.5751899607119775,-0.8180198708443174,0,2024
2024-05-27,kharadi,0,0.0,1.0,17.224999999999998,25.607142857142858,-3.2130952380952387,71,60.285714285714285,1.5714285714285714,33.8,28.7,0.0,3,18,0,2,0,0.5610336262283677,-0.8277930117131022,0,2024
2024-05-28,kharadi,0,0.0,1.0,16.591666666666665,23.082738095238096,-2.5244047619047625,65,61.857142857142854,1.5714285714285714,34.8,32.9,0.0,4,18,0,2,0,0.5467112728685939,-0.8373211953118121,0,2024
2024-05-29,kharadi,0,0.0,1.0,16.9875,22.091071428571432,-0.9916666666666666,64,63.285714285714285,1.4285714285714286,35.3,29.2,0.0,5,18,0,2,0,0.5322271388474397,-0.8466016020976267,0,2024
2024-05-30,kharadi,0,0.0,1.0,15.454166666666666,20.036309523809525,-2.0547619047619046,62,64.57142857142857,1.2857142857142858,36.9,23.9,0.0,6,18,0,2,0,0.5175855102531889,-0.8556314858488706,0,2024
2024-05-31,kharadi,0,0.0,1.0,13.108333333333334,17.729166666666668,-2.3071428571428574,64,64.42857142857143,-0.14285714285714285,36.7,23.9,0.0,7,18,0,2,0,0.5027907197793043,-0.8644081744776648,0,2024
2024-06-01,kharadi,0,0.0,1.0,11.441666666666668,16.22440476190476,-1.5047619047619045,62,65.0,0.5714285714285714,36.9,21.7,0.1,8,18,0,2,0,0.4878471454423119,-0.8729290708206411,0,2024
2024-06-02,kharadi,0,0.0,1.0,13.845833333333333,15.554761904761904,-0.6696428571428569,56,64.85714285714286,-0.14285714285714285,37.1,20.0,0.0,9,18,0,2,0,0.47275920928627757,-0.881191653407483,0,2024
2024-06-03,kharadi,0,0.0,1.0,17.8,14.950595238095238,-0.6041666666666666,58,63.42857142857143,-1.4285714285714286,38.1,24.4,1.0,0,18,0,2,0,0.4575313760742512,-0.8891934772070711,0,2024
2024-06-04,kharadi,0,0.0,1.0,16.1625,15.032738095238093,0.08214285714285754,81,61.57142857142857,-1.8571428571428572,31.5,16.6,16.8,0,18,0,2,0,0.44216815196707204,-0.8969321743510065,0,2024
2024-06-05,kharadi,0,0.0,1.0,10.291666666666666,14.971428571428572,-0.06130952380952337,79,63.857142857142854,2.2857142857142856,33.3,25.3,6.6,0,18,0,2,0,0.42667408318992467,-0.9044054548343001,0,2024
2024-06-06,kharadi,0,0.0,1.0,14.145833333333334,14.014880952380953,-0.9565476190476192,78,66.0,2.142857142857143,33.8,18.4,5.5,0,18,0,2,0,0.4110537546870351,-0.9116111071930239,0,2024
2024-06-07,kharadi,0,0.0,1.0,21.625,13.82797619047619,-0.18690476190476168,76,68.28571428571429,2.2857142857142856,34.8,22.6,5.4,0,18,0,2,0,0.3953117887649151,-0.9185469991587165,0,2024
2024-06-08,kharadi,0,0.0,1.0,25.825,15.044642857142858,1.2166666666666666,79,70.0,1.7142857142857142,33.4,23.0,10.9,0,18,0,2,0,0.37945284372454435,-0.925211078289358,0,2024
2024-06-09,kharadi,0,0.0,1.0,23.933333333333334,17.09940476190476,2.0547619047619046,83,72.42857142857143,2.4285714285714284,28.3,16.3,1.9,0,18,0,2,0,0.36348161248290634,-0.9316013725767187,0,2024
2024-06-10,kharadi,0,0.0,1.0,19.1375,18.54047619047619,1.4410714285714286,84,76.28571428571429,3.857142857142857,28.7,18.6,15.9,0,18,0,2,0,0.3474028211842774,-0.9377159910299093,0,2024
2024-06-11,kharadi,0,0.0,1.0,9.620833333333334,18.73154761904762,0.19107142857142836,84,80.0,3.7142857142857144,28.6,21.1,15.0,0,18,0,2,0,0.3312212278016865,-0.9435531242349544,0,2024
2024-06-12,kharadi,0,0.0,1.0,9.833333333333334,17.79702380952381,-0.9345238095238096,83,80.42857142857143,0.42857142857142855,29.3,19.8,9.5,0,18,0,2,0,0.31494162072895193,-0.9491110448902284,0,2024
2024-06-13,kharadi,0,0.0,1.0,7.083333333333333,17.731547619047618,-0.06547619047619031,80,81.0,0.5714285714285714,29.5,20.5,2.5,0,18,0,2,0,0.2985688173637202,-0.9543881083175908,0,2024
2024-06-14,kharadi,0,0.0,1.0,7.7,16.722619047619048,-1.0089285714285716,79,81.28571428571429,0.2857142857142857,28.9,20.3,4.9,0,18,0,2,0,0.2821076626819194,-0.9593827529490743,0,2024
2024-06-15,kharadi,0,0.0,1.0,7.391666666666667,14.733333333333333,-1.9892857142857143,79,81.71428571428571,0.42857142857142855,30.5,19.9,6.2,0,18,0,2,0,0.26556302780405594,-0.9640935007889755,0,2024
2024-06-16,kharadi,0,0.0,1.0,11.225,12.1,-2.6333333333333333,81,81.71428571428571,0.0,31.8,18.5,7.0,0,18,0,2,0,0.24893980855376657,-0.9685189578512204,0,2024
2024-06-17,kharadi,0,0.0,1.0,12.5375,10.28452380952381,-1.8154761904761905,80,81.42857142857143,-0.2857142857142857,31.3,20.0,3.9,0,18,0,2,0,0.23224292400907015,-0.9726578145718654,0,2024
2024-06-18,kharadi,0,0.0,1.0,9.595833333333333,9.341666666666667,-0.9428571428571428,79,80.85714285714286,-0.5714285714285714,30.8,23.4,6.8,0,18,0,2,0,0.21547731504673012,-0.976508846196619,0,2024
2024-06-19,kharadi,0,0.0,1.0,8.204166666666667,9.338095238095239,-0.003571428571428622,79,80.14285714285714,-0.7142857142857143,28.7,24.5,1.2,0,18,0,2,0,0.19864794288017112,-0.9800709131432666,0,2024
2024-06-20,kharadi,0,0.0,1.0,4.879166666666666,9.105357142857143,-0.23273809523809522,81,79.57142857142857,-0.5714285714285714,29.9,25.6,3.4,0,18,0,2,0,0.18175978759137534,-0.9833429613388902,0,2024
2024-06-21,kharadi,0,0.0,1.0,8.012500000000001,8.790476190476191,-0.3148809523809524,77,79.71428571428571,0.14285714285714285,30.5,25.0,0.7,1,18,0,2,0,0.16481784665719793,-0.9863240225317866,0,2024
2024-06-22,kharadi,0,0.0,1.0,9.845833333333333,8.835119047619047,0.04464285714285727,76,79.42857142857143,-0.2857142857142857,31.0,21.3,0.4,2,18,0,2,0,0.14782713347053048,-0.9890132145779883,0,2024
2024-06-23,kharadi,0,0.0,1.0,12.345833333333333,9.185714285714285,0.35059523809523807,77,79.0,-0.42857142857142855,31.0,18.0,2.4,0,18,0,2,0,0.13079267585675922,-0.9914097417023038,0,2024
2024-06-24,kharadi,0,0.0,1.0,9.966666666666667,9.345833333333333,0.16011904761904766,78,78.42857142857143,-0.5714285714285714,31.5,16.4,6.5,0,18,0,2,0,0.11371951458594969,-0.9935128947338007,0,2024
2024-06-25,kharadi,0,0.0,1.0,5.641666666666667,8.97857142857143,-0.3672619047619047,80,78.14285714285714,-0.2857142857142857,31.1,24.2,4.4,0,18,0,2,0,0.0966127018812031,-0.9953220513156602,0,2024
2024-06-26,kharadi,0,0.0,1.0,2.9166666666666665,8.413690476190476,-0.5648809523809524,81,78.28571428571429,0.14285714285714285,30.7,28.0,10.1,0,18,0,2,0,0.07947729992362097,-0.9968366760893436,0,2024
2024-06-27,kharadi,0,0.0,1.0,3.795833333333333,7.658333333333333,-0.7553571428571431,81,78.57142857142857,0.2857142857142857,28.8,27.8,2.0,0,18,0,2,0,0.062318379354325076,-0.998056320853012,0,2024
2024-06-28,kharadi,0,0.0,1.0,3.5416666666666665,7.503571428571428,-0.1547619047619048,81,78.57142857142857,0.0,28.6,27.7,4.3,0,18,0,2,0,0.04514101777397193,-0.9989806246941579,0,2024
2024-06-29,kharadi,0,0.0,1.0,4.720833333333333,6.864880952380952,-0.6386904761904765,78,79.14285714285714,0.5714285714285714,29.9,26.4,1.9,0,18,0,2,0,0.02795029824021032,-0.999609314096404,0,2024
2024-06-30,kharadi,0,0.0,1.0,3.7458333333333336,6.1327380952380945,-0.7321428571428571,81,79.42857142857143,0.2857142857142857,29.4,26.6,2.4,0,18,0,2,0,0.01075130776352193,-0.9999422030204416,0,2024
2024-07-01,kharadi,0,0.0,1.0,3.733333333333334,4.904166666666667,-1.2285714285714284,81,80.0,0.5714285714285714,28.6,33.1,5.3,0,18,0,2,0,-0.00645086419810515,-0.9999791929590823,0,2024
2024-07-02,kharadi,0,0.0,1.0,4.216666666666667,4.013690476190476,-0.8904761904761903,83,80.42857142857143,0.42857142857142855,27.9,25.7,8.9,0,18,0,2,0,-0.023651127245231586,-0.9997202729664083,0,2024
2024-07-03,kharadi,0,0.0,1.0,4.979166666666667,3.8101190476190476,-0.20357142857142854,80,80.85714285714286,0.42857142857142855,28.8,25.3,0.3,1,18,0,2,0,-0.04084439154329611,-0.9991655196610109,0,2024
2024-07-04,kharadi,0,0.0,1.0,3.295833333333333,4.104761904761905,0.2946428571428572,81,80.71428571428571,-0.14285714285714285,28.0,24.8,2.1,0,18,0,2,0,-0.05802556932878035,-0.9983150972033183,0,2024
2024-07-05,kharadi,0,0.0,1.0,3.279166666666667,4.033333333333333,-0.07142857142857142,80,80.71428571428571,0.0,29.1,29.7,2.7,0,18,0,2,0,-0.07518957641475855,-0.9971692572470178,0,2024
2024-07-06,kharadi,0,0.0,1.0,4.508333333333334,3.995833333333333,-0.037499999999999964,80,80.57142857142857,-0.14285714285714285,28.7,30.7,5.1,0,18,0,2,0,-0.09233133369539122,-0.9957283388645872,0,2024
2024-07-07,kharadi,0,0.0,1.0,4.104166666666667,3.9654761904761906,-0.03035714285714278,84,80.85714285714286,0.2857142857142857,26.6,19.4,6.0,0,18,0,2,0,-0.10944576864891556,-0.993992768446958,0,2024
2024-07-08,kharadi,0,0.0,1.0,4.325,4.016666666666667,0.051190476190476196,86,81.28571428571429,0.42857142857142855,28.1,17.8,62.6,0,18,0,2,0,-0.12652781683868314,-0.9919630595773397,0,2024
2024-07-09,kharadi,0,0.0,1.0,5.675,4.101190476190476,0.08452380952380947,84,82.0,0.7142857142857143,28.7,20.1,20.0,0,18,0,2,0,-0.1435724234118113,-0.9896398128792412,0,2024
2024-07-10,kharadi,0,0.0,1.0,6.454166666666667,4.309523809523809,0.2083333333333333,79,82.14285714285714,0.14285714285714285,28.9,22.2,2.1,0,18,0,2,0,-0.16057454459499376,-0.9870237158387383,0,2024
2024-07-11,kharadi,0,0.0,1.0,5.3500000000000005,4.520238095238095,0.21071428571428566,84,82.0,-0.14285714285714285,27.9,25.1,6.7,0,18,0,2,0,-0.17752914918703497,-0.984115542601034,0,2024
2024-07-12,kharadi,0,0.0,1.0,2.908333333333333,4.813690476190476,0.2934523809523811,86,82.42857142857143,0.42857142857142855,26.9,26.1,8.9,0,18,0,2,0,-0.19443122004766195,-0.9809161537413774,0,2024
2024-07-13,kharadi,0,0.0,1.0,2.033333333333333,4.760714285714286,-0.05297619047619051,85,83.28571428571429,0.8571428571428571,27.3,29.8,14.5,0,18,0,2,0,-0.2112757555821793,-0.9774264960104055,0,2024
2024-07-14,kharadi,0,0.0,1.0,2.3375,4.4071428571428575,-0.35357142857142865,91,84.0,0.7142857142857143,25.2,20.9,79.2,0,18,0,2,0,-0.2280577712215198,-0.9736476020539838,0,2024
2024-07-15,kharadi,0,0.0,1.0,5.995833333333334,4.154761904761905,-0.25238095238095243,83,85.0,1.0,29.4,20.5,5.6,0,18,0,2,0,-0.24477230089725957,-0.9695805901076308,0,2024
2024-07-16,kharadi,0,0.0,1.0,3.970833333333333,4.393452380952381,0.2386904761904762,81,84.57142857142857,-0.42857142857142855,30.2,24.7,2.6,0,18,0,2,0,-0.2614143985111562,-0.965226663665613,0,2024
2024-07-17,kharadi,0,0.0,1.0,2.5291666666666663,4.15,-0.24345238095238095,85,84.14285714285714,-0.42857142857142855,27.7,24.2,8.7,0,18,0,2,0,-0.2779791393987801,-0.9605871111248129,0,2024
2024-07-18,kharadi,0,0.0,1.0,2.1,3.589285714285714,-0.5607142857142857,86,85.0,0.8571428571428571,27.2,28.6,8.0,0,18,0,2,0,-0.2944616217868012,-0.9556633054034704,0,2024
2024-07-19,kharadi,0,0.0,1.0,1.6375,3.125,-0.46428571428571436,86,85.28571428571429,0.2857142857142857,26.1,27.3,7.6,0,18,0,2,0,-0.3108569682435036,-0.9504567035349151,0,2024
2024-07-20,kharadi,0,0.0,1.0,1.9208333333333334,2.9434523809523805,-0.18154761904761904,86,85.28571428571429,0.0,26.9,30.4,18.3,0,18,0,2,0,-0.3271603271220951,-0.9449688462364056,0,2024
2024-07-21,kharadi,0,0.0,1.0,1.9458333333333335,2.9273809523809526,-0.016071428571428546,85,85.42857142857143,0.14285714285714285,27.6,30.0,4.6,0,18,0,2,0,-0.34336687399638804,-0.939201357453208,0,2024
2024-07-22,kharadi,0,0.0,1.0,1.7458333333333333,2.871428571428571,-0.05595238095238091,89,84.57142857142857,-0.8571428571428571,25.2,30.7,19.9,0,18,0,2,0,-0.3594718130884232,-0.9331559438780432,0,2024
2024-07-23,kharadi,0,0.0,1.0,1.4458333333333335,2.2642857142857142,-0.6071428571428571,90,85.42857142857143,0.8571428571428571,24.6,28.7,22.2,0,18,0,2,0,-0.3754703786876202,-0.9268343944460494,0,2024
2024-07-24,kharadi,0,0.0,1.0,2.3625000000000003,1.9035714285714285,-0.36071428571428565,89,86.71428571428571,1.2857142857142858,25.2,31.3,24.0,0,18,0,2,0,-0.3913578365610259,-0.9202385798054075,0,2024
2024-07-25,kharadi,0,0.0,1.0,3.220833333333333,1.8797619047619047,-0.023809523809523725,91,87.28571428571429,0.5714285714285714,24.0,28.0,51.7,0,18,0,2,0,-0.4071294853542516,-0.9133704517637858,0,2024
2024-07-26,kharadi,0,0.0,1.0,6.2124999999999995,2.0398809523809525,0.16011904761904758,87,88.0,0.7142857142857143,25.9,28.7,11.8,0,18,0,2,0,-0.4227806579826773,-0.9062320427107697,0,2024
2024-07-27,kharadi,0,0.0,1.0,5.795833333333333,2.693452380952381,0.6535714285714285,88,88.14285714285714,0.14285714285714285,26.2,37.4,7.0,0,18,0,2,0,-0.4383067230125192,-0.898825465016444,0,2024
2024-07-28,kharadi,0,0.0,1.0,3.2083333333333335,3.2470238095238098,0.5535714285714286,88,88.42857142857143,0.2857142857142857,25.6,29.3,10.2,0,18,0,2,0,-0.45370308603134424,-0.8911529104063088,0,2024
2024-07-29,kharadi,0,0.0,1.0,3.5749999999999997,3.4273809523809526,0.18035714285714285,88,88.85714285714286,0.42857142857142855,26.9,25.9,11.2,0,18,0,2,0,-0.46896519100763184,-0.8832166493127127,0,2024
2024-07-30,kharadi,0,0.0,1.0,4.5375000000000005,3.688690476190476,0.26130952380952377,84,88.71428571428571,-0.14285714285714285,28.4,27.6,8.2,0,18,0,2,0,-0.48408852163897587,-0.8750190302029955,0,2024
2024-07-31,kharadi,0,0.0,1.0,3.995833333333333,4.130357142857143,0.4416666666666667,86,87.85714285714286,-0.8571428571428571,26.6,23.7,19.2,0,18,0,2,0,-0.4990686026885319,-0.8665624788845385,0,2024
2024-08-01,kharadi,0,0.0,1.0,3.1999999999999997,4.3636904761904765,0.23333333333333325,83,87.42857142857143,-0.42857142857142855,27.2,29.6,1.8,0,18,0,2,0,-0.5139010013093103,-0.8578494977869301,0,2024
2024-08-02,kharadi,0,0.0,1.0,2.3833333333333333,4.360714285714286,-0.0029761904761904973,84,86.28571428571429,-1.1428571428571428,27.5,30.7,7.5,0,18,0,2,0,-0.5285813283559292,-0.8488826652214553,0,2024
2024-08-03,kharadi,0,0.0,1.0,2.2416666666666667,3.813690476190476,-0.5470238095238095,85,85.85714285714286,-0.42857142857142855,26.5,30.4,8.2,0,18,0,2,0,-0.5431052396834317,-0.8396646346181327,0,2024
2024-08-04,kharadi,0,0.0,1.0,2.1333333333333333,3.3059523809523808,-0.5077380952380952,89,85.42857142857143,-0.42857142857142855,26.5,27.3,26.7,0,18,0,2,0,-0.5574684374327892,-0.8301981337405212,0,2024
2024-08-05,kharadi,0,0.0,1.0,5.3125,3.1523809523809523,-0.1535714285714286,83,85.57142857142857,0.14285714285714285,27.9,27.5,2.5,0,18,0,2,0,-0.5716666713027052,-0.8204859638785327,0,2024
2024-08-06,kharadi,0,0.0,1.0,4.645833333333333,3.4005952380952382,0.24821428571428575,80,84.85714285714286,-0.7142857142857143,28.5,27.1,0.6,1,18,0,2,0,-0.5856957398073508,-0.8105309990194823,0,2024
2024-08-07,kharadi,0,0.0,1.0,4.654166666666667,3.416071428571428,0.015476190476190357,82,84.28571428571429,-0.5714285714285714,27.9,24.8,3.4,0,18,0,2,0,-0.5995514915196489,-0.8003361849976323,0,2024
2024-08-08,kharadi,0,0.0,1.0,6.504166666666666,3.5101190476190474,0.09404761904761909,81,83.71428571428571,-0.5714285714285714,28.1,23.5,2.7,0,18,0,2,0,-0.6132298262997502,-0.7899045386224707,0,2024
2024-08-09,kharadi,0,0.0,1.0,6.0,3.982142857142857,0.4720238095238095,88,83.42857142857143,-0.2857142857142857,25.3,20.6,5.8,0,18,0,2,0,-0.6267266965083301,-0.7792391467859886,0,2024
2024-08-10,kharadi,0,0.0,1.0,6.3374999999999995,4.498809523809524,0.5166666666666667,83,84.0,0.5714285714285714,29.2,23.9,3.5,0,18,0,2,0,-0.6400381082043503,-0.7683431655492202,0,2024
2024-08-11,kharadi,0,0.0,1.0,5.9375,5.083928571428571,0.5851190476190476,81,83.71428571428571,-0.2857142857142857,28.2,24.5,1.3,0,18,0,2,0,-0.65316012232693,-0.7572198192083127,0,2024
2024-08-12,kharadi,0,0.0,1.0,7.8625,5.627380952380952,0.5434523809523809,81,82.57142857142857,-1.1428571428571428,28.9,22.7,1.7,0,18,0,2,0,-0.666088855860977,-0.7458723993404063,0,2024
2024-08-13,kharadi,0,0.0,1.0,12.0375,5.991666666666666,0.36428571428571427,80,82.28571428571429,-0.2857142857142857,30.2,16.9,0.6,1,18,0,2,0,-0.6788204829862355,-0.734304263829602,0,2024
2024-08-14,kharadi,0,0.0,1.0,17.470833333333335,7.047619047619047,1.055952380952381,80,82.28571428571429,0.0,30.2,18.9,0.6,2,18,0,2,0,-0.6913512362094071,-0.722518835873311,0,2024
2024-08-15,kharadi,0,0.0,1.0,20.683333333333334,8.87857142857143,1.830952380952381,79,82.0,-0.2857142857142857,31.2,18.6,0.1,3,18,0,2,0,-0.7036774074790128,-0.7105196029692745,0,2024
2024-08-16,kharadi,0,0.0,1.0,15.558333333333332,10.904166666666667,2.0255952380952382,79,81.71428571428571,-0.2857142857142857,30.9,19.3,0.8,4,18,0,2,0,-0.7157953492826642,-0.6983101158835584,0,2024
2024-08-17,kharadi,0,0.0,1.0,20.191666666666666,12.269642857142857,1.3654761904761903,82,80.42857142857143,-1.2857142857142858,30.3,11.4,3.6,0,18,0,2,0,-0.7277014757264236,-0.6858939875998223,0,2024
2024-08-18,kharadi,0,0.0,1.0,16.183333333333334,14.248809523809525,1.9791666666666667,88,80.28571428571429,-0.14285714285714285,29.3,9.3,38.2,0,18,0,2,0,-0.7393922635959241,-0.673274892250183,0,2024
2024-08-19,kharadi,0,0.0,1.0,17.516666666666666,15.712500000000002,1.4636904761904763,85,81.28571428571429,1.0,31.0,8.8,8.3,0,18,0,2,0,-0.7508642533989489,-0.6604565640279754,0,2024
2024-08-20,kharadi,0,0.0,1.0,15.958333333333334,17.091666666666665,1.3791666666666664,84,81.85714285714286,0.5714285714285714,30.2,15.8,12.8,0,18,0,2,0,-0.7621140503891487,-0.6474427960827475,0,2024
2024-08-21,kharadi,0,0.0,1.0,13.495833333333332,17.651785714285715,0.5601190476190477,84,82.42857142857143,0.5714285714285714,31.0,15.6,8.9,0,18,0,2,0,-0.7731383255706026,-0.6342374393978054,0,2024
2024-08-22,kharadi,0,0.0,1.0,18.704166666666666,17.083928571428572,-0.5678571428571433,86,83.0,0.5714285714285714,29.8,13.2,15.5,0,18,0,2,0,-0.7839338166829201,-0.620844401650647,0,2024
2024-08-23,kharadi,0,0.0,1.0,7.108333333333333,16.801190476190477,-0.2827380952380954,89,84.0,1.0,28.3,15.7,13.7,0,18,0,2,0,-0.7944973291665992,-0.6072676460566135,0,2024
2024-08-24,kharadi,0,0.0,1.0,3.204166666666667,15.594047619047618,-1.207142857142857,93,85.42857142857143,1.4285714285714286,24.5,22.4,50.6,0,18,0,2,0,-0.8048257371083452,-0.593511190196115,0,2024
2024-08-25,kharadi,0,0.0,1.0,1.8375000000000001,13.167261904761904,-2.4267857142857143,89,87.0,1.5714285714285714,25.9,33.1,18.5,0,18,0,2,0,-0.8149159841660791,-0.5795791048257612,0,2024
2024-08-26,kharadi,0,0.0,1.0,2.8333333333333335,11.117857142857142,-2.049404761904762,86,87.14285714285714,0.14285714285714285,25.1,25.9,4.7,0,18,0,2,0,-0.8247650844733614,-0.5654755126737576,0,2024
2024-08-27,kharadi,0,0.0,1.0,2.1750000000000003,9.020238095238096,-2.0976190476190473,84,87.28571428571429,0.14285714285714285,27.0,28.7,6.2,0,18,0,2,0,-0.8343701235229538,-0.5512045872199277,0,2024
2024-08-28,kharadi,0,0.0,1.0,4.045833333333333,7.0511904761904765,-1.969047619047619,82,87.28571428571429,0.0,27.8,31.5,3.9,0,18,0,2,0,-0.8437282590292712,-0.5367705514607103,0,2024
2024-08-29,kharadi,0,0.0,1.0,5.770833333333333,5.701190476190476,-1.3499999999999999,81,87.0,-0.2857142857142857,28.1,25.2,1.8,0,18,0,2,0,-0.8528367217694595,-0.522177676659508,0,2024
2024-08-30,kharadi,0,0.0,1.0,5.320833333333334,3.8535714285714286,-1.8476190476190477,82,86.28571428571429,-0.7142857142857143,28.0,22.3,2.8,0,18,0,2,0,-0.8616928164028522,-0.5074302810827518,0,2024
2024-08-31,kharadi,0,0.0,1.0,6.470833333333334,3.5982142857142856,-0.2553571428571428,85,85.28571428571429,-1.0,26.3,18.1,7.0,0,18,0,2,0,-0.8702939222685674,-0.49253272872205434,0,2024
2024-09-01,kharadi,0,0.0,1.0,8.795833333333333,4.064880952380952,0.46666666666666673,87,84.14285714285714,-1.1428571428571428,26.4,23.4,3.8,0,18,0,2,0,-0.8786374941610001,-0.4774894280028391,0,2024
2024-09-02,kharadi,0,0.0,1.0,5.2,5.058928571428571,0.9940476190476188,93,83.85714285714286,-0.2857142857142857,24.2,19.8,57.5,0,18,0,2,0,-0.886721063082993,-0.46230483047981086,0,2024
2024-09-03,kharadi,0,0.0,1.0,4.375,5.39702380952381,0.3380952380952381,86,84.85714285714286,1.0,27.1,22.3,9.3,0,18,0,2,0,-0.8945422369764496,-0.4469834295196741,0,2024
2024-09-04,kharadi,0,0.0,1.0,5.7,5.711309523809524,0.3142857142857142,83,85.14285714285714,0.2857142857142857,27.3,25.2,0.8,1,18,0,2,0,-0.9020987014301837,-0.43152975897147144,0,2024
2024-09-05,kharadi,0,0.0,1.0,5.2875000000000005,5.947619047619048,0.23630952380952383,85,85.28571428571429,0.14285714285714285,28.0,24.5,17.8,0,18,0,2,0,-0.9093882203647925,-0.4159483918249421,0,2024
2024-09-06,kharadi,0,0.0,1.0,5.866666666666667,5.878571428571429,-0.06904761904761893,84,85.85714285714286,0.5714285714285714,27.0,25.2,1.5,0,18,0,2,0,-0.9164086366943458,-0.4002439388573056,0,2024
2024-09-07,kharadi,0,0.0,1.0,6.1375,5.956547619047619,0.07797619047619049,82,86.14285714285714,0.2857142857142857,28.3,24.9,1.5,0,18,0,2,0,-0.9231578729647039,-0.38442104726885545,0,2024
2024-09-08,kharadi,0,0.0,1.0,5.9624999999999995,5.908928571428571,-0.04761904761904771,81,85.71428571428571,-0.42857142857142855,28.6,20.6,1.1,0,18,0,2,0,-0.9296339319682695,-0.3684843993077793,0,2024
2024-09-09,kharadi,0,0.0,1.0,5.445833333333333,5.5041666666666655,-0.4047619047619047,83,84.85714285714286,-0.8571428571428571,28.8,22.3,2.5,0,18,0,2,0,-0.9358348973349941,-0.35243871088460327,0,2024
2024-09-10,kharadi,0,0.0,1.0,5.5125,5.539285714285714,0.03511904761904753,84,83.42857142857143,-1.4285714285714286,28.6,19.3,3.9,0,18,0,2,0,-0.9417589340994617,-0.33628873017668287,0,2024
2024-09-11,kharadi,0,0.0,1.0,4.258333333333334,5.701785714285714,0.16250000000000003,82,83.14285714285714,-0.2857142857142857,28.5,21.7,1.8,0,18,0,2,0,-0.9474042892438845,-0.32003923622313857,0,2024
2024-09-12,kharadi,0,0.0,1.0,9.512500000000001,5.495833333333333,-0.20595238095238091,79,83.0,-0.14285714285714285,28.5,25.2,0.2,1,18,0,2,0,-0.9527692922168511,-0.30369503751065885,0,2024
2024-09-13,kharadi,0,0.0,1.0,11.487499999999999,6.099404761904762,0.6035714285714286,80,82.14285714285714,-0.8571428571428571,28.1,22.4,0.5,2,18,0,2,0,-0.9578523554276669,-0.28726097055059635,0,2024
2024-09-14,kharadi,0,0.0,1.0,8.058333333333334,6.902380952380952,0.8029761904761903,81,81.57142857142857,-0.5714285714285714,27.9,24.1,0.8,3,18,0,2,0,-0.9626519747161487,-0.2707418984477642,0,2024
2024-09-15,kharadi,0,0.0,1.0,8.0,7.176785714285715,0.27440476190476193,82,81.42857142857143,-0.14285714285714285,27.6,21.7,1.1,0,18,0,2,0,-0.9671667297977312,-0.2541427094613622,0,2024
2024-09-16,kharadi,0,0.0,1.0,12.4125,7.467857142857143,0.29107142857142865,79,81.57142857142857,0.14285714285714285,28.9,16.9,1.9,0,18,0,2,0,-0.97139528468375,-0.23746831555846842,0,2024
2024-09-17,kharadi,0,0.0,1.0,20.787499999999998,8.463095238095239,0.9952380952380953,77,81.0,-0.5714285714285714,28.9,16.2,0.3,1,18,0,2,0,-0.9753363880767837,-0.2207236509605022,0,2024
2024-09-18,kharadi,0,0.0,1.0,24.233333333333334,10.645238095238096,2.182142857142857,77,80.0,-1.0,29.2,14.5,0.0,2,18,0,2,0,-0.9789888737409319,-0.20391367068311472,0,2024
2024-09-19,kharadi,0,0.0,1.0,22.191666666666666,13.498809523809523,2.8535714285714286,78,79.28571428571429,-0.7142857142857143,29.6,15.4,0.0,3,18,0,2,0,-0.9823516608469237,-0.18704334906991657,0,2024
2024-09-20,kharadi,0,0.0,1.0,24.8625,15.310119047619045,1.8113095238095236,83,79.14285714285714,-0.14285714285714285,28.8,16.3,1.7,0,18,0,2,0,-0.9854237542919524,-0.17011767832049052,0,2024
2024-09-21,kharadi,0,0.0,1.0,26.308333333333334,17.22083333333333,1.910714285714286,81,79.57142857142857,0.42857142857142855,30.5,15.8,1.8,0,18,0,2,0,-0.9882042449941422,-0.15314166701312007,0,2024
2024-09-22,kharadi,0,0.0,1.0,29.525000000000002,19.827976190476193,2.607142857142857,82,79.57142857142857,0.0,30.9,15.0,7.2,0,18,0,2,0,-0.9906923101615609,-0.13612033862266704,0,2024
2024-09-23,kharadi,0,0.0,1.0,23.479166666666668,22.90297619047619,3.075,87,79.57142857142857,0.0,29.6,12.8,16.8,0,18,0,2,0,-0.9928872135356962,-0.11905873003404988,0,2024
2024-09-24,kharadi,0,0.0,1.0,14.158333333333333,24.483928571428574,1.580952380952381,89,80.71428571428571,1.1428571428571428,30.0,10.5,34.8,0,18,0,2,0,-0.994788305609327,-0.10196189005174576,0,2024
2024-09-25,kharadi,0,0.0,1.0,5.55,23.536904761904765,-0.9470238095238093,91,82.42857142857143,1.7142857142857142,27.8,12.8,43.0,0,18,0,2,0,-0.9963950238187231,-0.08483487790576538,0,2024
2024-09-26,kharadi,0,0.0,1.0,3.6625,20.867857142857144,-2.669047619047619,88,84.42857142857143,2.0,26.3,23.8,10.5,0,18,0,2,0,-0.9977068927101168,-0.06768276175455162,0,2024
2024-09-27,kharadi,0,0.0,1.0,5.416666666666667,18.220833333333335,-2.6470238095238092,85,85.85714285714286,1.4285714285714286,26.6,28.4,2.9,0,18,0,2,0,-0.9987235240803972,-0.050510617185222886,0,2024
2024-09-28,kharadi,0,0.0,1.0,4.233333333333333,15.442857142857145,-2.7779761904761906,82,86.14285714285714,0.2857142857142857,28.4,21.3,1.7,0,18,0,2,0,-0.9994446170919858,-0.033323525711631344,0,2024
2024-09-29,kharadi,0,0.0,1.0,11.325000000000001,12.289285714285715,-3.1535714285714285,83,86.28571428571429,0.14285714285714285,29.1,17.5,1.5,0,18,0,2,0,-0.9998699583618592,-0.016126573270657762,0,2024
2024-09-30,kharadi,0,0.0,1.0,20.962500000000002,9.689285714285715,-2.6000000000000005,80,86.42857142857143,0.14285714285714285,30.5,12.6,0.0,1,18,0,2,0,-0.9999994220246925,0.001075151282798226,0,2024
2024-10-01,kharadi,0,0.0,1.0,33.1875,9.329761904761906,-0.3595238095238094,82,85.42857142857143,-1.0,31.2,10.2,0.0,2,18,0,2,0,-0.999832969770105,0.018276557681691223,0,2024
2024-10-02,kharadi,0,0.0,1.0,31.337500000000002,12.048214285714286,2.7184523809523813,86,84.42857142857143,-1.0,31.3,16.9,5.8,0,18,0,2,0,-0.9993706508539969,0.03547255575312556,0,2024
2024-10-03,kharadi,0,0.0,1.0,21.891666666666666,15.73214285714286,3.6839285714285714,84,83.71428571428571,-0.7142857142857143,30.3,17.7,0.9,1,18,0,2,0,-0.9986126020839734,0.052658056924614005,0,2024
2024-10-04,kharadi,0,0.0,1.0,18.4375,18.336309523809526,2.6041666666666665,84,83.14285714285714,-0.5714285714285714,29.3,15.8,1.2,0,18,0,2,0,-0.9975590477788613,0.06982797572987089,0,2024
2024-10-05,kharadi,0,0.0,1.0,22.22083333333333,20.196428571428573,1.8601190476190474,80,83.0,-0.14285714285714285,30.3,14.1,0.0,1,18,0,2,0,-0.9962102997023297,0.0869772313136861,0,2024
2024-10-06,kharadi,0,0.0,1.0,41.55416666666667,22.766071428571426,2.5696428571428567,82,82.71428571428571,-0.2857142857142857,30.1,15.3,0.2,2,18,0,2,0,-0.9945667569706337,0.1041007489354256,0,2024
2024-10-07,kharadi,0,0.0,1.0,39.74583333333333,27.08452380952381,4.3184523809523805,75,82.57142857142857,-0.14285714285714285,31.3,16.6,0.0,3,18,0,2,0,-0.9926289059345095,0.121193461470736,0,2024
2024-10-08,kharadi,0,0.0,1.0,41.016666666666666,29.767857142857142,2.6833333333333327,76,81.85714285714286,-0.7142857142857143,31.1,11.9,0.2,4,18,0,2,0,-0.9903973200352558,0.1382503109109819,0,2024
2024-10-09,kharadi,0,0.0,1.0,31.962500000000002,30.886309523809523,1.1184523809523808,80,81.0,-0.8571428571428571,28.7,13.0,1.0,0,18,0,2,0,-0.9878726596350429,0.15526624985999563,0,2024
2024-10-10,kharadi,0,0.0,1.0,12.424999999999999,30.975595238095234,0.08928571428571429,84,80.14285714285714,-0.8571428571428571,28.9,22.3,10.3,0,18,0,2,0,-0.9850556718215013,0.172236243027682,0,2024
2024-10-11,kharadi,0,0.0,1.0,11.095833333333333,29.623214285714287,-1.3523809523809525,83,80.14285714285714,0.0,29.7,20.5,12.6,0,18,0,2,0,-0.981947190186646,0.18915526872004093,0,2024
2024-10-12,kharadi,0,0.0,1.0,14.4625,28.574404761904763,-1.0488095238095239,85,80.0,-0.14285714285714285,30.3,15.5,6.6,0,18,0,2,0,-0.9785481345802031,0.20601832032517084,0,2024
2024-10-13,kharadi,0,0.0,1.0,14.291666666666666,27.466071428571432,-1.108333333333333,85,80.71428571428571,0.7142857142857143,30.5,13.3,6.8,0,18,0,2,0,-0.9748595108374125,0.22282040779479959,0,2024
2024-10-14,kharadi,0,0.0,1.0,15.216666666666667,23.571428571428573,-3.8946428571428577,83,81.14285714285714,0.42857142857142855,29.7,18.4,8.1,0,18,0,2,0,-0.9708824104813836,0.23955655912092708,0,2024
2024-10-15,kharadi,0,0.0,1.0,19.083333333333332,20.067261904761903,-3.504166666666666,85,82.28571428571429,1.1428571428571428,29.1,10.8,2.3,0,18,0,2,0,-0.9666180104000972,0.2562218218071163,0,2024
2024-10-16,kharadi,0,0.0,1.0,22.895833333333332,16.933928571428574,-3.1333333333333333,84,83.57142857142857,1.2857142857142858,30.2,13.2,21.1,0,18,0,2,0,-0.9620675724981452,0.27281126433401914,0,2024
2024-10-17,kharadi,0,0.0,1.0,19.900000000000002,15.638690476190476,-1.2952380952380957,86,84.14285714285714,0.5714285714285714,29.2,14.6,4.1,0,18,0,2,0,-0.957232443323312,0.28931997761869527,0,2024
2024-10-18,kharadi,0,0.0,1.0,12.979166666666666,16.70654761904762,1.0678571428571433,84,84.42857142857143,0.2857142857142857,29.9,20.9,15.2,0,18,0,2,0,-0.9521140536681102,0.3057430764672831,0,2024
2024-10-19,kharadi,0,0.0,1.0,13.141666666666666,16.975595238095238,0.269047619047619,87,84.57142857142857,0.14285714285714285,30.2,11.6,10.0,0,18,0,2,0,-0.9467139181463862,0.3220757010206104,0,2024
2024-10-20,kharadi,0,0.0,1.0,11.020833333333334,16.78690476190476,-0.18869047619047638,87,84.85714285714286,0.2857142857142857,28.5,13.0,5.0,0,18,0,2,0,-0.9410336347451197,0.3383130181923076,0,2024
2024-10-21,kharadi,0,0.0,1.0,13.35,16.319642857142856,-0.4672619047619046,84,85.14285714285714,0.2857142857142857,28.1,11.8,4.4,0,18,0,2,0,-0.9350748843515574,0.3544502230989869,0,2024
2024-10-22,kharadi,0,0.0,1.0,17.254166666666666,16.05297619047619,-0.2666666666666667,84,85.28571428571429,0.14285714285714285,28.8,9.7,0.4,1,18,0,2,0,-0.9288394302558068,0.3704825404820963,0,2024
2024-10-23,kharadi,0,0.0,1.0,26.099999999999998,15.791666666666666,-0.26130952380952366,81,85.14285714285714,-0.14285714285714285,29.4,10.4,0.0,2,18,0,2,0,-0.9223291176290545,0.3864052261209853,0,2024
2024-10-24,kharadi,0,0.0,1.0,47.18333333333334,16.249404761904763,0.4577380952380951,74,84.71428571428571,-0.42857142857142855,29.5,9.4,0.0,3,18,0,2,0,-0.9155458729775467,0.40221356823680365,0,2024
2024-10-25,kharadi,0,0.0,1.0,55.12916666666666,20.14702380952381,3.897619047619048,63,83.0,-1.7142857142857142,29.8,11.4,0.0,4,18,0,2,0,-0.9084917035725082,0.41790288888678667,0,2024
2024-10-26,kharadi,0,0.0,1.0,39.762499999999996,26.16845238095238,6.021428571428571,70,80.0,-3.0,30.1,11.5,0.0,5,18,0,2,0,-0.9011686968561569,0.4334685453485363,0,2024
2024-10-27,kharadi,0,0.0,1.0,43.833333333333336,29.971428571428568,3.80297619047619,70,77.57142857142857,-2.4285714285714284,31.3,12.5,0.0,6,18,0,2,0,-0.8935790198239952,0.4489059314938798,0,2024
2024-10-28,kharadi,0,0.0,1.0,49.24583333333334,34.65892857142857,4.6875,69,75.14285714285714,-2.4285714285714284,31.3,10.3,0.0,7,18,0,2,0,-0.8857249183835637,0.4642104791518923,0,2024
2024-10-29,kharadi,0,0.0,1.0,55.88333333333333,39.78690476190476,5.127976190476191,72,73.0,-2.142857142857143,31.5,12.0,0.0,8,18,0,2,0,-0.8776087166898392,0.4793776594606945,0,2024
2024-10-30,kharadi,0,0.0,1.0,53.20416666666667,45.30535714285714,5.518452380952381,73,71.28571428571429,-1.7142857142857142,30.2,8.7,0.1,9,18,0,2,0,-0.8692328164574792,0.49440298420761813,0,2024
2024-10-31,kharadi,0,0.0,1.0,57.074999999999996,49.17738095238095,3.8720238095238106,68,70.14285714285714,-1.1428571428571428,31.2,14.7,0.2,10,18,0,2,0,-0.8605996962501181,0.5092820071573356,0,2024
2024-11-01,kharadi,0,0.0,1.0,54.550000000000004,50.59047619047619,1.4130952380952368,71,69.28571428571429,-0.8571428571428571,30.6,13.9,0.1,11,18,0,2,1,-0.8517119107469189,0.5240103253675756,0,2024
2024-11-02,kharadi,0,0.0,1.0,50.49166666666667,50.507738095238096,-0.08273809523809408,64,70.42857142857143,1.1428571428571428,30.8,14.1,0.0,12,18,0,2,1,-0.8425720899866032,0.5385835804920232,0,2024
2024-11-03,kharadi,0,0.0,1.0,46.833333333333336,52.040476190476184,1.532738095238096,59,69.57142857142857,-0.8571428571428571,31.0,13.9,0.0,13,18,0,2,1,-0.8331829385891785,0.5529974600700271,0,2024
2024-11-04,kharadi,0,0.0,1.0,48.37083333333334,52.46904761904762,0.42857142857142855,57,68.0,-1.5714285714285714,30.7,14.5,0.0,14,18,0,2,1,-0.8235472349556007,0.5672476988027229,0,2024
2024-11-05,kharadi,0,0.0,1.0,55.362500000000004,52.34404761904762,-0.125,58,66.28571428571429,-1.7142857142857142,30.5,14.3,0.0,15,18,0,2,1,-0.8136678304455991,0.5813300798152042,0,2024
2024-11-06,kharadi,0,1.0,1.0,59.395833333333336,52.26964285714286,-0.07440476190476122,56,64.28571428571429,-2.0,31.4,11.2,0.0,16,18,0,2,1,-0.8035476485339116,0.5952404359043674,1,2024
2024-11-07,kharadi,1,1.0,1.0,52.975,53.154166666666676,0.8845238095238089,52,61.857142857142854,-2.4285714285714284,30.6,11.0,0.0,17,18,0,2,1,-0.7931896839451843,0.6089746507720486,1,2024
2024-11-08,kharadi,0,0.0,1.0,62.375,52.56845238095239,-0.5857142857142849,54,59.57142857142857,-2.2857142857142856,30.6,16.1,0.0,18,18,0,2,0,-0.7825970017677834,0.6225286602431057,0,2024
2024-11-09,kharadi,0,0.0,1.0,60.0375,53.68630952380953,1.1178571428571422,52,57.142857142857146,-2.4285714285714284,30.8,13.7,0.0,19,18,0,2,0,-0.7717727365467836,0.6358984534680745,0,2024
2024-11-10,kharadi,0,0.0,1.0,60.4625,55.050000000000004,1.3636904761904762,54,55.42857142857143,-1.7142857142857142,30.0,11.7,0.0,20,18,0,2,0,-0.7607200913564104,0.6490800741100398,0,2024
2024-11-11,kharadi,0,0.0,1.0,67.84166666666667,56.99702380952381,1.947023809523809,52,54.714285714285715,-0.7142857142857143,30.1,15.1,0.0,21,18,0,2,0,-0.7494423368521954,0.6620696215153815,0,2024
2024-11-12,kharadi,0,0.0,1.0,60.324999999999996,59.778571428571425,2.7815476190476187,58,54.0,-0.7142857142857143,30.2,15.8,0.0,22,18,0,2,0,-0.7379428103031386,0.6748632518680403,0,2024
2024-11-13,kharadi,0,0.0,1.0,44.47083333333333,60.4875,0.7089285714285702,59,54.0,0.0,30.4,14.2,0.0,23,18,0,2,0,-0.7262249146041543,0.6874571793269664,0,2024
2024-11-14,kharadi,0,0.0,1.0,38.625,58.355357142857144,-2.1321428571428576,59,54.42857142857143,0.42857142857142855,31.9,15.4,0.0,24,18,0,2,0,-0.7142921172691032,0.699847677146407,0,2024
2024-11-15,kharadi,0,0.0,1.0,45.87083333333334,56.30535714285714,-2.0500000000000003,63,55.42857142857143,1.0,32.1,11.7,0.1,25,18,0,2,0,-0.7021479494046978,0.7120310787787131,0,2024
2024-11-16,kharadi,0,0.0,1.0,66.91666666666667,53.94761904761905,-2.3577380952380946,60,56.714285714285715,1.2857142857142858,32.1,13.3,0.0,26,18,0,2,0,-0.6897960046655887,0.7240037789593305,0,2024
2024-11-17,kharadi,0,0.0,1.0,46.48333333333333,54.93035714285715,0.9827380952380957,53,57.857142857142854,1.1428571428571428,31.7,14.9,0.0,27,18,0,2,0,-0.6772399381909491,0.7357622347736527,0,2024
2024-11-18,kharadi,0,0.0,1.0,40.358333333333334,52.93333333333333,-1.9970238095238102,52,57.714285714285715,-0.14285714285714285,29.7,12.3,0.0,28,18,0,2,0,-0.6644834655228552,0.7473029667054296,0,2024
2024-11-19,kharadi,0,0.0,1.0,52.22083333333333,49.00714285714286,-3.9261904761904765,54,57.714285714285715,0.0,28.7,12.3,0.0,29,18,0,2,0,-0.6515303615068021,0.75862255966641,0,2024
2024-11-20,kharadi,0,0.0,1.0,52.25416666666666,47.84940476190476,-1.157738095238095,58,57.142857142857146,-0.5714285714285714,28.2,13.1,0.0,30,18,0,2,0,-0.6383844591746642,0.7697176640069211,0,2024
2024-11-21,kharadi,0,0.0,1.0,58.4,48.96130952380952,1.1119047619047617,58,57.0,-0.14285714285714285,28.8,10.4,0.0,31,18,0,2,0,-0.6250496486104377,0.7805849965070866,0,2024
2024-11-22,kharadi,0,0.0,1.0,75.39166666666667,51.78630952380952,2.8249999999999997,59,56.857142857142854,-0.14285714285714285,29.0,8.9,0.0,32,18,0,2,0,-0.6115298757991053,0.7912213413483807,0,2024
2024-11-23,kharadi,0,0.0,1.0,77.56666666666666,56.003571428571426,4.217261904761904,61,56.285714285714285,-0.5714285714285714,29.4,9.8,0.0,33,18,0,2,0,-0.5978291414589552,0.801623551065242,0,2024
2024-11-24,kharadi,0,0.0,1.0,91.47500000000001,57.525,1.5214285714285702,60,56.42857142857143,0.14285714285714285,29.0,9.6,0.0,34,18,0,2,0,-0.5839514998576998,0.8117885474764613,0,2024
2024-11-25,kharadi,0,0.0,1.0,66.91666666666667,63.952380952380956,6.427380952380955,57,57.42857142857143,1.0,28.4,11.7,0.0,35,18,0,2,0,-0.5699010576127624,0.8217133225960589,0,2024
2024-11-26,kharadi,0,0.0,1.0,49.63333333333333,67.74642857142858,3.79404761904762,54,58.142857142857146,0.7142857142857143,27.9,11.5,0.0,36,18,0,2,0,-0.5556819724760489,0.8313949395234058,0,2024
2024-11-27,kharadi,0,0.0,1.0,42.604166666666664,67.37678571428572,-0.36964285714285694,52,58.142857142857146,0.0,27.7,11.1,0.0,37,18,0,2,0,-0.5412984521036173,0.8408305333122887,0,2024
2024-11-28,kharadi,0,0.0,1.0,37.762499999999996,65.99821428571428,-1.3785714285714283,50,57.285714285714285,-0.8571428571428571,27.8,17.1,0.0,38,18,0,2,0,-0.5267547528105542,0.8500173118187018,0,2024
2024-11-29,kharadi,0,0.0,1.0,36.4375,63.05,-2.948214285714286,49,56.142857142857146,-1.1428571428571428,27.5,10.9,0.0,39,18,0,2,0,-0.5120551783114646,0.8589525565270845,0,2024
2024-11-30,kharadi,0,0.0,1.0,53.12916666666666,57.485119047619044,-5.564880952380952,54,54.714285714285715,-1.4285714285714286,28.1,8.1,0.0,40,18,0,2,0,-0.4972040784469378,0.8676336233547726,0,2024
2024-12-01,kharadi,0,0.0,1.0,52.9,53.99404761904761,-3.4910714285714284,58,53.714285714285715,-1.0,29.5,9.6,0.0,41,18,0,2,0,-0.4822058478963526,0.8760579434344281,0,2024
2024-12-02,kharadi,0,0.0,1.0,24.875,48.483333333333334,-5.510714285714287,68,53.42857142857143,-0.2857142857142857,29.3,14.1,1.0,0,18,0,2,0,-0.46706492487743034,0.8842230238742036,0,2024
2024-12-03,kharadi,0,0.0,1.0,19.016666666666666,42.477380952380955,-6.005952380952381,73,55.0,1.5714285714285714,30.5,16.0,1.6,0,18,0,2,0,-0.451785789832884,0.8921264484954345,0,2024
2024-12-04,kharadi,0,0.0,1.0,20.179166666666667,38.103571428571435,-4.373809523809524,72,57.714285714285715,2.7142857142857144,30.8,16.1,0.1,1,18,0,2,0,-0.4363729641045924,0.8997658785476209,0,2024
2024-12-05,kharadi,0,0.0,1.0,25.045833333333334,34.9,-3.2035714285714283,67,60.57142857142857,2.857142857142857,31.7,9.2,0.0,2,18,0,2,0,-0.42083100859565564,0.9071390534005044,0,2024
2024-12-06,kharadi,0,0.0,1.0,35.77916666666667,33.08333333333333,-1.816666666666666,66,63.0,2.4285714285714284,32.3,5.6,0.0,3,18,0,2,0,-0.4051645224207563,0.9142437912130223,0,2024
2024-12-07,kharadi,0,0.0,1.0,32.62083333333333,32.989285714285714,-0.09404761904761878,58,65.42857142857143,2.4285714285714284,33.2,13.1,0.0,4,18,0,2,0,-0.3893781415452015,0.9210779895789526,0,2024
2024-12-08,kharadi,0,0.0,1.0,26.179166666666664,30.059523809523807,-2.9297619047619046,49,66.0,0.5714285714285714,31.3,13.2,0.0,5,18,0,2,0,-0.37347653741307074,0.9276396261490467,0,2024
2024-12-09,kharadi,0,0.0,1.0,33.7125,26.242261904761904,-3.817261904761905,47,64.71428571428571,-1.2857142857142858,30.0,11.6,0.0,6,18,0,2,0,-0.3574644155648614,0.9339267592294762,0,2024
2024-12-10,kharadi,0,0.0,1.0,32.204166666666666,27.5047619047619,1.2624999999999997,52,61.714285714285715,-3.0,28.9,9.3,0.0,7,18,0,2,0,-0.34134651424503615,0.9399375283564133,0,2024
2024-12-11,kharadi,0,0.0,1.0,40.800000000000004,29.388690476190476,1.8839285714285714,59,58.714285714285715,-3.0,29.8,7.8,0.0,8,18,0,2,0,-0.3251276029999093,0.9456701548465688,0,2024
2024-12-12,kharadi,0,0.0,1.0,36.27916666666667,32.33452380952381,2.9458333333333337,55,56.857142857142854,-1.8571428571428572,29.3,11.2,0.0,9,18,0,2,0,-0.30881248126625377,0.9511229423235357,0,2024
2024-12-13,kharadi,0,0.0,1.0,27.77916666666667,33.93928571428572,1.6047619047619048,52,55.142857142857146,-1.7142857142857142,28.7,11.2,0.0,10,18,0,2,0,-0.29240597695107734,0.9562942772197719,0,2024
2024-12-14,kharadi,0,0.0,1.0,40.52916666666667,32.79642857142857,-1.1428571428571428,51,53.142857142857146,-2.0,28.5,11.8,0.0,11,18,0,2,0,-0.27591294500296043,0.9611826292540837,0,2024
2024-12-15,kharadi,0,0.0,1.0,33.38333333333333,33.92619047619048,1.1297619047619054,48,52.142857142857146,-1.0,28.6,9.6,0.0,12,18,0,2,0,-0.2593382659754056,0.9657865518844574,0,2024
2024-12-16,kharadi,0,0.0,1.0,22.6125,34.955357142857146,1.029166666666667,42,52.0,-0.14285714285714285,29.0,8.5,0.0,13,18,0,2,0,-0.2426868445825954,0.9701046827361175,0,2024
2024-12-17,kharadi,0,0.0,1.0,37.329166666666666,33.369642857142864,-1.5857142857142854,46,51.285714285714285,-0.7142857142857143,29.3,8.7,0.0,14,18,0,2,0,-0.22596360824801906,0.974135744004672,0,2024
2024-12-18,kharadi,0,0.0,1.0,51.666666666666664,34.10178571428572,0.7321428571428571,46,50.42857142857143,-0.8571428571428571,29.7,7.0,0.0,15,18,0,2,0,-0.20917350564635637,0.9778785428342386,0,2024
2024-12-19,kharadi,0,0.0,1.0,57.30833333333334,35.65416666666666,1.5523809523809515,48,48.57142857142857,-1.8571428571428572,30.4,10.3,0.0,16,18,0,2,0,-0.19232150523909483,0.9813319716704275,0,2024
2024-12-20,kharadi,0,0.0,1.0,68.8,38.65833333333334,3.004166666666667,58,47.57142857142857,-1.0,30.3,10.3,0.0,17,18,0,2,0,-0.17541259380427843,0.9844950085880858,0,2024
2024-12-21,kharadi,0,0.0,1.0,63.15,44.51845238095238,5.860119047619047,68,48.42857142857143,0.8571428571428571,31.2,15.3,0.0,18,18,0,2,0,-0.15845177496083632,0.9873667175937016,0,2024
2024-12-22,kharadi,0,0.0,1.0,46.012499999999996,47.75,3.2315476190476184,74,50.857142857142854,2.4285714285714284,30.4,16.2,0.0,19,18,0,2,0,-0.14144406768794202,0.9899462489023779,0,2024
2024-12-23,kharadi,0,0.0,1.0,44.104166666666664,49.554166666666674,1.804166666666666,73,54.57142857142857,3.7142857142857144,28.9,13.7,0.0,20,18,0,2,0,-0.12439450483979998,0.9922328391893008,0,2024
2024-12-24,kharadi,0,0.0,1.0,78.88333333333334,52.62440476190476,3.070238095238095,70,59.0,4.428571428571429,29.1,11.9,0.1,21,18,0,2,0,-0.10730813165636247,0.9942258118156161,0,2024
2024-12-25,kharadi,0,0.0,1.0,89.86666666666667,58.560714285714276,5.936309523809525,62,62.42857142857143,3.4285714285714284,30.5,12.8,0.0,22,18,0,2,0,-0.09019000427034513,0.9959245770286599,0,2024
2024-12-26,kharadi,0,0.0,1.0,50.725,64.01785714285714,5.457142857142858,63,64.71428571428571,2.2857142857142856,30.6,13.1,0.7,23,18,0,2,0,-0.07304518821104743,0.9973286321364752,0,2024
2024-12-27,kharadi,0,0.0,1.0,24.791666666666668,63.077380952380956,-0.9404761904761908,68,66.85714285714286,2.142857142857143,30.9,12.0,0.6,24,18,0,2,0,-0.05587875690537313,0.9984375616565666,0,2024
2024-12-28,kharadi,0,0.0,1.0,23.604166666666668,56.79047619047619,-6.28690476190476,70,68.28571428571429,1.4285714285714286,31.1,13.0,3.4,0,18,0,2,0,-0.03869579017652689,0.9992510374388481,0,2024
2024-12-29,kharadi,0,0.0,1.0,47.300000000000004,51.141071428571436,-5.649404761904762,64,68.57142857142857,0.2857142857142857,31.1,9.4,0.2,1,18,0,2,0,-0.021501372740813793,0.999768818762748,0,2024
2024-12-30,kharadi,0,0.0,1.0,45.8125,51.324999999999996,0.18392857142857263,60,67.14285714285714,-1.4285714285714286,31.0,10.8,0.0,2,18,0,2,0,-0.004300592702981974,0.9999907524084426,0,2024
2024-12-31,kharadi,0,0.0,1.0,32.954166666666666,51.56904761904762,0.24404761904761937,56,65.28571428571429,-1.8571428571428572,30.8,9.2,0.0,3,18,0,2,0,0.012901459949419653,0.9999167727021953,0,2024
2022-08-12,mundhwa,0,0.0,1.0,4.4750000000000005,4.903571428571429,-1.2255325814536338,85,87.57142857142857,-0.5714285714285714,25.7,34.4,5.7,0,14,1,1,0,-0.65316012232693,-0.7572198192083127,0,2022
2022-08-13,mundhwa,0,0.0,1.0,5.4125000000000005,4.432142857142857,-0.47142857142857125,84,86.71428571428571,-0.8571428571428571,26.0,30.9,5.5,0,14,1,1,0,-0.666088855860977,-0.7458723993404063,0,2022
2022-08-14,mundhwa,0,0.0,1.0,5.733333333333333,4.4279761904761905,-0.0041666666666665565,84,86.28571428571429,-0.42857142857142855,26.3,29.2,2.3,0,14,1,1,0,-0.6788204829862355,-0.734304263829602,0,2022
2022-08-15,mundhwa,0,0.0,1.0,5.245833333333334,4.6000000000000005,0.17202380952380952,87,85.71428571428571,-0.5714285714285714,26.0,25.5,8.6,0,14,1,1,0,-0.6913512362094071,-0.722518835873311,0,2022
2022-08-16,mundhwa,0,0.0,1.0,5.195833333333334,4.7749999999999995,0.17500000000000007,88,85.42857142857143,-0.2857142857142857,24.8,27.8,10.8,0,14,1,1,0,-0.7036774074790128,-0.7105196029692745,0,2022
2022-08-17,mundhwa,0,0.0,1.0,5.2749999999999995,5.067261904761905,0.29226190476190483,85,85.57142857142857,0.14285714285714285,26.0,28.0,4.7,0,14,1,1,0,-0.7157953492826642,-0.6983101158835584,0,2022
2022-08-18,mundhwa,0,0.0,1.0,8.833333333333334,5.130952380952381,0.06369047619047612,84,85.42857142857143,-0.14285714285714285,26.5,27.9,2.6,0,14,1,1,0,-0.7277014757264236,-0.6858939875998223,0,2022
2022-08-19,mundhwa,0,0.0,1.0,6.779166666666666,5.7386904761904765,0.6077380952380953,84,85.28571428571429,-0.14285714285714285,26.5,25.7,1.8,0,14,1,1,0,-0.7393922635959241,-0.673274892250183,0,2022
2022-08-20,mundhwa,0,0.0,1.0,6.875,6.067857142857143,0.3291666666666665,84,85.14285714285714,-0.14285714285714285,26.5,26.4,1.1,0,14,1,1,0,-0.7508642533989489,-0.6604565640279754,0,2022
2022-08-21,mundhwa,0,0.0,1.0,7.379166666666666,6.276785714285714,0.20892857142857135,85,85.14285714285714,0.0,26.3,25.6,1.3,0,14,1,1,0,-0.7621140503891487,-0.6474427960827475,0,2022
2022-08-22,mundhwa,0,0.0,1.0,6.570833333333333,6.511904761904761,0.2351190476190476,85,85.28571428571429,0.14285714285714285,25.7,31.0,2.4,0,14,1,1,0,-0.7731383255706026,-0.6342374393978054,0,2022
2022-08-23,mundhwa,0,0.0,1.0,6.670833333333333,6.701190476190476,0.1892857142857142,85,85.0,-0.2857142857142857,26.2,27.3,1.6,0,14,1,1,0,-0.7839338166829201,-0.620844401650647,0,2022
2022-08-24,mundhwa,0,0.0,1.0,6.658333333333334,6.911904761904762,0.21071428571428566,84,84.57142857142857,-0.42857142857142855,26.4,23.8,2.0,0,14,1,1,0,-0.7944973291665992,-0.6072676460566135,0,2022
2022-08-25,mundhwa,0,0.0,1.0,9.291666666666666,7.10952380952381,0.1976190476190478,84,84.42857142857143,-0.14285714285714285,27.4,17.6,3.2,0,14,1,1,0,-0.8048257371083452,-0.593511190196115,0,2022
2022-08-26,mundhwa,0,0.0,1.0,13.433333333333332,7.175,0.06547619047619031,83,84.42857142857143,0.0,27.7,18.5,1.2,0,14,1,1,0,-0.8149159841660791,-0.5795791048257612,0,2022
2022-08-27,mundhwa,0,0.0,1.0,19.054166666666667,8.125595238095238,0.9505952380952379,82,84.28571428571429,-0.14285714285714285,27.9,18.8,1.3,0,14,1,1,0,-0.8247650844733614,-0.5654755126737576,0,2022
2022-08-28,mundhwa,0,0.0,1.0,22.016666666666666,9.86547619047619,1.7398809523809524,82,84.0,-0.2857142857142857,28.3,16.0,0.5,1,14,1,1,0,-0.8343701235229538,-0.5512045872199277,0,2022
2022-08-29,mundhwa,0,0.0,1.0,32.75,11.956547619047617,2.0910714285714285,81,83.57142857142857,-0.42857142857142855,28.9,14.1,0.6,2,14,1,1,0,-0.8437282590292712,-0.5367705514607103,0,2022
2022-08-30,mundhwa,0,0.0,1.0,39.762499999999996,15.696428571428571,3.7398809523809526,83,83.0,-0.5714285714285714,29.7,11.7,9.3,0,14,1,1,0,-0.8528367217694595,-0.522177676659508,0,2022
2022-08-31,mundhwa,0,0.0,1.0,25.391666666666666,20.42380952380952,4.727380952380952,87,82.71428571428571,-0.2857142857142857,29.9,15.8,27.3,0,14,1,1,0,-0.8616928164028522,-0.5074302810827518,0,2022
2022-09-01,mundhwa,0,0.0,1.0,17.729166666666668,23.099999999999998,2.676190476190476,89,83.14285714285714,0.42857142857142855,28.4,12.2,4.4,0,14,1,1,0,-0.8702939222685674,-0.49253272872205434,0,2022
2022-09-02,mundhwa,0,0.0,1.0,19.054166666666667,24.30535714285714,1.205357142857143,84,83.85714285714286,0.7142857142857143,29.9,13.3,0.8,1,14,1,1,0,-0.8786374941610001,-0.4774894280028391,0,2022
2022-09-03,mundhwa,0,0.0,1.0,26.037499999999998,25.10833333333333,0.8029761904761907,84,84.0,0.14285714285714285,30.4,13.7,3.7,0,14,1,1,0,-0.886721063082993,-0.46230483047981086,0,2022
2022-09-04,mundhwa,0,0.0,1.0,15.833333333333334,26.105952380952377,0.9976190476190473,88,84.28571428571429,0.2857142857142857,28.3,15.5,13.1,0,14,1,1,0,-0.8945422369764496,-0.4469834295196741,0,2022
2022-09-05,mundhwa,0,0.0,1.0,17.175,25.222619047619048,-0.8833333333333331,89,85.14285714285714,0.8571428571428571,25.8,10.7,1.0,0,14,1,1,0,-0.9020987014301837,-0.43152975897147144,0,2022
2022-09-06,mundhwa,0,0.0,1.0,29.458333333333332,22.99761904761905,-2.225,88,86.28571428571429,1.1428571428571428,27.4,13.9,14.0,0,14,1,1,0,-0.9093882203647925,-0.4159483918249421,0,2022
2022-09-07,mundhwa,0,0.0,1.0,18.879166666666666,21.52559523809524,-1.4720238095238092,88,87.0,0.7142857142857143,28.8,12.1,10.3,0,14,1,1,0,-0.9164086366943458,-0.4002439388573056,0,2022
2022-09-08,mundhwa,0,0.0,1.0,21.65833333333333,20.595238095238095,-0.9303571428571428,90,87.14285714285714,0.14285714285714285,27.4,9.4,18.3,0,14,1,1,0,-0.9231578729647039,-0.38442104726885545,0,2022
2022-09-09,mundhwa,0,0.0,1.0,14.4,21.15654761904762,0.5613095238095234,89,87.28571428571429,0.14285714285714285,28.3,13.6,16.4,0,14,1,1,0,-0.9296339319682695,-0.3684843993077793,0,2022
2022-09-10,mundhwa,0,0.0,1.0,17.191666666666666,20.491666666666667,-0.6648809523809524,91,88.0,0.7142857142857143,27.5,13.1,16.7,0,14,1,1,0,-0.9358348973349941,-0.35243871088460327,0,2022
2022-09-11,mundhwa,0,0.0,1.0,9.258333333333333,19.22797619047619,-1.263690476190476,89,89.0,1.0,29.4,11.5,8.0,0,14,1,1,0,-0.9417589340994617,-0.33628873017668287,0,2022
2022-09-12,mundhwa,0,0.0,1.0,8.583333333333334,18.288690476190474,-0.9392857142857144,90,89.14285714285714,0.14285714285714285,27.4,14.8,13.0,0,14,1,1,0,-0.9474042892438845,-0.32003923622313857,0,2022
2022-09-13,mundhwa,0,0.0,1.0,5.391666666666667,17.061309523809523,-1.2273809523809525,89,89.28571428571429,0.14285714285714285,25.2,23.9,15.1,0,14,1,1,0,-0.9527692922168511,-0.30369503751065885,0,2022
2022-09-14,mundhwa,0,0.0,1.0,4.904166666666667,13.623214285714285,-3.438095238095238,86,89.42857142857143,0.14285714285714285,26.5,26.8,4.0,0,14,1,1,0,-0.9578523554276669,-0.28726097055059635,0,2022
2022-09-15,mundhwa,0,0.0,1.0,4.279166666666667,11.626785714285713,-1.9964285714285714,85,89.14285714285714,-0.2857142857142857,26.3,33.5,4.5,0,14,1,1,0,-0.9626519747161487,-0.2707418984477642,0,2022
2022-09-16,mundhwa,0,0.0,1.0,5.133333333333334,9.14404761904762,-2.4827380952380946,87,88.42857142857143,-0.7142857142857143,25.3,27.3,2.6,0,14,1,1,0,-0.9671667297977312,-0.2541427094613622,0,2022
2022-09-17,mundhwa,0,0.0,1.0,6.7124999999999995,7.820238095238096,-1.3238095238095238,85,88.14285714285714,-0.2857142857142857,26.8,20.3,3.9,0,14,1,1,0,-0.97139528468375,-0.23746831555846842,0,2022
2022-09-18,mundhwa,0,0.0,1.0,9.174999999999999,6.323214285714286,-1.4970238095238098,85,87.28571428571429,-0.8571428571428571,26.7,19.0,4.8,0,14,1,1,0,-0.9753363880767837,-0.2207236509605022,0,2022
2022-09-19,mundhwa,0,0.0,1.0,15.104166666666666,6.311309523809524,-0.011904761904761989,86,86.71428571428571,-0.5714285714285714,25.3,21.6,1.1,0,14,1,1,0,-0.9789888737409319,-0.20391367068311472,0,2022
2022-09-20,mundhwa,0,0.0,1.0,16.391666666666666,7.242857142857142,0.9315476190476188,88,86.14285714285714,-0.5714285714285714,23.8,16.2,3.6,0,14,1,1,0,-0.9823516608469237,-0.18704334906991657,0,2022
2022-09-21,mundhwa,0,0.0,1.0,17.145833333333332,8.814285714285713,1.5714285714285714,86,86.0,-0.14285714285714285,26.1,17.3,4.2,0,14,1,1,0,-0.9854237542919524,-0.17011767832049052,0,2022
2022-09-22,mundhwa,0,0.0,1.0,15.366666666666667,10.563095238095238,1.7488095238095236,85,86.0,0.0,24.5,19.6,2.4,0,14,1,1,0,-0.9882042449941422,-0.15314166701312007,0,2022
2022-09-23,mundhwa,0,0.0,1.0,12.516666666666666,12.147023809523807,1.5839285714285716,83,86.0,0.0,26.7,20.2,0.9,1,14,1,1,0,-0.9906923101615609,-0.13612033862266704,0,2022
2022-09-24,mundhwa,0,0.0,1.0,9.570833333333333,13.201785714285714,1.0547619047619046,86,85.42857142857143,-0.5714285714285714,26.0,17.9,1.3,0,14,1,1,0,-0.9928872135356962,-0.11905873003404988,0,2022
2022-09-25,mundhwa,0,0.0,1.0,14.1625,13.610119047619047,0.4083333333333333,85,85.57142857142857,0.14285714285714285,27.0,15.5,1.7,0,14,1,1,0,-0.994788305609327,-0.10196189005174576,0,2022
2022-09-26,mundhwa,0,0.0,1.0,21.645833333333332,14.322619047619046,0.7125000000000001,87,85.57142857142857,0.0,27.2,13.1,2.2,0,14,1,1,0,-0.9963950238187231,-0.08483487790576538,0,2022
2022-09-27,mundhwa,0,0.0,1.0,30.304166666666664,15.257142857142854,0.9345238095238094,85,85.71428571428571,0.14285714285714285,27.1,13.4,1.7,0,14,1,1,0,-0.9977068927101168,-0.06768276175455162,0,2022
2022-09-28,mundhwa,0,0.0,1.0,30.849999999999998,17.244642857142857,1.9874999999999996,87,85.28571428571429,-0.42857142857142855,27.9,16.0,1.3,0,14,1,1,0,-0.9987235240803972,-0.050510617185222886,0,2022
2022-09-29,mundhwa,0,0.0,1.0,27.983333333333334,19.202380952380953,1.9577380952380952,90,85.42857142857143,0.14285714285714285,28.0,14.6,6.8,0,14,1,1,0,-0.9994446170919858,-0.033323525711631344,0,2022
2022-09-30,mundhwa,0,0.0,1.0,38.05833333333333,21.004761904761903,1.8023809523809524,88,86.14285714285714,0.7142857142857143,28.9,20.6,9.8,0,14,1,1,0,-0.9998699583618592,-0.016126573270657762,0,2022
2022-10-01,mundhwa,0,0.0,1.0,39.43333333333333,24.65357142857143,3.6488095238095233,88,86.85714285714286,0.7142857142857143,28.9,21.1,3.1,0,14,1,1,0,-0.9999994220246925,0.001075151282798226,0,2022
2022-10-02,mundhwa,0,0.0,1.0,33.15833333333333,28.919642857142858,4.266071428571428,85,87.14285714285714,0.2857142857142857,28.0,14.4,1.1,0,14,1,1,0,-0.999832969770105,0.018276557681691223,0,2022
2022-10-03,mundhwa,0,0.0,1.0,30.3125,31.633333333333333,2.7136904761904757,82,87.14285714285714,0.0,27.8,11.5,0.4,1,14,1,1,0,-0.9993706508539969,0.03547255575312556,0,2022
2022-10-04,mundhwa,0,0.0,1.0,33.1625,32.87142857142857,1.2380952380952384,83,86.42857142857143,-0.7142857142857143,29.1,12.8,0.6,2,14,1,1,0,-0.9986126020839734,0.052658056924614005,0,2022
2022-10-05,mundhwa,0,0.0,1.0,34.2875,33.279761904761905,0.408333333333334,81,86.14285714285714,-0.2857142857142857,29.1,15.7,0.4,3,14,1,1,0,-0.9975590477788613,0.06982797572987089,0,2022
2022-10-06,mundhwa,0,0.0,1.0,26.045833333333334,33.770833333333336,0.4910714285714291,83,85.28571428571429,-0.8571428571428571,28.4,16.9,18.0,0,14,1,1,0,-0.9962102997023297,0.0869772313136861,0,2022
2022-10-07,mundhwa,0,0.0,1.0,8.479166666666666,33.49404761904761,-0.2767857142857143,88,84.28571428571429,-1.0,26.5,17.7,11.0,0,14,1,1,0,-0.9945667569706337,0.1041007489354256,0,2022
2022-10-08,mundhwa,0,0.0,1.0,11.529166666666667,29.26845238095238,-4.225595238095238,84,84.28571428571429,0.0,26.2,20.9,2.4,0,14,1,1,0,-0.9926289059345095,0.121193461470736,0,2022
2022-10-09,mundhwa,0,0.0,1.0,22.212500000000002,25.282142857142855,-3.986309523809523,81,83.71428571428571,-0.5714285714285714,29.6,13.7,0.0,1,14,1,1,0,-0.9903973200352558,0.1382503109109819,0,2022
2022-10-10,mundhwa,0,0.0,1.0,34.84583333333333,23.71845238095238,-1.5636904761904755,89,83.14285714285714,-0.5714285714285714,28.3,9.8,6.5,0,14,1,1,0,-0.9878726596350429,0.15526624985999563,0,2022
2022-10-11,mundhwa,0,0.0,1.0,18.979166666666668,24.366071428571427,0.6476190476190473,89,84.14285714285714,1.0,28.7,9.6,4.6,0,14,1,1,0,-0.9850556718215013,0.172236243027682,0,2022
2022-10-12,mundhwa,0,0.0,1.0,14.245833333333332,22.339880952380952,-2.026190476190476,90,85.0,0.8571428571428571,27.5,10.8,23.0,0,14,1,1,0,-0.981947190186646,0.18915526872004093,0,2022
2022-10-13,mundhwa,0,0.0,1.0,14.579166666666666,19.476785714285715,-2.8630952380952386,88,86.28571428571429,1.2857142857142858,27.7,15.1,7.4,0,14,1,1,0,-0.9785481345802031,0.20601832032517084,0,2022
2022-10-14,mundhwa,0,0.0,1.0,14.299999999999999,17.838690476190475,-1.6380952380952383,89,87.0,0.7142857142857143,27.5,17.7,19.7,0,14,1,1,0,-0.9748595108374125,0.22282040779479959,0,2022
2022-10-15,mundhwa,0,0.0,1.0,23.15416666666667,18.670238095238094,0.831547619047619,82,87.14285714285714,0.14285714285714285,27.9,18.4,0.1,1,14,1,1,0,-0.9708824104813836,0.23955655912092708,0,2022
2022-10-16,mundhwa,0,0.0,1.0,27.15833333333333,20.33095238095238,1.660714285714286,83,86.85714285714286,-0.2857142857142857,27.8,16.5,14.3,0,14,1,1,0,-0.9666180104000972,0.2562218218071163,0,2022
2022-10-17,mundhwa,0,0.0,1.0,12.512500000000001,21.037499999999998,0.7065476190476184,89,87.14285714285714,0.2857142857142857,28.2,15.3,20.1,0,14,1,1,0,-0.9620675724981452,0.27281126433401914,0,2022
2022-10-18,mundhwa,0,0.0,1.0,23.520833333333332,17.847023809523808,-3.19047619047619,90,87.14285714285714,0.0,27.5,7.6,12.6,0,14,1,1,0,-0.957232443323312,0.28931997761869527,0,2022
2022-10-19,mundhwa,0,0.0,1.0,29.145833333333332,18.495833333333334,0.6488095238095235,89,87.28571428571429,0.14285714285714285,27.5,10.8,3.4,0,14,1,1,0,-0.9521140536681102,0.3057430764672831,0,2022
2022-10-20,mundhwa,0,0.0,1.0,19.166666666666668,20.624404761904763,2.1285714285714286,87,87.14285714285714,-0.14285714285714285,27.5,11.1,1.4,0,14,1,1,0,-0.9467139181463862,0.3220757010206104,0,2022
2022-10-21,mundhwa,0,0.0,1.0,20.695833333333333,21.2797619047619,0.6553571428571432,89,87.0,-0.14285714285714285,26.7,14.1,1.9,0,14,1,1,0,-0.9410336347451197,0.3383130181923076,0,2022
2022-10-22,mundhwa,0,0.0,1.0,24.316666666666666,22.193452380952383,0.9136904761904763,78,87.0,0.0,27.5,16.1,0.0,1,14,1,1,0,-0.9350748843515574,0.3544502230989869,0,2022
2022-10-23,mundhwa,0,0.0,1.0,31.370833333333334,22.35952380952381,0.16607142857142826,69,86.42857142857143,-0.5714285714285714,27.0,13.6,0.0,2,14,1,1,0,-0.9288394302558068,0.3704825404820963,0,2022
2022-10-24,mundhwa,0,0.0,1.0,42.65833333333333,22.961309523809526,0.6017857142857146,62,84.42857142857143,-2.0,27.4,10.4,0.0,3,14,1,1,1,-0.9223291176290545,0.3864052261209853,0,2022
2022-10-25,mundhwa,0,0.0,1.0,50.40833333333333,27.267857142857142,4.306547619047619,64,80.57142857142857,-3.857142857142857,27.7,8.9,0.0,4,14,1,1,1,-0.9155458729775467,0.40221356823680365,0,2022
2022-10-26,mundhwa,0,0.0,1.0,53.44583333333333,31.10892857142857,3.8410714285714285,65,76.85714285714286,-3.7142857142857144,27.0,11.7,0.0,5,14,1,1,1,-0.9084917035725082,0.41790288888678667,0,2022
2022-10-27,mundhwa,0,0.0,1.0,40.44583333333333,34.580357142857146,3.4714285714285715,62,73.42857142857143,-3.4285714285714284,26.8,14.5,0.0,6,14,1,1,1,-0.9011686968561569,0.4334685453485363,0,2022
2022-10-28,mundhwa,0,0.0,1.0,39.612500000000004,37.6202380952381,3.039880952380952,60,69.85714285714286,-3.5714285714285716,26.6,17.5,0.0,7,14,1,1,1,-0.8935790198239952,0.4489059314938798,0,2022
2022-10-29,mundhwa,0,0.0,1.0,33.13333333333333,40.32261904761905,2.702380952380953,58,65.71428571428571,-4.142857142857143,27.3,16.6,0.0,8,14,1,1,1,-0.8857249183835637,0.4642104791518923,0,2022
2022-10-30,mundhwa,0,0.0,1.0,34.4375,41.58214285714286,1.2595238095238095,58,62.857142857142854,-2.857142857142857,27.3,17.3,0.0,9,14,1,1,1,-0.8776087166898392,0.4793776594606945,0,2022
2022-10-31,mundhwa,0,0.0,1.0,51.145833333333336,42.02023809523809,0.43809523809523804,56,61.285714285714285,-1.5714285714285714,26.9,13.6,0.0,10,14,1,1,0,-0.8692328164574792,0.49440298420761813,0,2022
2022-11-01,mundhwa,0,0.0,1.0,50.041666666666664,43.2327380952381,1.2125000000000006,61,60.42857142857143,-0.8571428571428571,27.0,14.2,0.0,11,14,1,1,0,-0.8605996962501181,0.5092820071573356,0,2022
2022-11-02,mundhwa,0,0.0,1.0,48.0875,43.18035714285715,-0.05238095238095245,65,60.0,-0.42857142857142855,28.3,13.8,0.0,12,14,1,1,0,-0.8517119107469189,0.5240103253675756,0,2022
2022-11-03,mundhwa,0,0.0,1.0,37.895833333333336,42.41488095238095,-0.7654761904761906,60,60.0,0.0,28.9,17.3,0.0,13,14,1,1,0,-0.8425720899866032,0.5385835804920232,0,2022
2022-11-04,mundhwa,0,0.0,1.0,35.63333333333333,42.05059523809524,-0.3642857142857139,61,59.714285714285715,-0.2857142857142857,28.8,15.5,0.0,14,14,1,1,0,-0.8331829385891785,0.5529974600700271,0,2022
2022-11-05,mundhwa,0,0.0,1.0,35.67916666666667,41.482142857142854,-0.5684523809523816,58,59.857142857142854,0.14285714285714285,28.9,12.4,0.0,15,14,1,1,0,-0.8235472349556007,0.5672476988027229,0,2022
2022-11-06,mundhwa,0,0.0,1.0,35.67916666666667,41.84583333333334,0.36369047619047634,53,59.857142857142854,0.0,29.2,12.4,0.0,16,14,1,1,0,-0.8136678304455991,0.5813300798152042,0,2022
2022-11-07,mundhwa,0,0.0,1.0,44.25416666666666,42.02321428571429,0.17738095238095244,53,59.142857142857146,-0.7142857142857143,29.1,9.2,0.0,17,14,1,1,0,-0.8035476485339116,0.5952404359043674,0,2022
2022-11-08,mundhwa,0,0.0,1.0,51.69583333333333,41.038690476190474,-0.9845238095238104,54,58.714285714285715,-0.42857142857142855,29.4,11.1,0.0,18,14,1,1,0,-0.7931896839451843,0.6089746507720486,0,2022
2022-11-09,mundhwa,0,0.0,1.0,49.99166666666667,41.275,0.23630952380952408,53,57.714285714285715,-1.0,29.2,12.1,0.0,19,14,1,1,0,-0.7825970017677834,0.6225286602431057,0,2022
2022-11-10,mundhwa,0,0.0,1.0,40.90833333333333,41.54702380952381,0.2720238095238098,50,56.0,-1.7142857142857142,28.7,19.6,0.0,20,14,1,1,0,-0.7717727365467836,0.6358984534680745,0,2022
2022-11-11,mundhwa,0,0.0,1.0,44.15833333333333,41.977380952380955,0.43035714285714227,54,54.57142857142857,-1.4285714285714286,29.0,21.3,0.0,21,14,1,1,0,-0.7607200913564104,0.6490800741100398,0,2022
2022-11-12,mundhwa,0,0.0,1.0,51.76666666666667,43.195238095238096,1.2178571428571427,59,53.57142857142857,-1.0,28.8,18.4,0.0,22,14,1,1,0,-0.7494423368521954,0.6620696215153815,0,2022
2022-11-13,mundhwa,0,0.0,1.0,58.52916666666667,45.49345238095238,2.2982142857142867,59,53.714285714285715,0.14285714285714285,28.9,15.5,0.0,23,14,1,1,0,-0.7379428103031386,0.6748632518680403,0,2022
2022-11-14,mundhwa,0,0.0,1.0,55.975,48.757738095238096,3.2642857142857147,62,54.57142857142857,0.8571428571428571,29.9,11.8,0.0,24,14,1,1,0,-0.7262249146041543,0.6874571793269664,0,2022
2022-11-15,mundhwa,0,0.0,1.0,61.07083333333333,50.432142857142864,1.6744047619047626,61,55.857142857142854,1.2857142857142858,29.4,7.6,0.0,25,14,1,1,0,-0.7142921172691032,0.699847677146407,0,2022
2022-11-16,mundhwa,0,0.0,1.0,56.55833333333334,51.77142857142858,1.3392857142857142,60,56.857142857142854,1.0,28.1,9.5,0.0,26,14,1,1,0,-0.7021479494046978,0.7120310787787131,0,2022
2022-11-17,mundhwa,0,0.0,1.0,50.074999999999996,52.709523809523816,0.9380952380952385,54,57.857142857142854,1.0,28.3,12.9,0.0,27,14,1,1,0,-0.6897960046655887,0.7240037789593305,0,2022
2022-11-18,mundhwa,0,0.0,1.0,41.4375,54.01904761904762,1.309523809523809,51,58.42857142857143,0.5714285714285714,27.5,13.9,0.0,28,14,1,1,0,-0.6772399381909491,0.7357622347736527,0,2022
2022-11-19,mundhwa,0,0.0,1.0,51.416666666666664,53.63035714285714,-0.3886904761904759,52,58.0,-0.42857142857142855,26.5,12.6,0.0,29,14,1,1,0,-0.6644834655228552,0.7473029667054296,0,2022
2022-11-20,mundhwa,0,0.0,1.0,44.94583333333333,53.580357142857146,-0.05000000000000122,51,57.0,-1.0,25.9,13.8,0.0,30,14,1,1,0,-0.6515303615068021,0.75862255966641,0,2022
2022-11-21,mundhwa,0,0.0,1.0,45.020833333333336,51.639880952380956,-1.940476190476191,50,55.857142857142854,-1.1428571428571428,26.2,10.9,0.0,31,14,1,1,0,-0.6383844591746642,0.7697176640069211,0,2022
2022-11-22,mundhwa,0,0.0,1.0,54.275,50.074999999999996,-1.5648809523809522,53,54.142857142857146,-1.7142857142857142,28.2,9.4,0.0,32,14,1,1,0,-0.6250496486104377,0.7805849965070866,0,2022
2022-11-23,mundhwa,0,0.0,1.0,55.74583333333334,49.104166666666664,-0.9708333333333334,57,53.0,-1.1428571428571428,29.0,12.6,0.0,33,14,1,1,0,-0.6115298757991053,0.7912213413483807,0,2022
2022-11-24,mundhwa,0,0.0,1.0,59.550000000000004,48.988095238095234,-0.11607142857142858,59,52.57142857142857,-0.42857142857142855,29.6,11.5,0.0,34,14,1,1,0,-0.5978291414589552,0.801623551065242,0,2022
2022-11-25,mundhwa,0,0.0,1.0,58.487500000000004,50.34166666666666,1.3535714285714298,62,53.285714285714285,0.7142857142857143,29.8,9.3,0.0,35,14,1,1,0,-0.5839514998576998,0.8117885474764613,0,2022
2022-11-26,mundhwa,0,0.0,1.0,74.425,52.77738095238095,2.4357142857142864,68,54.857142857142854,1.5714285714285714,29.7,10.9,0.0,36,14,1,1,0,-0.5699010576127624,0.8217133225960589,0,2022
2022-11-27,mundhwa,0,0.0,1.0,93.62916666666666,56.06428571428571,3.2869047619047618,70,57.142857142857146,2.2857142857142856,29.6,9.0,0.0,37,14,1,1,0,-0.5556819724760489,0.8313949395234058,0,2022
2022-11-28,mundhwa,0,0.0,1.0,61.90833333333333,63.01904761904762,6.954761904761904,67,59.857142857142854,2.7142857142857144,29.5,12.1,0.0,38,14,1,1,0,-0.5412984521036173,0.8408305333122887,0,2022
2022-11-29,mundhwa,0,0.0,1.0,54.54583333333333,65.43154761904762,2.412499999999999,59,62.285714285714285,2.4285714285714284,30.1,11.2,0.0,39,14,1,1,0,-0.5267547528105542,0.8500173118187018,0,2022
2022-11-30,mundhwa,0,0.0,1.0,51.800000000000004,65.4702380952381,0.03869047619047551,56,63.142857142857146,0.8571428571428571,29.0,9.7,0.0,40,14,1,1,0,-0.5120551783114646,0.8589525565270845,0,2022
2022-12-01,mundhwa,0,0.0,1.0,45.800000000000004,64.90654761904763,-0.5636904761904761,46,63.0,-0.14285714285714285,28.4,9.7,0.0,41,14,1,1,0,-0.4972040784469378,0.8676336233547726,0,2022
2022-12-02,mundhwa,0,0.0,1.0,66.075,62.94226190476191,-1.9642857142857142,54,61.142857142857146,-1.8571428571428572,29.7,11.9,0.0,42,14,1,1,0,-0.4822058478963526,0.8760579434344281,0,2022
2022-12-03,mundhwa,0,0.0,1.0,87.325,64.02619047619048,1.0839285714285711,60,60.0,-1.1428571428571428,30.2,8.2,0.0,43,14,1,1,0,-0.46706492487743034,0.8842230238742036,0,2022
2022-12-04,mundhwa,0,0.0,1.0,84.7625,65.86904761904762,1.8428571428571436,71,58.857142857142854,-1.1428571428571428,29.5,10.4,0.5,44,14,1,1,0,-0.451785789832884,0.8921264484954345,0,2022
2022-12-05,mundhwa,0,0.0,1.0,76.45833333333333,64.60238095238095,-1.2666666666666657,69,59.0,0.14285714285714285,29.3,10.0,0.0,45,14,1,1,0,-0.4363729641045924,0.8997658785476209,0,2022
2022-12-06,mundhwa,0,0.0,1.0,68.6125,66.68095238095239,2.0785714285714283,61,59.285714285714285,0.2857142857142857,29.6,11.8,0.0,46,14,1,1,0,-0.42083100859565564,0.9071390534005044,0,2022
2022-12-07,mundhwa,0,0.0,1.0,62.699999999999996,68.69047619047619,2.00952380952381,62,59.57142857142857,0.2857142857142857,29.6,10.4,0.0,47,14,1,1,0,-0.4051645224207563,0.9142437912130223,0,2022
2022-12-08,mundhwa,0,0.0,1.0,74.49166666666666,70.24761904761905,1.5571428571428558,63,60.42857142857143,0.8571428571428571,28.6,11.5,0.0,48,14,1,1,0,-0.3893781415452015,0.9210779895789526,0,2022
2022-12-09,mundhwa,0,0.0,1.0,38.46666666666667,74.34642857142856,4.098809523809522,47,62.857142857142854,2.4285714285714284,27.2,15.8,0.0,49,14,1,1,0,-0.37347653741307074,0.9276396261490467,0,2022
2022-12-10,mundhwa,0,0.0,1.0,34.920833333333334,70.40238095238095,-3.9440476190476192,45,61.857142857142854,-1.0,28.3,10.0,0.0,50,14,1,1,0,-0.3574644155648614,0.9339267592294762,0,2022
2022-12-11,mundhwa,0,0.0,1.0,35.270833333333336,62.916071428571435,-7.486309523809524,61,59.714285714285715,-2.142857142857143,29.0,11.3,0.0,51,14,1,1,0,-0.34134651424503615,0.9399375283564133,0,2022
2022-12-12,mundhwa,0,0.0,1.0,22.233333333333334,55.845833333333324,-7.070238095238095,76,58.285714285714285,-1.4285714285714286,28.0,17.0,0.1,52,14,1,1,0,-0.3251276029999093,0.9456701548465688,0,2022
2022-12-13,mundhwa,0,0.0,1.0,12.0625,48.09940476190476,-7.746428571428571,76,59.285714285714285,1.0,27.6,22.2,0.0,53,14,1,1,0,-0.30881248126625377,0.9511229423235357,0,2022
2022-12-14,mundhwa,0,0.0,1.0,0.8083333333333332,40.020833333333336,-8.078571428571427,70,61.42857142857143,2.142857142857143,29.3,18.4,0.0,54,14,1,1,0,-0.29240597695107734,0.9562942772197719,0,2022
2022-12-15,mundhwa,0,0.0,1.0,0.7166666666666667,31.17916666666667,-8.841666666666667,68,62.57142857142857,1.1428571428571428,29.0,14.0,0.3,55,14,1,1,0,-0.27591294500296043,0.9611826292540837,0,2022
2022-12-16,mundhwa,0,0.0,1.0,21.8875,20.639880952380956,-10.539285714285713,64,63.285714285714285,0.7142857142857143,30.6,9.9,0.0,56,14,1,1,0,-0.2593382659754056,0.9657865518844574,0,2022
2022-12-17,mundhwa,0,0.0,1.0,35.5625,18.271428571428572,-2.368452380952381,62,65.71428571428571,2.4285714285714284,29.6,12.7,0.0,57,14,1,1,0,-0.2426868445825954,0.9701046827361175,0,2022
2022-12-18,mundhwa,0,0.0,1.0,32.949999999999996,18.36309523809524,0.09166666666666654,60,68.14285714285714,2.4285714285714284,30.1,11.6,0.0,58,14,1,1,0,-0.22596360824801906,0.974135744004672,0,2022
2022-12-19,mundhwa,0,0.0,1.0,26.849999999999998,18.03154761904762,-0.33154761904762,55,68.0,-0.14285714285714285,29.1,10.1,0.0,59,14,1,1,0,-0.20917350564635637,0.9778785428342386,0,2022
2022-12-20,mundhwa,0,0.0,1.0,34.34166666666667,18.69107142857143,0.6595238095238091,49,65.0,-3.0,29.6,10.8,0.0,60,14,1,1,0,-0.19232150523909483,0.9813319716704275,0,2022
2022-12-21,mundhwa,0,0.0,1.0,43.37083333333334,21.873809523809523,3.1827380952380957,47,61.142857142857146,-3.857142857142857,30.3,8.4,0.0,61,14,1,1,0,-0.17541259380427843,0.9844950085880858,0,2022
2022-12-22,mundhwa,0,0.0,1.0,52.48333333333333,27.95416666666667,6.080357142857144,53,57.857142857142854,-3.2857142857142856,30.2,7.8,0.0,62,14,1,1,0,-0.15845177496083632,0.9873667175937016,0,2022
2022-12-23,mundhwa,0,0.0,1.0,61.0,35.34940476190476,7.395238095238094,56,55.714285714285715,-2.142857142857143,30.2,11.1,0.0,63,14,1,1,0,-0.14144406768794202,0.9899462489023779,0,2022
2022-12-24,mundhwa,0,0.0,1.0,55.17083333333333,40.93690476190476,5.5874999999999995,52,54.57142857142857,-1.1428571428571428,30.0,10.9,0.0,64,14,1,1,0,-0.12439450483979998,0.9922328391893008,0,2022
2022-12-25,mundhwa,0,0.0,1.0,51.99583333333334,43.73809523809524,2.801190476190475,49,53.142857142857146,-1.4285714285714286,29.8,12.1,0.0,65,14,1,1,0,-0.10730813165636247,0.9942258118156161,0,2022
2022-12-26,mundhwa,0,0.0,1.0,54.166666666666664,46.45892857142858,2.7208333333333345,57,51.57142857142857,-1.5714285714285714,29.8,11.1,0.0,66,14,1,1,0,-0.09019000427034513,0.9959245770286599,0,2022
2022-12-27,mundhwa,0,0.0,1.0,52.833333333333336,50.36130952380952,3.9023809523809523,60,51.857142857142854,0.2857142857142857,30.4,8.3,0.0,67,14,1,1,0,-0.07304518821104743,0.9973286321364752,0,2022
2022-12-28,mundhwa,0,0.0,1.0,53.11666666666667,53.0029761904762,2.6416666666666666,56,53.42857142857143,1.5714285714285714,30.5,13.4,0.0,68,14,1,1,0,-0.05587875690537313,0.9984375616565666,0,2022
2022-12-29,mundhwa,0,0.0,1.0,51.699999999999996,54.39523809523809,1.3922619047619043,55,54.714285714285715,1.2857142857142858,30.1,10.2,0.0,69,14,1,1,0,-0.03869579017652689,0.9992510374388481,0,2022
2022-12-30,mundhwa,0,0.0,1.0,56.050000000000004,54.28333333333334,-0.11190476190476163,50,55.0,0.2857142857142857,30.0,9.4,0.0,70,14,1,1,0,-0.021501372740813793,0.999768818762748,0,2022
2022-12-31,mundhwa,0,0.0,1.0,59.05416666666667,53.57619047619048,-0.7071428571428565,54,54.142857142857146,-0.8571428571428571,29.9,13.8,0.0,71,14,1,1,0,-0.004300592702981974,0.9999907524084426,0,2022
2023-01-01,mundhwa,0,0.0,1.0,58.13333333333333,54.13095238095237,0.5547619047619057,56,54.42857142857143,0.2857142857142857,29.9,9.3,0.0,72,14,1,1,0,0.017201575418260506,0.9998520419557735,0,2023
2023-01-02,mundhwa,0,0.0,1.0,50.59166666666667,55.007738095238096,0.8767857142857137,49,55.42857142857143,1.0,29.8,8.4,0.0,73,14,1,1,0,0.03439806061360801,0.9994082116062598,0,2023
2023-01-03,mundhwa,0,0.0,1.0,58.958333333333336,54.49702380952381,-0.5107142857142851,51,54.285714285714285,-1.1428571428571428,29.9,12.7,0.0,74,14,1,1,0,0.051584366869408364,0.9986686402879997,0,2023
2023-01-04,mundhwa,0,0.0,1.0,62.375,55.3720238095238,0.875,62,53.0,-1.2857142857142858,29.4,8.7,0.0,75,14,1,1,0,0.06875540848113941,0.9976335468520451,0,2023
2023-01-05,mundhwa,0,0.0,1.0,59.4125,56.69464285714285,1.3226190476190476,62,53.857142857142854,0.8571428571428571,29.3,12.9,0.0,76,14,1,1,0,0.08590610426133272,0.9963032375991965,0,2023
2023-01-06,mundhwa,0,0.0,1.0,41.170833333333334,57.79642857142857,1.101785714285715,61,54.857142857142854,1.0,28.5,17.4,0.0,77,14,1,1,0,0.10303137904317879,0.9946781061893646,0,2023
2023-01-07,mundhwa,0,0.0,1.0,86.4375,55.670833333333334,-2.1255952380952388,67,56.42857142857143,1.5714285714285714,27.8,15.8,0.0,78,14,1,1,0,0.1201261651823505,0.9927586335250793,0,2023
2023-01-08,mundhwa,0,0.0,1.0,59.5875,59.58273809523809,3.9119047619047618,58,58.285714285714285,1.8571428571428572,27.2,10.4,0.0,79,14,1,1,0,0.13718540405660057,0.9905453876091833,0,2023
2023-01-09,mundhwa,0,0.0,1.0,35.449999999999996,59.790476190476184,0.2077380952380951,41,58.57142857142857,0.2857142857142857,27.2,10.0,0.0,80,14,1,1,0,0.1542040475626894,0.988039023376751,0,2023
2023-01-10,mundhwa,0,0.0,1.0,39.84166666666667,57.62738095238095,-2.163095238095239,35,57.42857142857143,-1.1428571428571428,28.2,10.7,0.0,81,14,1,1,0,0.17117705961019986,0.985240282501282,0,2023
2023-01-11,mundhwa,0,0.0,1.0,48.0,54.896428571428565,-2.730952380952381,41,55.142857142857146,-2.2857142857142856,29.6,11.8,0.0,82,14,1,1,0,0.18809941761179758,0.9821499931752291,0,2023
2023-01-12,mundhwa,0,0.0,1.0,55.55833333333334,52.84285714285714,-2.0535714285714284,43,52.142857142857146,-3.0,29.3,12.7,0.0,83,14,1,1,0,0.20496611396949532,0.9787690698649216,0,2023
2023-01-13,mundhwa,0,0.0,1.0,43.36666666666667,52.29226190476191,-0.5505952380952378,62,49.42857142857143,-2.7142857142857144,28.6,12.7,0.0,84,14,1,1,0,0.22177215755648186,0.975098513039961,0,2023
2023-01-14,mundhwa,0,0.0,1.0,52.637499999999996,52.60595238095238,0.31369047619047613,67,49.57142857142857,0.14285714285714285,29.7,14.2,0.0,85,14,1,1,0,0.23851257519407648,0.9711394088771653,0,2023
2023-01-15,mundhwa,0,0.0,1.0,55.9375,47.77738095238095,-4.828571428571429,57,49.57142857142857,0.0,30.4,12.4,0.0,86,14,1,1,0,0.2551824131233728,0.9668929289391521,0,2023
2023-01-16,mundhwa,0,0.0,1.0,54.625,47.25595238095239,-0.5214285714285712,55,49.42857142857143,-0.14285714285714285,30.6,15.8,0.0,87,14,1,1,0,0.2717767384711357,0.9623603298276545,0,2023
2023-01-17,mundhwa,0,0.0,1.0,63.550000000000004,49.9952380952381,2.7392857142857148,56,51.42857142857143,2.0,30.4,10.8,0.0,88,14,1,1,0,0.2882906407095177,0.9575429528116719,0,2023
2023-01-18,mundhwa,0,0.0,1.0,66.97500000000001,53.38214285714286,3.3869047619047623,48,54.42857142857143,3.0,30.2,10.9,0.0,89,14,1,1,0,0.3047192331091634,0.9524422234305676,0,2023
2023-01-19,mundhwa,0,0.0,1.0,80.1875,56.09285714285714,2.7107142857142867,45,55.42857142857143,1.0,30.6,13.4,0.0,90,14,1,1,0,0.321057654185271,0.9470596510722283,0,2023
2023-01-20,mundhwa,0,0.0,1.0,78.58333333333333,59.61130952380953,3.51845238095238,46,55.714285714285715,0.2857142857142857,30.2,11.9,0.0,91,14,1,1,0,0.3373010691361842,0.9413968285264122,0,2023
2023-01-21,mundhwa,0,0.0,1.0,62.708333333333336,64.64226190476191,5.03095238095238,48,53.42857142857143,-2.2857142857142856,29.4,11.7,0.0,92,14,1,1,0,0.3534446712740877,0.9354554315134164,0,2023
2023-01-22,mundhwa,0,0.0,1.0,58.574999999999996,66.08095238095238,1.438690476190477,48,50.714285714285715,-2.7142857142857144,29.6,15.9,0.0,93,14,1,1,0,0.3694836834473831,0.9292372181882051,0,2023
2023-01-23,mundhwa,0,0.0,1.0,57.03333333333333,66.4577380952381,0.37678571428571367,52,49.42857142857143,-1.2857142857142858,29.5,12.1,0.0,94,14,1,1,0,0.38541335945432564,0.9227440286201427,0,2023
2023-01-24,mundhwa,0,0.0,1.0,65.9625,66.80178571428571,0.34404761904761877,61,49.0,-0.42857142857142855,30.2,16.4,0.0,95,14,1,1,0,0.4012289854475009,0.9159777842484877,0,2023
2023-01-25,mundhwa,0,0.0,1.0,72.94166666666666,67.14642857142857,0.34464285714285736,60,49.714285714285715,0.7142857142857143,29.5,13.8,0.2,96,14,1,1,0,0.4169258813287287,0.908940487313808,0,2023
2023-01-26,mundhwa,0,0.0,1.0,64.54166666666667,67.99880952380951,0.8523809523809506,58,51.42857142857143,1.7142857142857142,29.5,12.9,0.5,97,14,1,1,0,0.4324994021339788,0.901634220265486,0,2023
2023-01-27,mundhwa,0,0.0,1.0,45.104166666666664,65.76369047619048,-2.235119047619047,52,53.285714285714285,1.8571428571428572,31.0,14.6,0.0,98,14,1,1,0,0.44794493940789115,0.8940611451454876,0,2023
2023-01-28,mundhwa,0,0.0,1.0,32.329166666666666,60.98095238095238,-4.782738095238095,42,54.142857142857146,0.8571428571428571,30.9,16.2,0.0,99,14,1,1,0,0.4632579225674917,0.88622350294858,0,2023
2023-01-29,mundhwa,0,0.0,1.0,48.62916666666666,56.64107142857143,-4.339880952380953,62,53.285714285714285,-0.8571428571428571,30.9,15.9,0.0,100,14,1,1,0,0.4784338202547012,0.8781236129591848,0,2023
2023-01-30,mundhwa,0,0.0,1.0,48.137499999999996,55.220238095238095,-1.4208333333333332,65,55.285714285714285,2.0,30.3,9.3,0.0,101,14,1,1,0,0.49346814167723735,0.8697638720650646,0,2023
2023-01-31,mundhwa,0,0.0,1.0,50.354166666666664,53.94940476190476,-1.2708333333333337,58,57.142857142857146,1.8571428571428572,29.8,15.6,0.0,102,14,1,1,0,0.5083564379375122,0.8611467540480452,0,2023
2023-02-01,mundhwa,0,0.0,1.0,54.44583333333333,51.71964285714286,-2.2297619047619057,58,56.714285714285715,-0.42857142857142855,28.8,16.7,0.1,103,14,1,1,0,0.5230943033491326,0.8522748088519838,0,2023
2023-02-02,mundhwa,0,0.0,1.0,50.00833333333333,49.077380952380956,-2.6422619047619045,55,56.42857142857143,-0.2857142857142857,29.8,16.9,0.0,104,14,1,1,0,0.5376773767406141,0.8431506618282,0,2023
2023-02-03,mundhwa,0,0.0,1.0,38.0625,47.00119047619047,-2.076190476190477,43,56.0,-0.42857142857142855,29.5,13.0,0.0,105,14,1,1,0,0.5521013427459208,0.8337770129585915,0,2023
2023-02-04,mundhwa,0,0.0,1.0,42.18333333333333,45.99523809523809,-1.0059523809523807,40,54.714285714285715,-1.2857142857142858,30.8,8.8,0.0,106,14,1,1,0,0.5663619330814524,0.8241566360566663,0,2023
2023-02-05,mundhwa,0,0.0,1.0,48.30833333333334,47.40297619047619,1.407738095238095,39,54.42857142857143,-0.2857142857142857,31.3,8.0,0.0,107,14,1,1,0,0.580454927809098,0.8142923779467267,0,2023
2023-02-06,mundhwa,0,0.0,1.0,64.11666666666666,47.357142857142854,-0.04583333333333225,41,51.142857142857146,-3.2857142857142856,32.3,14.8,0.0,108,14,1,1,0,0.5943761565849831,0.804187157621448,0,2023
2023-02-07,mundhwa,0,0.0,1.0,58.708333333333336,49.63988095238095,2.282738095238095,42,47.714285714285715,-3.4285714285714284,31.6,10.0,0.0,109,14,1,1,0,0.6081214998935418,0.7938439653781019,0,2023
2023-02-08,mundhwa,0,0.0,1.0,48.51666666666667,50.83333333333333,1.1934523809523816,40,45.42857142857143,-2.2857142857142856,32.2,10.1,0.0,110,14,1,1,0,0.6216868902665479,0.7832658619336791,0,2023
2023-02-09,mundhwa,0,0.0,1.0,34.87083333333333,49.98630952380952,-0.8470238095238086,37,42.857142857142854,-2.5714285714285716,33.1,10.1,0.0,111,14,1,1,0,0.6350683134867438,0.7724559775191742,0,2023
2023-02-10,mundhwa,0,0.0,1.0,49.49166666666667,47.82380952380952,-2.1625000000000005,30,40.285714285714285,-2.5714285714285716,33.4,8.5,0.0,112,14,1,1,0,0.6482618097757122,0.7614175109532997,0,2023
2023-02-11,mundhwa,0,0.0,1.0,46.00833333333333,49.45654761904762,1.6327380952380952,29,38.42857142857143,-1.8571428571428572,33.6,12.7,0.0,113,14,1,1,0,0.6612634749656386,0.7501537286959042,0,2023
2023-02-12,mundhwa,0,0.0,1.0,31.108333333333334,50.00297619047619,0.5464285714285718,28,36.857142857142854,-1.5714285714285714,33.5,13.9,0.0,114,14,1,1,0,0.6740694616546161,0.7386679638813748,0,2023
2023-02-13,mundhwa,0,0.0,1.0,18.841666666666665,47.545833333333334,-2.4571428571428577,32,35.285714285714285,-1.5714285714285714,32.3,15.5,0.0,115,14,1,1,0,0.6866759803451553,0.726963615332308,0,2023
2023-02-14,mundhwa,0,0.0,1.0,25.21666666666667,41.077976190476186,-6.467857142857142,28,34.0,-1.2857142857142858,32.2,11.4,0.0,116,14,1,1,0,0.6990793005655562,0.7150441465537444,0,2023
2023-02-15,mundhwa,0,0.0,1.0,24.620833333333334,36.29345238095238,-4.78452380952381,22,32.0,-2.0,33.0,12.4,0.0,117,14,1,1,0,0.7112757519738152,0.7029130847082615,0,2023
2023-02-16,mundhwa,0,0.0,1.0,19.895833333333332,32.87976190476191,-3.413690476190477,24,29.428571428571427,-2.5714285714285716,34.4,19.1,0.0,118,14,1,1,0,0.7232617254437388,0.6905740195722293,0,2023
2023-02-17,mundhwa,0,0.0,1.0,24.045833333333334,30.74047619047619,-2.139285714285714,25,27.571428571428573,-1.8571428571428572,34.3,15.1,0.0,119,14,1,1,0,0.7350336741329413,0.6780306024735382,0,2023
2023-02-18,mundhwa,0,0.0,1.0,21.900000000000002,27.105357142857144,-3.6351190476190474,23,26.857142857142858,-0.7142857142857143,33.6,13.1,0.0,120,14,1,1,0,0.746588114532413,0.6652865452111116,0,2023
2023-02-19,mundhwa,0,0.0,1.0,27.59166666666667,23.661309523809525,-3.444047619047619,26,26.0,-0.8571428571428571,33.2,15.5,0.0,121,14,1,1,0,0.7579216274973472,0.6523456189565257,0,2023
2023-02-20,mundhwa,0,0.0,1.0,38.9,23.15892857142857,-0.5023809523809523,30,25.714285714285715,-0.2857142857142857,34.3,13.2,0.0,122,14,1,1,0,0.7690308592589181,0.6392116531380588,0,2023
2023-02-21,mundhwa,0,0.0,1.0,66.77083333333333,26.02440476190476,2.8654761904761905,32,25.428571428571427,-0.2857142857142857,34.5,11.2,0.0,123,14,1,1,0,0.7799125224167177,0.6258885343075018,0,2023
2023-02-22,mundhwa,0,0.0,1.0,44.012499999999996,31.960714285714285,5.9363095238095225,29,26.0,0.5714285714285714,34.5,10.3,0.0,124,14,1,1,0,0.7905633969115482,0.612380204990065,0,2023
2023-02-23,mundhwa,0,0.0,1.0,42.800000000000004,34.73095238095238,2.7702380952380947,28,27.0,1.0,34.6,11.4,0.0,125,14,1,1,0,0.8009803309782905,0.5986906625177214,0,2023
2023-02-24,mundhwa,0,0.0,1.0,46.1625,38.0029761904762,3.27202380952381,24,27.571428571428573,0.5714285714285714,34.2,12.5,0.0,126,14,1,1,0,0.8111602420785621,0.5848239578463322,0,2023
2023-02-25,mundhwa,0,0.0,1.0,48.06666666666666,41.1625,3.1595238095238094,23,27.428571428571427,-0.14285714285714285,34.0,11.5,0.0,127,14,1,1,0,0.8211001178128892,0.5707841943569036,0,2023
2023-02-26,mundhwa,0,0.0,1.0,41.625,44.90059523809524,3.7380952380952372,24,27.428571428571427,0.0,34.2,10.5,0.0,128,14,1,1,0,0.8307970168121247,0.5565755266413303,0,2023
2023-02-27,mundhwa,0,0.0,1.0,46.12916666666666,46.90535714285714,2.0047619047619043,24,27.142857142857142,-0.2857142857142857,34.8,19.1,0.0,129,14,1,1,0,0.8402480696078469,0.5422021592729844,0,2023
2023-02-28,mundhwa,0,0.0,1.0,55.78333333333333,47.93809523809524,1.032738095238095,25,26.285714285714285,-0.8571428571428571,34.3,12.3,0.0,130,14,1,1,0,0.8494504794814806,0.527668345562516,0,2023
2023-03-01,mundhwa,0,0.0,1.0,56.12916666666666,46.368452380952384,-1.5696428571428567,25,25.285714285714285,-1.0,34.0,18.4,0.0,131,14,1,1,0,0.8584015232918917,0.512978386299228,0,2023
2023-03-02,mundhwa,0,0.0,1.0,48.1,48.09940476190476,1.730952380952381,28,24.714285714285715,-0.5714285714285714,34.1,14.9,0.0,132,14,1,1,0,0.8670985522812081,0.4981366284784055,0,2023
2023-03-03,mundhwa,0,0.0,1.0,52.42083333333333,48.85654761904762,0.7571428571428568,29,24.714285714285715,0.0,34.5,18.6,0.0,133,14,1,1,0,0.8755389928586302,0.4831474640149687,0,2023
2023-03-04,mundhwa,0,0.0,1.0,66.20833333333333,49.75059523809524,0.894047619047618,28,25.428571428571427,0.7142857142857143,35.5,13.6,0.0,134,14,1,1,0,0.8837203473619977,0.4680153284438345,0,2023
2023-03-05,mundhwa,0,0.0,1.0,74.05833333333334,52.342261904761905,2.5916666666666663,30,26.142857142857142,0.7142857142857143,35.8,11.5,0.0,135,14,1,1,0,0.8916401947968874,0.45274469960737107,0,2023
2023-03-06,mundhwa,0,0.0,1.0,50.88333333333333,56.97559523809524,4.633333333333334,42,27.0,0.8571428571428571,34.1,18.6,1.7,0,14,1,1,0,0.8992961915530253,0.4373400963303323,0,2023
2023-03-07,mundhwa,0,0.0,1.0,50.354166666666664,57.654761904761905,0.6791666666666671,51,29.571428571428573,2.5714285714285716,29.2,15.3,0.3,1,14,1,1,1,0.9066860720977985,0.4218060770826634,0,2023
2023-03-08,mundhwa,0,0.0,1.0,46.85,56.87916666666666,-0.7755952380952381,42,33.285714285714285,3.7142857142857144,32.2,13.5,0.0,2,14,1,1,1,0.9138076496466615,0.4061472386305789,0,2023
2023-03-09,mundhwa,0,0.0,1.0,39.574999999999996,55.55357142857142,-1.3255952380952374,33,35.714285714285715,2.4285714285714284,32.5,14.4,0.0,3,14,1,1,1,0.9206588168102428,0.3903682146763026,0,2023
2023-03-10,mundhwa,0,0.0,1.0,49.10833333333333,54.33571428571429,-1.2178571428571436,32,36.42857142857143,0.7142857142857143,33.2,12.9,0.0,4,14,1,1,1,0.9272375462179537,0.374473674486883,0,2023
2023-03-11,mundhwa,0,0.0,1.0,43.56666666666666,53.8625,-0.4732142857142857,31,36.857142857142854,0.42857142857142855,33.8,16.2,0.0,5,14,1,1,1,0.9335418911179212,0.35846832151248087,0,2023
2023-03-12,mundhwa,0,0.0,1.0,62.416666666666664,50.62797619047619,-3.2345238095238096,32,37.285714285714285,0.42857142857142855,34.3,16.9,0.0,6,14,1,1,1,0.9395699859530622,0.342356891994542,0,2023
2023-03-13,mundhwa,0,0.0,1.0,52.9625,48.96488095238095,-1.663095238095239,36,37.57142857142857,0.2857142857142857,34.5,15.0,0.0,7,14,1,1,1,0.945320046913132,0.3261441535642696,0,2023
2023-03-14,mundhwa,0,0.0,1.0,62.22083333333333,49.26190476190476,0.2970238095238094,37,36.714285714285715,-0.8571428571428571,34.9,18.3,0.0,8,14,1,1,0,0.9507903724625832,0.3098349038318025,0,2023
2023-03-15,mundhwa,0,0.0,1.0,59.416666666666664,50.957142857142856,1.6952380952380952,39,34.714285714285715,-2.0,32.4,16.9,0.0,9,14,1,1,0,0.9559793438440766,0.2934339689665273,0,2023
2023-03-16,mundhwa,0,0.0,1.0,58.020833333333336,52.75238095238095,1.7952380952380946,64,34.285714285714285,-0.42857142857142855,31.8,14.3,9.2,0,14,1,1,0,0.9608854255574977,0.27694620226893646,0,2023
2023-03-17,mundhwa,0,0.0,1.0,58.07083333333333,55.387499999999996,2.6351190476190487,62,38.714285714285715,4.428571428571429,30.9,18.7,0.1,1,14,1,1,0,0.9655071658143364,0.2603764827344581,0,2023
2023-03-18,mundhwa,0,0.0,1.0,59.449999999999996,56.667857142857144,1.2803571428571436,58,43.0,4.285714285714286,30.7,16.9,0.0,2,14,1,1,0,0.969843196967294,0.24372971360968387,0,2023
2023-03-19,mundhwa,0,0.0,1.0,41.237500000000004,58.93690476190476,2.269047619047619,58,46.857142857142854,3.857142857142857,30.9,21.3,0.0,3,14,1,1,0,0.9738922359149924,0.22701082094141847,0,2023
2023-03-20,mundhwa,0,0.0,1.0,20.104166666666668,55.91130952380952,-3.0255952380952373,58,50.57142857142857,3.7142857142857144,30.0,18.5,0.0,4,14,1,1,0,0.9776530844816641,0.2102247521189836,0,2023
2023-03-21,mundhwa,0,0.0,1.0,18.775000000000002,51.217261904761905,-4.694047619047619,59,53.714285714285715,3.142857142857143,30.1,18.0,1.0,0,14,1,1,0,0.981124629771712,0.19337647441020586,0,2023
2023-03-22,mundhwa,0,0.0,1.0,23.1875,45.010714285714286,-6.206547619047618,59,56.857142857142854,3.142857142857143,30.2,18.1,0.0,1,14,1,1,0,0.984305844499033,0.17647097349152166,0,2023
2023-03-23,mundhwa,0,0.0,1.0,25.974999999999998,39.83511904761905,-5.175595238095238,61,59.714285714285715,2.857142857142857,31.2,18.2,0.0,2,14,1,1,0,0.9871957872910085,0.15951325197263655,0,2023
2023-03-24,mundhwa,0,0.0,1.0,24.766666666666666,35.25714285714286,-4.577976190476191,54,59.285714285714285,-0.42857142857142855,33.1,19.3,0.0,3,14,1,1,0,0.9897936029670716,0.14250832791617088,0,2023
2023-03-25,mundhwa,0,0.0,1.0,25.0,30.499404761904763,-4.757738095238095,51,58.142857142857146,-1.1428571428571428,33.5,18.3,0.0,4,14,1,1,0,0.992098522791769,0.12546123335273648,0,2023
2023-03-26,mundhwa,0,0.0,1.0,31.6375,25.57797619047619,-4.921428571428571,48,57.142857142857146,-1.0,32.9,17.6,0.0,5,14,1,1,0,0.9941098647022418,0.10837701279187609,0,2023
2023-03-27,mundhwa,0,0.0,1.0,34.25,24.206547619047623,-1.371428571428572,55,55.714285714285715,-1.4285714285714286,33.3,15.5,0.0,6,14,1,1,0,0.9958270335100595,0.09126072172931188,0,2023
2023-03-28,mundhwa,0,0.0,1.0,38.204166666666666,26.22738095238095,2.020833333333333,53,55.285714285714285,-0.42857142857142855,33.7,15.1,0.0,7,14,1,1,0,0.9972495210773451,0.07411742515094437,0,2023
2023-03-29,mundhwa,0,0.0,1.0,39.87083333333333,29.002976190476186,2.775595238095238,52,54.42857142857143,-0.8571428571428571,34.9,19.4,0.0,8,14,1,1,0,0.998376906467142,0.056952196034039754,0,2023
2023-03-30,mundhwa,0,0.0,1.0,26.983333333333334,31.386309523809523,2.383333333333333,59,53.42857142857143,-1.0,32.4,18.6,0.0,9,14,1,1,0,0.9992088560679753,0.03977011384605572,0,2023
2023-03-31,mundhwa,0,0.0,1.0,20.783333333333335,31.530357142857138,0.14404761904761948,64,53.142857142857146,-0.2857142857142857,30.8,18.9,0.0,10,14,1,1,0,0.9997451236925734,0.022576263041545485,0,2023
2023-04-01,mundhwa,0,0.0,1.0,27.129166666666666,30.961309523809526,-0.5690476190476187,55,54.57142857142857,1.4285714285714286,33.2,16.8,0.0,11,14,1,1,0,0.9999855506507186,0.005375731557583884,0,2023
2023-04-02,mundhwa,0,0.0,1.0,28.895833333333332,31.265476190476193,0.30416666666666664,60,55.142857142857146,0.5714285714285714,33.4,19.0,0.0,12,14,1,1,0,0.9999300657962057,-0.011826390691832589,0,2023
2023-04-03,mundhwa,0,0.0,1.0,29.616666666666664,30.87380952380952,-0.3916666666666667,62,56.857142857142854,1.7142857142857142,34.1,17.9,0.0,13,14,1,1,0,0.9995786855478958,-0.029025013321975237,0,2023
2023-04-04,mundhwa,0,0.0,1.0,32.354166666666664,30.21190476190476,-0.6619047619047623,57,57.857142857142854,1.0,35.6,22.0,0.0,14,14,1,1,0,0.9989315138848577,-0.046215046983708354,0,2023
2023-04-05,mundhwa,0,0.0,1.0,37.550000000000004,29.376190476190477,-0.835714285714286,49,58.42857142857143,0.5714285714285714,35.7,19.8,0.0,15,14,1,1,0,0.9979887423155984,-0.06339140486951038,0,2023
2023-04-06,mundhwa,0,0.0,1.0,33.324999999999996,29.044642857142858,-0.331547619047618,37,58.0,-0.42857142857142855,35.6,16.5,0.0,16,14,1,1,0,0.9967506498213929,-0.08054900421874167,0,2023
2023-04-07,mundhwa,0,0.0,1.0,38.43333333333333,29.950595238095236,0.9059523809523802,45,54.857142857142854,-3.142857142857143,35.6,18.0,3.7,0,14,1,1,0,0.9952176027737294,-0.09768276782171598,0,2023
2023-04-08,mundhwa,0,0.0,1.0,39.512499999999996,32.472023809523805,2.521428571428571,61,52.142857142857146,-2.7142857142857144,32.4,21.9,1.3,0,14,1,1,0,0.9933900548258936,-0.11478762552212701,0,2023
2023-04-09,mundhwa,0,0.0,1.0,40.7875,34.24107142857142,1.7690476190476185,60,53.0,0.8571428571428571,35.2,19.6,7.6,0,14,1,1,0,0.9912685467787256,-0.13185851571739118,0,2023
2023-04-10,mundhwa,0,0.0,1.0,36.49583333333333,35.93988095238095,1.6988095238095242,50,53.0,0.0,34.5,14.3,0.0,1,14,1,1,0,0.9888537064205885,-0.1488903868564548,0,2023
2023-04-11,mundhwa,0,0.0,1.0,38.9375,36.922619047619044,0.9827380952380952,45,51.285714285714285,-1.7142857142857142,36.3,21.1,0.0,2,14,1,1,0,0.986146248341595,-0.16587819893463143,0,2023
2023-04-12,mundhwa,0,0.0,1.0,37.166666666666664,37.86309523809524,0.9404761904761908,39,49.57142857142857,-1.7142857142857142,35.8,12.3,0.0,3,14,1,1,0,0.9831469737221499,-0.1828169249850199,0,2023
2023-04-13,mundhwa,0,0.0,1.0,37.291666666666664,37.80833333333333,-0.05476190476190571,33,48.142857142857146,-1.4285714285714286,37.1,15.4,0.6,4,14,1,1,0,0.9798567700958665,-0.1997015525660636,0,2023
2023-04-14,mundhwa,0,0.0,1.0,57.145833333333336,38.375,0.566666666666667,35,47.57142857142857,-0.5714285714285714,36.3,15.5,0.0,5,14,1,1,0,0.9762766110869321,-0.21652708524481437,0,2023
2023-04-15,mundhwa,0,0.0,1.0,60.762499999999996,41.04821428571428,2.6732142857142867,46,46.142857142857146,-1.4285714285714286,35.5,30.4,0.0,6,14,1,1,0,0.9724075561219968,-0.23328854407545518,0,2023
2023-04-16,mundhwa,0,0.0,1.0,59.458333333333336,44.083928571428565,3.0357142857142856,48,44.0,-2.142857142857143,36.4,26.2,0.2,7,14,1,1,0,0.9682507501166718,-0.2499809690726521,0,2023
2023-04-17,mundhwa,0,0.0,1.0,51.854166666666664,46.75119047619047,2.667261904761905,41,42.285714285714285,-1.7142857142857142,36.4,15.8,0.5,8,14,1,1,0,0.9638074231367307,-0.26659942067929354,0,2023
2023-04-18,mundhwa,0,0.0,1.0,41.175000000000004,48.94523809523809,2.1940476190476192,39,41.0,-1.2857142857142858,36.8,25.1,0.0,9,14,1,1,0,0.9590788900341131,-0.28313898122818354,0,2023
2023-04-19,mundhwa,0,0.0,1.0,37.88333333333333,49.26488095238095,0.31964285714285773,31,40.142857142857146,-0.8571428571428571,38.2,14.3,0.1,10,14,1,1,0,0.9540665500578387,-0.2995947563972602,0,2023
2023-04-20,mundhwa,0,0.0,1.0,53.46666666666667,49.367261904761904,0.10238095238095266,37,39.0,-1.1428571428571428,36.9,21.7,0.0,11,14,1,1,0,0.9487718864399473,-0.31596187665790293,0,2023
2023-04-21,mundhwa,0,0.0,1.0,31.9375,51.677976190476194,2.3107142857142864,36,39.57142857142857,0.5714285714285714,35.5,20.7,0.0,12,14,1,1,0,0.9431964659565866,-0.33223549871590435,0,2023
2023-04-22,mundhwa,0,0.0,1.0,25.425,48.07678571428572,-3.6011904761904767,43,39.714285714285715,0.14285714285714285,34.3,20.9,0.0,13,14,1,1,0,0.9373419384643772,-0.3484108069446808,0,2023
2023-04-23,mundhwa,0,0.0,1.0,25.8125,43.02857142857143,-5.048214285714285,51,39.285714285714285,-0.42857142857142855,34.8,18.4,0.0,14,14,1,1,0,0.9312100364121947,-0.3644830148102912,0,2023
2023-04-24,mundhwa,0,0.0,1.0,28.4875,38.22202380952381,-4.8065476190476195,44,39.714285714285715,0.42857142857142855,36.9,18.5,0.0,15,14,1,1,0,0.9248025743285089,-0.38044736628785164,0,2023
2023-04-25,mundhwa,0,0.0,1.0,25.962500000000002,34.88392857142857,-3.338095238095238,49,40.142857142857146,0.42857142857142855,37.2,27.7,0.0,16,14,1,1,0,0.9181214482844364,-0.39629913726891813,0,2023
2023-04-26,mundhwa,0,0.0,1.0,19.504166666666666,32.71071428571428,-2.173214285714286,60,41.57142857142857,1.4285714285714286,33.9,20.9,0.0,17,14,1,1,0,0.9111686353326631,-0.41203363695942635,0,2023
2023-04-27,mundhwa,0,0.0,1.0,25.495833333333334,30.08511904761905,-2.625595238095238,60,45.714285714285715,4.142857142857143,34.3,16.7,0.2,18,14,1,1,0,0.9039461929224011,-0.42764620926777464,0,2023
2023-04-28,mundhwa,0,0.0,1.0,36.03333333333333,26.089285714285715,-3.9958333333333336,59,49.0,3.2857142857142856,33.9,21.6,0.3,19,14,1,1,0,0.8964562582905575,-0.44313223418263453,0,2023
2023-04-29,mundhwa,0,0.0,1.0,23.675,26.67440476190476,0.5851190476190473,57,52.285714285714285,3.2857142857142856,33.6,19.5,0.1,20,14,1,1,0,0.8887010478292915,-0.45848712914008766,0,2023
2023-04-30,mundhwa,0,0.0,1.0,24.229166666666668,26.424404761904764,-0.25,55,54.285714285714285,2.0,34.3,24.6,0.0,21,14,1,1,0,0.8806828564301475,-0.47370635037968,0,2023
2023-05-01,mundhwa,0,0.0,1.0,18.566666666666666,26.19821428571429,-0.22619047619047603,56,54.857142857142854,0.5714285714285714,33.4,21.4,0.0,22,14,1,1,0,0.8724040568049612,-0.48878539428899265,0,2023
2023-05-02,mundhwa,0,0.0,1.0,16.845833333333335,24.78095238095238,-1.4172619047619048,59,56.57142857142857,1.7142857142857142,32.8,16.6,0.3,23,14,1,1,0,0.8638670987837349,-0.503719798736334,0,2023
2023-05-03,mundhwa,0,0.0,1.0,19.870833333333334,23.478571428571428,-1.3023809523809524,62,58.0,1.4285714285714286,31.7,15.5,0.6,24,14,1,1,0,0.8550745085896932,-0.518505144391157,0,2023
2023-05-04,mundhwa,0,0.0,1.0,26.40416666666667,23.53095238095238,0.05238095238095245,60,58.285714285714285,0.2857142857142857,33.5,15.2,0.0,25,14,1,1,0,0.8460288880917339,-0.533137056031809,0,2023
2023-05-05,mundhwa,0,0.0,1.0,35.833333333333336,23.660714285714285,0.129761904761905,59,58.285714285714285,0.0,34.6,20.8,0.0,26,14,1,1,0,0.8367329140344921,-0.5476112038402312,0,2023
2023-05-06,mundhwa,0,0.0,1.0,40.11666666666667,23.63214285714286,-0.028571428571427963,63,58.285714285714285,0.0,34.5,19.8,0.1,27,14,1,1,0,0.8271893372462497,-0.5619233046832195,0,2023
2023-05-07,mundhwa,0,0.0,1.0,45.270833333333336,25.98095238095238,2.348809523809524,67,59.142857142857146,0.8571428571428571,33.4,15.2,1.4,0,14,1,1,0,0.8174009818249189,-0.5760691233798758,0,2023
2023-05-08,mundhwa,0,0.0,1.0,49.59583333333333,28.986904761904764,3.005952380952381,73,60.857142857142854,1.7142857142857142,34.1,19.6,2.8,0,14,1,1,0,0.8073707443023492,-0.5900444739548627,0,2023
2023-05-09,mundhwa,0,0.0,1.0,54.7875,33.419642857142854,4.432738095238095,69,63.285714285714285,2.4285714285714284,36.4,16.3,1.3,0,14,1,1,0,0.7971015927871943,-0.6038452208771035,0,2023
2023-05-10,mundhwa,0,0.0,1.0,44.104166666666664,38.83988095238095,5.420238095238095,55,64.71428571428571,1.4285714285714286,38.5,18.2,0.0,1,14,1,1,0,0.7865965660866021,-0.6174672802835514,0,2023
2023-05-11,mundhwa,0,0.0,1.0,38.47083333333333,42.301785714285714,3.4619047619047616,45,63.714285714285715,-1.0,40.5,22.4,0.0,2,14,1,1,0,0.7758587728069828,-0.6309066211876704,0,2023
2023-05-12,mundhwa,0,0.0,1.0,27.308333333333334,44.02559523809524,1.7238095238095232,47,61.57142857142857,-2.142857142857143,39.4,22.9,0.0,3,14,1,1,0,0.7648913904341225,-0.6441592666722685,0,2023
2023-05-13,mundhwa,0,0.0,1.0,19.879166666666666,42.80773809523809,-1.2178571428571432,52,59.857142857142854,-1.7142857142857142,36.4,21.7,0.0,4,14,1,1,0,0.753697664392914,-0.6572212950663319,0,2023
2023-05-14,mundhwa,0,0.0,1.0,13.9125,39.916666666666664,-2.8910714285714287,51,58.285714285714285,-1.5714285714285714,36.1,23.2,0.0,5,14,1,1,0,0.742280907086982,-0.6700888411055113,0,2023
2023-05-15,mundhwa,0,0.0,1.0,20.6875,35.43690476190476,-4.479761904761905,63,56.0,-2.2857142857142856,35.6,20.5,0.0,6,14,1,1,0,0.7306444969184916,-0.6827580970759147,0,2023
2023-05-16,mundhwa,0,0.0,1.0,21.758333333333336,31.307142857142853,-4.129761904761905,62,54.57142857142857,-1.4285714285714286,35.5,20.6,0.0,7,14,1,1,0,0.7187918772884232,-0.6952253139408722,0,2023
2023-05-17,mundhwa,0,0.0,1.0,21.2625,26.588690476190475,-4.718452380952381,58,53.57142857142857,-1.0,37.3,21.2,0.0,8,14,1,1,0,0.7067265555776158,-0.7074868024503348,0,2023
2023-05-18,mundhwa,0,0.0,1.0,23.320833333333336,23.32559523809524,-3.263095238095238,56,54.0,0.42857142857142855,38.1,21.3,0.0,9,14,1,1,0,0.6944521021088763,-0.719538934232584,0,2023
2023-05-19,mundhwa,0,0.0,1.0,23.462500000000002,21.161309523809525,-2.1642857142857137,53,55.57142857142857,1.5714285714285714,38.6,24.0,0.0,10,14,1,1,0,0.6819721490904629,-0.7313781428679254,0,2023
2023-05-20,mundhwa,0,0.0,1.0,23.900000000000002,20.61190476190476,-0.5494047619047616,55,56.42857142857143,0.8571428571428571,36.8,19.1,0.0,11,14,1,1,0,0.6692903895412567,-0.7430009249440493,0,2023
2023-05-21,mundhwa,0,0.0,1.0,30.520833333333332,21.186309523809523,0.5744047619047622,61,56.857142857142854,0.42857142857142855,36.4,19.2,0.0,12,14,1,1,0,0.6564105761979381,-0.7544038410927472,0,2023
2023-05-22,mundhwa,0,0.0,1.0,25.991666666666664,23.558928571428574,2.3726190476190476,55,58.285714285714285,1.4285714285714286,37.4,21.2,0.0,13,14,1,1,0,0.6433365204044917,-0.765583517007675,0,2023
2023-05-23,mundhwa,0,0.0,1.0,30.016666666666666,24.316666666666666,0.7577380952380948,48,57.142857142857146,-1.1428571428571428,39.1,26.7,0.0,14,14,1,1,0,0.6300720909843687,-0.7765366444428655,0,2023
2023-05-24,mundhwa,0,0.0,1.0,22.5,25.49642857142857,1.1797619047619041,59,55.142857142857146,-2.0,36.9,20.2,0.0,15,14,1,1,0,0.6166212130956382,-0.7872599821916922,0,2023
2023-05-25,mundhwa,0,0.0,1.0,11.504166666666668,25.673214285714288,0.17678571428571438,62,55.285714285714285,0.14285714285714285,34.8,22.4,0.0,16,14,1,1,0,0.6029878670694714,-0.7977503570459932,0,2023
2023-05-26,mundhwa,0,0.0,1.0,12.470833333333333,23.985119047619047,-1.6880952380952383,67,56.142857142857146,0.8571428571428571,33.8,22.3,0.1,17,14,1,1,0,0.5891760872322963,-0.8080046647350754,0,2023
2023-05-27,mundhwa,0,0.0,1.0,16.375,22.41488095238095,-1.5702380952380957,63,58.142857142857146,2.0,34.3,19.2,0.0,18,14,1,1,0,0.5751899607119775,-0.8180198708443174,0,2023
2023-05-28,mundhwa,0,0.0,1.0,17.483333333333334,21.339880952380952,-1.0750000000000004,60,59.285714285714285,1.1428571428571428,36.1,19.4,0.0,19,14,1,1,0,0.5610336262283677,-0.8277930117131022,0,2023
2023-05-29,mundhwa,0,0.0,1.0,22.0625,19.47738095238095,-1.8624999999999996,63,59.142857142857146,-0.14285714285714285,38.5,20.9,0.1,20,14,1,1,0,0.5467112728685939,-0.8373211953118121,0,2023
2023-05-30,mundhwa,0,0.0,1.0,24.370833333333334,18.916071428571428,-0.5613095238095234,57,60.285714285714285,1.1428571428571428,38.3,22.3,0.0,21,14,1,1,0,0.5322271388474397,-0.8466016020976267,0,2023
2023-05-31,mundhwa,0,0.0,1.0,30.541666666666668,18.10952380952381,-0.8065476190476188,56,61.57142857142857,1.2857142857142858,39.5,21.6,0.0,22,14,1,1,0,0.5175855102531889,-0.8556314858488706,0,2023
2023-06-01,mundhwa,0,0.0,1.0,27.525000000000002,19.258333333333333,1.148809523809524,50,61.142857142857146,-0.42857142857142855,38.9,24.5,0.0,23,14,1,1,0,0.5027907197793043,-0.8644081744776648,0,2023
2023-06-02,mundhwa,0,0.0,1.0,21.0625,21.54702380952381,2.2886904761904767,61,59.42857142857143,-1.7142857142857142,35.4,19.7,0.0,24,14,1,1,0,0.4878471454423119,-0.8729290708206411,0,2023
2023-06-03,mundhwa,0,0.0,1.0,17.745833333333334,22.774404761904766,1.2273809523809525,65,58.57142857142857,-0.8571428571428571,35.9,18.7,0.7,25,14,1,1,0,0.47275920928627757,-0.881191653407483,0,2023
2023-06-04,mundhwa,0,0.0,1.0,17.708333333333332,22.9702380952381,0.19583333333333336,70,58.857142857142854,0.2857142857142857,33.1,20.6,1.8,0,14,1,1,0,0.4575313760742512,-0.8891934772070711,0,2023
2023-06-05,mundhwa,0,0.0,1.0,20.075,23.00238095238095,0.03214285714285684,67,60.285714285714285,1.4285714285714286,34.3,19.9,0.5,1,14,1,1,0,0.44216815196707204,-0.8969321743510065,0,2023
2023-06-06,mundhwa,0,0.0,1.0,18.229166666666668,22.71845238095238,-0.28392857142857153,63,60.857142857142854,0.5714285714285714,35.6,17.4,0.0,2,14,1,1,0,0.42667408318992467,-0.9044054548343001,0,2023
2023-06-07,mundhwa,0,0.0,1.0,15.366666666666667,21.841071428571432,-0.8773809523809523,61,61.714285714285715,0.8571428571428571,35.9,20.0,0.0,3,14,1,1,0,0.4110537546870351,-0.9116111071930239,0,2023
2023-06-08,mundhwa,0,0.0,1.0,10.666666666666666,19.673214285714288,-2.167857142857143,65,62.42857142857143,0.7142857142857143,35.8,19.0,0.1,4,14,1,1,0,0.3953117887649151,-0.9185469991587165,0,2023
2023-06-09,mundhwa,0,0.0,1.0,8.612499999999999,17.264880952380953,-2.4083333333333337,64,64.57142857142857,2.142857142857143,36.1,21.1,0.0,5,14,1,1,0,0.37945284372454435,-0.925211078289358,0,2023
2023-06-10,mundhwa,0,0.0,1.0,7.395833333333333,15.486309523809522,-1.7785714285714287,65,65.0,0.42857142857142855,34.5,24.5,2.0,0,14,1,1,0,0.36348161248290634,-0.9316013725767187,0,2023
2023-06-11,mundhwa,0,0.0,1.0,9.512500000000001,14.007738095238096,-1.4785714285714289,64,65.0,0.0,34.5,24.5,1.3,0,14,1,1,0,0.3474028211842774,-0.9377159910299093,0,2023
2023-06-12,mundhwa,0,0.0,1.0,10.116666666666667,12.83690476190476,-1.170833333333333,62,64.14285714285714,-0.8571428571428571,34.0,28.0,0.6,1,14,1,1,0,0.3312212278016865,-0.9435531242349544,0,2023
2023-06-13,mundhwa,0,0.0,1.0,9.9,11.414285714285715,-1.4226190476190474,69,63.42857142857143,-0.7142857142857143,31.6,27.6,0.8,2,14,1,1,0,0.31494162072895193,-0.9491110448902284,0,2023
2023-06-14,mundhwa,0,0.0,1.0,8.654166666666667,10.224404761904763,-1.1898809523809526,73,64.28571428571429,0.8571428571428571,32.0,26.8,2.5,0,14,1,1,0,0.2985688173637202,-0.9543881083175908,0,2023
2023-06-15,mundhwa,0,0.0,1.0,9.295833333333333,9.26547619047619,-0.9589285714285715,70,66.0,1.7142857142857142,32.8,25.8,0.1,1,14,1,1,0,0.2821076626819194,-0.9593827529490743,0,2023
2023-06-16,mundhwa,0,0.0,1.0,9.883333333333335,9.069642857142858,-0.19583333333333336,72,66.71428571428571,0.7142857142857143,31.3,31.4,0.4,2,14,1,1,0,0.26556302780405594,-0.9640935007889755,0,2023
2023-06-17,mundhwa,0,0.0,1.0,9.733333333333333,9.251190476190475,0.18154761904761937,71,67.85714285714286,1.1428571428571428,32.1,26.6,0.1,3,14,1,1,0,0.24893980855376657,-0.9685189578512204,0,2023
2023-06-18,mundhwa,0,0.0,1.0,11.8125,9.585119047619047,0.33392857142857135,73,68.71428571428571,0.8571428571428571,32.7,25.9,0.5,4,14,1,1,0,0.23224292400907015,-0.9726578145718654,0,2023
2023-06-19,mundhwa,0,0.0,1.0,15.408333333333333,9.913690476190476,0.3285714285714284,68,70.0,1.2857142857142858,33.1,23.0,0.0,5,14,1,1,0,0.21547731504673012,-0.976508846196619,0,2023
2023-06-20,mundhwa,0,0.0,1.0,15.379166666666668,10.669642857142858,0.7559523809523808,68,70.85714285714286,0.8571428571428571,33.1,22.7,0.0,6,14,1,1,0,0.19864794288017112,-0.9800709131432666,0,2023
2023-06-21,mundhwa,0,0.0,1.0,13.879166666666668,11.45238095238095,0.7827380952380955,69,70.71428571428571,-0.14285714285714285,33.6,22.7,1.4,0,14,1,1,0,0.18175978759137534,-0.9833429613388902,0,2023
2023-06-22,mundhwa,0,0.0,1.0,12.325000000000001,12.198809523809524,0.7464285714285717,67,70.14285714285714,-0.5714285714285714,33.5,21.6,0.9,1,14,1,1,0,0.16481784665719793,-0.9863240225317866,0,2023
2023-06-23,mundhwa,0,0.0,1.0,8.75,12.631547619047621,0.43273809523809553,72,69.71428571428571,-0.42857142857142855,32.2,20.9,2.2,0,14,1,1,0,0.14782713347053048,-0.9890132145779883,0,2023
2023-06-24,mundhwa,0,0.0,1.0,6.029166666666666,12.469642857142858,-0.16190476190476208,76,69.71428571428571,0.0,32.2,21.3,6.5,0,14,1,1,0,0.13079267585675922,-0.9914097417023038,0,2023
2023-06-25,mundhwa,0,0.0,1.0,6.1625000000000005,11.94047619047619,-0.5291666666666667,80,70.42857142857143,0.7142857142857143,27.8,24.5,2.8,0,14,1,1,0,0.11371951458594969,-0.9935128947338007,0,2023
2023-06-26,mundhwa,0,0.0,1.0,7.383333333333333,11.133333333333335,-0.807142857142857,84,71.42857142857143,1.0,25.7,23.4,3.8,0,14,1,1,0,0.0966127018812031,-0.9953220513156602,0,2023
2023-06-27,mundhwa,0,0.0,1.0,4.841666666666667,9.986904761904762,-1.1464285714285716,81,73.71428571428571,2.2857142857142856,28.4,22.4,2.0,0,14,1,1,0,0.07947729992362097,-0.9968366760893436,0,2023
2023-06-28,mundhwa,0,0.0,1.0,3.095833333333333,8.48154761904762,-1.505357142857143,83,75.57142857142857,1.8571428571428572,28.5,26.6,10.5,0,14,1,1,0,0.062318379354325076,-0.998056320853012,0,2023
2023-06-29,mundhwa,0,0.0,1.0,2.2875,6.941071428571429,-1.5404761904761908,89,77.57142857142857,2.0,25.7,22.5,15.5,0,14,1,1,0,0.04514101777397193,-0.9989806246941579,0,2023
2023-06-30,mundhwa,0,0.0,1.0,2.129166666666667,5.507142857142858,-1.4339285714285717,88,80.71428571428571,3.142857142857143,26.7,30.2,23.5,0,14,1,1,0,0.02795029824021032,-0.999609314096404,0,2023
2023-07-01,mundhwa,0,0.0,1.0,3.775,4.561309523809524,-0.9458333333333334,84,83.0,2.2857142857142856,27.0,26.8,5.1,0,14,1,1,0,0.01075130776352193,-0.9999422030204416,0,2023
2023-07-02,mundhwa,0,0.0,1.0,3.6458333333333335,4.239285714285715,-0.32202380952380943,83,84.14285714285714,1.1428571428571428,28.1,24.1,4.3,0,14,1,1,0,-0.00645086419810515,-0.9999791929590823,0,2023
2023-07-03,mundhwa,0,0.0,1.0,4.216666666666667,3.879761904761905,-0.3595238095238096,84,84.57142857142857,0.42857142857142855,29.0,18.6,4.1,0,14,1,1,0,-0.023651127245231586,-0.9997202729664083,0,2023
2023-07-04,mundhwa,0,0.0,1.0,4.916666666666667,3.4273809523809526,-0.4523809523809523,83,84.57142857142857,0.0,29.3,19.9,4.9,0,14,1,1,0,-0.04084439154329611,-0.9991655196610109,0,2023
2023-07-05,mundhwa,0,0.0,1.0,6.0249999999999995,3.438095238095238,0.01071428571428574,84,84.85714285714286,0.2857142857142857,30.0,16.6,11.0,0,14,1,1,0,-0.05802556932878035,-0.9983150972033183,0,2023
2023-07-06,mundhwa,0,0.0,1.0,2.6041666666666665,3.8565476190476184,0.4184523809523809,86,85.0,0.14285714285714285,26.2,29.3,5.4,0,14,1,1,0,-0.07518957641475855,-0.9971692572470178,0,2023
2023-07-07,mundhwa,0,0.0,1.0,1.8541666666666667,3.9017857142857144,0.0452380952380952,87,84.57142857142857,-0.42857142857142855,26.9,26.9,25.6,0,14,1,1,0,-0.09233133369539122,-0.9957283388645872,0,2023
2023-07-08,mundhwa,0,0.0,1.0,4.095833333333333,3.8625000000000003,-0.039285714285714306,84,84.42857142857143,-0.14285714285714285,27.4,30.3,20.6,0,14,1,1,0,-0.10944576864891556,-0.993992768446958,0,2023
2023-07-09,mundhwa,0,0.0,1.0,5.245833333333334,3.9083333333333328,0.04583333333333333,83,84.42857142857143,0.0,27.3,28.7,3.5,0,14,1,1,0,-0.12652781683868314,-0.9919630595773397,0,2023
2023-07-10,mundhwa,0,0.0,1.0,6.704166666666667,4.136904761904762,0.2285714285714286,83,84.42857142857143,0.0,27.1,25.1,1.3,0,14,1,1,0,-0.1435724234118113,-0.9896398128792412,0,2023
2023-07-11,mundhwa,0,0.0,1.0,6.870833333333334,4.492261904761905,0.3553571428571428,80,84.28571428571429,-0.14285714285714285,28.3,22.7,0.7,1,14,1,1,0,-0.16057454459499376,-0.9870237158387383,0,2023
2023-07-12,mundhwa,0,0.0,1.0,6.804166666666667,4.771428571428571,0.2791666666666667,87,83.85714285714286,-0.42857142857142855,26.1,18.8,9.8,0,14,1,1,0,-0.17752914918703497,-0.984115542601034,0,2023
2023-07-13,mundhwa,0,0.0,1.0,5.004166666666666,4.882738095238095,0.11130952380952396,82,84.28571428571429,0.42857142857142855,28.0,21.4,3.8,0,14,1,1,0,-0.19443122004766195,-0.9809161537413774,0,2023
2023-07-14,mundhwa,0,0.0,1.0,3.1458333333333335,5.225595238095238,0.34285714285714286,85,83.71428571428571,-0.5714285714285714,27.8,23.2,24.6,0,14,1,1,0,-0.2112757555821793,-0.9774264960104055,0,2023
2023-07-15,mundhwa,0,0.0,1.0,5.1125,5.410119047619048,0.18452380952380953,84,83.42857142857143,-0.2857142857142857,27.1,26.0,1.4,0,14,1,1,0,-0.2280577712215198,-0.9736476020539838,0,2023
2023-07-16,mundhwa,0,0.0,1.0,4.108333333333333,5.555357142857142,0.14523809523809522,83,83.42857142857143,0.0,27.8,23.9,4.5,0,14,1,1,0,-0.24477230089725957,-0.9695805901076308,0,2023
2023-07-17,mundhwa,0,0.0,1.0,2.5458333333333334,5.392857142857143,-0.16250000000000003,85,83.42857142857143,0.0,26.7,25.8,2.7,0,14,1,1,0,-0.2614143985111562,-0.965226663665613,0,2023
2023-07-18,mundhwa,0,0.0,1.0,2.0500000000000003,4.798809523809524,-0.594047619047619,88,83.71428571428571,0.2857142857142857,25.1,32.8,13.3,0,14,1,1,0,-0.2779791393987801,-0.9605871111248129,0,2023
2023-07-19,mundhwa,0,0.0,1.0,2.470833333333333,4.1101190476190474,-0.6886904761904761,91,84.85714285714286,1.1428571428571428,25.3,28.5,35.3,0,14,1,1,0,-0.2944616217868012,-0.9556633054034704,0,2023
2023-07-20,mundhwa,0,0.0,1.0,2.7458333333333336,3.4910714285714284,-0.6190476190476192,86,85.42857142857143,0.5714285714285714,26.5,32.3,3.5,0,14,1,1,0,-0.3108569682435036,-0.9504567035349151,0,2023
2023-07-21,mundhwa,0,0.0,1.0,2.5458333333333334,3.1684523809523806,-0.3226190476190475,87,86.0,0.5714285714285714,26.4,25.3,13.3,0,14,1,1,0,-0.3271603271220951,-0.9449688462364056,0,2023
2023-07-22,mundhwa,0,0.0,1.0,2.1708333333333334,3.082738095238095,-0.08571428571428573,88,86.28571428571429,0.2857142857142857,27.2,29.2,11.5,0,14,1,1,0,-0.34336687399638804,-0.939201357453208,0,2023
2023-07-23,mundhwa,0,0.0,1.0,1.7125000000000001,2.6625000000000005,-0.4202380952380952,89,86.85714285714286,0.5714285714285714,25.9,28.7,8.4,0,14,1,1,0,-0.3594718130884232,-0.9331559438780432,0,2023
2023-07-24,mundhwa,0,0.0,1.0,2.5083333333333333,2.3202380952380954,-0.3422619047619047,86,87.71428571428571,0.8571428571428571,26.3,28.7,11.5,0,14,1,1,0,-0.3754703786876202,-0.9268343944460494,0,2023
2023-07-25,mundhwa,0,0.0,1.0,1.9708333333333332,2.3148809523809524,-0.00535714285714287,89,87.85714285714286,0.14285714285714285,25.4,23.8,13.1,0,14,1,1,0,-0.3913578365610259,-0.9202385798054075,0,2023
2023-07-26,mundhwa,0,0.0,1.0,2.7416666666666667,2.3035714285714284,-0.011309523809523865,89,88.0,0.14285714285714285,25.7,24.8,22.4,0,14,1,1,0,-0.4071294853542516,-0.9133704517637858,0,2023
2023-07-27,mundhwa,0,0.0,1.0,2.3958333333333335,2.3422619047619047,0.03869047619047621,91,87.71428571428571,-0.2857142857142857,24.7,26.4,23.5,0,14,1,1,0,-0.4227806579826773,-0.9062320427107697,0,2023
2023-07-28,mundhwa,0,0.0,1.0,1.8166666666666667,2.292261904761905,-0.05000000000000001,89,88.42857142857143,0.7142857142857143,25.9,28.4,7.6,0,14,1,1,0,-0.4383067230125192,-0.898825465016444,0,2023
2023-07-29,mundhwa,0,0.0,1.0,5.333333333333333,2.1880952380952383,-0.10416666666666667,88,88.71428571428571,0.2857142857142857,25.0,26.4,1.6,0,14,1,1,0,-0.45370308603134424,-0.8911529104063088,0,2023
2023-07-30,mundhwa,0,0.0,1.0,3.7916666666666665,2.639880952380952,0.45178571428571423,85,88.71428571428571,0.0,26.7,27.9,3.4,0,14,1,1,0,-0.46896519100763184,-0.8832166493127127,0,2023
2023-07-31,mundhwa,0,0.0,1.0,2.775,2.936904761904762,0.2970238095238095,85,88.14285714285714,-0.5714285714285714,27.2,27.1,2.4,0,14,1,1,0,-0.48408852163897587,-0.8750190302029955,0,2023
2023-08-01,mundhwa,0,0.0,1.0,3.3166666666666664,2.974999999999999,0.038095238095238085,84,88.0,-0.14285714285714285,26.8,30.5,2.1,0,14,1,1,0,-0.4990686026885319,-0.8665624788845385,0,2023
2023-08-02,mundhwa,0,0.0,1.0,3.9458333333333333,3.167261904761905,0.19226190476190474,85,87.28571428571429,-0.7142857142857143,26.6,30.6,1.0,0,14,1,1,0,-0.5139010013093103,-0.8578494977869301,0,2023
2023-08-03,mundhwa,0,0.0,1.0,4.129166666666666,3.3392857142857144,0.17202380952380952,85,86.71428571428571,-0.5714285714285714,26.2,34.2,1.9,0,14,1,1,0,-0.5285813283559292,-0.8488826652214553,0,2023
2023-08-04,mundhwa,0,0.0,1.0,3.9125,3.586904761904762,0.24761904761904757,84,85.85714285714286,-0.8571428571428571,27.2,30.7,1.4,0,14,1,1,0,-0.5431052396834317,-0.8396646346181327,0,2023
2023-08-05,mundhwa,0,0.0,1.0,5.329166666666667,3.8863095238095235,0.2994047619047619,85,85.14285714285714,-0.7142857142857143,26.9,28.4,2.5,0,14,1,1,0,-0.5574684374327892,-0.8301981337405212,0,2023
2023-08-06,mundhwa,0,0.0,1.0,6.591666666666666,3.8857142857142852,-0.0005952380952380614,83,84.71428571428571,-0.42857142857142855,27.1,29.8,0.9,1,14,1,1,0,-0.5716666713027052,-0.8204859638785327,0,2023
2023-08-07,mundhwa,0,0.0,1.0,9.158333333333333,4.285714285714286,0.3999999999999999,82,84.42857142857143,-0.2857142857142857,27.7,29.9,0.3,2,14,1,1,0,-0.5856957398073508,-0.8105309990194823,0,2023
2023-08-08,mundhwa,0,0.0,1.0,6.929166666666667,5.197619047619048,0.9119047619047619,82,84.0,-0.42857142857142855,27.8,26.3,1.0,0,14,1,1,0,-0.5995514915196489,-0.8003361849976323,0,2023
2023-08-09,mundhwa,0,0.0,1.0,7.866666666666667,5.713690476190476,0.5160714285714286,81,83.71428571428571,-0.2857142857142857,27.9,24.1,1.3,0,14,1,1,0,-0.6132298262997502,-0.7899045386224707,0,2023
2023-08-10,mundhwa,0,0.0,1.0,8.283333333333333,6.273809523809524,0.5601190476190477,82,83.14285714285714,-0.5714285714285714,27.7,23.1,2.0,0,14,1,1,0,-0.6267266965083301,-0.7792391467859886,0,2023
2023-08-11,mundhwa,0,0.0,1.0,8.641666666666667,6.867261904761905,0.593452380952381,79,82.71428571428571,-0.42857142857142855,28.2,19.7,1.2,0,14,1,1,0,-0.6400381082043503,-0.7683431655492202,0,2023
2023-08-12,mundhwa,0,0.0,1.0,8.6,7.542857142857143,0.6755952380952382,81,82.0,-0.7142857142857143,28.1,24.5,1.3,0,14,1,1,0,-0.65316012232693,-0.7572198192083127,0,2023
2023-08-13,mundhwa,0,0.0,1.0,6.7,8.010119047619048,0.4672619047619047,81,81.42857142857143,-0.5714285714285714,27.1,25.3,1.6,0,14,1,1,0,-0.666088855860977,-0.7458723993404063,0,2023
2023-08-14,mundhwa,0,0.0,1.0,9.5875,8.025595238095239,0.015476190476190612,80,81.14285714285714,-0.2857142857142857,28.1,23.6,0.9,1,14,1,1,0,-0.6788204829862355,-0.734304263829602,0,2023
2023-08-15,mundhwa,0,0.0,1.0,9.608333333333333,8.086904761904762,0.061309523809523876,79,80.85714285714286,-0.2857142857142857,27.9,22.3,0.8,2,14,1,1,0,-0.6913512362094071,-0.722518835873311,0,2023
2023-08-16,mundhwa,0,0.0,1.0,10.262500000000001,8.469642857142857,0.38273809523809504,80,80.42857142857143,-0.42857142857142855,28.8,23.1,0.7,3,14,1,1,0,-0.7036774074790128,-0.7105196029692745,0,2023
2023-08-17,mundhwa,0,0.0,1.0,10.541666666666666,8.811904761904762,0.3422619047619048,80,80.28571428571429,-0.14285714285714285,27.7,24.6,0.1,4,14,1,1,0,-0.7157953492826642,-0.6983101158835584,0,2023
2023-08-18,mundhwa,0,0.0,1.0,9.983333333333333,9.13452380952381,0.3226190476190475,80,80.0,-0.2857142857142857,28.8,23.6,0.0,5,14,1,1,0,-0.7277014757264236,-0.6858939875998223,0,2023
2023-08-19,mundhwa,0,0.0,1.0,9.195833333333333,9.326190476190476,0.19166666666666643,82,80.14285714285714,0.14285714285714285,28.3,24.6,1.0,0,14,1,1,0,-0.7393922635959241,-0.673274892250183,0,2023
2023-08-20,mundhwa,0,0.0,1.0,8.125,9.411309523809523,0.08511904761904761,83,80.28571428571429,0.14285714285714285,26.9,23.9,1.6,0,14,1,1,0,-0.7508642533989489,-0.6604565640279754,0,2023
2023-08-21,mundhwa,0,0.0,1.0,9.283333333333333,9.614880952380952,0.20357142857142854,80,80.57142857142857,0.2857142857142857,28.2,23.3,1.1,0,14,1,1,0,-0.7621140503891487,-0.6474427960827475,0,2023
2023-08-22,mundhwa,0,0.0,1.0,8.420833333333333,9.571428571428571,-0.04345238095238102,83,80.57142857142857,0.0,28.5,22.7,3.8,0,14,1,1,0,-0.7731383255706026,-0.6342374393978054,0,2023
2023-08-23,mundhwa,0,0.0,1.0,7.008333333333333,9.401785714285714,-0.16964285714285715,80,81.14285714285714,0.5714285714285714,28.3,22.9,0.2,1,14,1,1,0,-0.7839338166829201,-0.620844401650647,0,2023
2023-08-24,mundhwa,0,0.0,1.0,5.6375,8.93690476190476,-0.4648809523809526,80,81.14285714285714,0.0,28.5,24.3,1.3,0,14,1,1,0,-0.7944973291665992,-0.6072676460566135,0,2023
2023-08-25,mundhwa,0,0.0,1.0,3.5666666666666664,8.236309523809522,-0.7005952380952379,83,81.14285714285714,0.0,28.4,22.8,2.0,0,14,1,1,0,-0.8048257371083452,-0.593511190196115,0,2023
2023-08-26,mundhwa,0,0.0,1.0,4.579166666666667,7.319642857142858,-0.9166666666666666,81,81.57142857142857,0.42857142857142855,28.3,25.3,1.4,0,14,1,1,0,-0.8149159841660791,-0.5795791048257612,0,2023
2023-08-27,mundhwa,0,0.0,1.0,4.358333333333333,6.660119047619048,-0.6595238095238095,81,81.42857142857143,-0.14285714285714285,28.1,24.5,2.4,0,14,1,1,0,-0.8247650844733614,-0.5654755126737576,0,2023
2023-08-28,mundhwa,0,0.0,1.0,5.745833333333334,6.12202380952381,-0.5380952380952381,81,81.14285714285714,-0.2857142857142857,28.6,22.8,2.1,0,14,1,1,0,-0.8343701235229538,-0.5512045872199277,0,2023
2023-08-29,mundhwa,0,0.0,1.0,9.195833333333333,5.616666666666666,-0.5053571428571428,79,81.28571428571429,0.14285714285714285,28.9,17.9,1.3,0,14,1,1,0,-0.8437282590292712,-0.5367705514607103,0,2023
2023-08-30,mundhwa,0,0.0,1.0,18.604166666666668,5.727380952380953,0.11071428571428577,78,80.71428571428571,-0.5714285714285714,30.4,15.2,0.0,1,14,1,1,0,-0.8528367217694595,-0.522177676659508,0,2023
2023-08-31,mundhwa,0,0.0,1.0,29.633333333333336,7.383928571428571,1.6565476190476194,80,80.42857142857143,-0.2857142857142857,30.3,14.8,1.1,0,14,1,1,0,-0.8616928164028522,-0.5074302810827518,0,2023
2023-09-01,mundhwa,0,0.0,1.0,29.141666666666666,10.811904761904762,3.427976190476191,80,80.42857142857143,0.0,32.1,14.0,5.0,0,14,1,1,0,-0.8702939222685674,-0.49253272872205434,0,2023
2023-09-02,mundhwa,0,0.0,1.0,16.016666666666666,14.465476190476192,3.6535714285714285,83,80.0,-0.42857142857142855,30.1,16.2,2.5,0,14,1,1,0,-0.8786374941610001,-0.4774894280028391,0,2023
2023-09-03,mundhwa,0,0.0,1.0,18.079166666666666,16.09940476190476,1.6339285714285714,82,80.28571428571429,0.2857142857142857,29.6,15.1,9.4,0,14,1,1,0,-0.886721063082993,-0.46230483047981086,0,2023
2023-09-04,mundhwa,0,0.0,1.0,20.995833333333334,18.05952380952381,1.9601190476190473,81,80.42857142857143,0.14285714285714285,29.6,17.5,0.9,1,14,1,1,0,-0.8945422369764496,-0.4469834295196741,0,2023
2023-09-05,mundhwa,0,0.0,1.0,23.2375,20.238095238095237,2.1785714285714284,78,80.42857142857143,0.0,29.7,16.9,0.3,2,14,1,1,0,-0.9020987014301837,-0.43152975897147144,0,2023
2023-09-06,mundhwa,0,0.0,1.0,23.079166666666666,22.24404761904762,2.005952380952381,79,80.28571428571429,-0.14285714285714285,29.2,21.5,0.9,3,14,1,1,0,-0.9093882203647925,-0.4159483918249421,0,2023
2023-09-07,mundhwa,0,0.0,1.0,15.291666666666666,22.883333333333333,0.639285714285714,82,80.42857142857143,0.14285714285714285,27.8,26.0,3.4,0,14,1,1,0,-0.9164086366943458,-0.4002439388573056,0,2023
2023-09-08,mundhwa,0,0.0,1.0,4.079166666666667,20.83452380952381,-2.0488095238095245,89,80.71428571428571,0.2857142857142857,27.5,26.7,24.2,0,14,1,1,0,-0.9231578729647039,-0.38442104726885545,0,2023
2023-09-09,mundhwa,0,0.0,1.0,6.291666666666667,17.254166666666666,-3.580357142857143,88,82.0,1.2857142857142858,27.2,25.1,7.5,0,14,1,1,0,-0.9296339319682695,-0.3684843993077793,0,2023
2023-09-10,mundhwa,0,0.0,1.0,7.608333333333333,15.864880952380952,-1.389285714285714,83,82.71428571428571,0.7142857142857143,27.8,25.2,1.1,0,14,1,1,0,-0.9358348973349941,-0.35243871088460327,0,2023
2023-09-11,mundhwa,0,0.0,1.0,7.454166666666667,14.369047619047619,-1.4958333333333331,83,82.85714285714286,0.14285714285714285,28.1,24.2,1.2,0,14,1,1,0,-0.9417589340994617,-0.33628873017668287,0,2023
2023-09-12,mundhwa,0,0.0,1.0,10.245833333333334,12.43452380952381,-1.9345238095238098,80,83.14285714285714,0.2857142857142857,28.6,22.0,3.3,0,14,1,1,0,-0.9474042892438845,-0.32003923622313857,0,2023
2023-09-13,mundhwa,0,0.0,1.0,9.158333333333333,10.578571428571427,-1.855952380952381,81,83.42857142857143,0.2857142857142857,28.4,20.5,1.1,0,14,1,1,0,-0.9527692922168511,-0.30369503751065885,0,2023
2023-09-14,mundhwa,0,0.0,1.0,9.145833333333334,8.589880952380952,-1.988690476190476,80,83.71428571428571,0.2857142857142857,28.9,20.2,0.8,1,14,1,1,0,-0.9578523554276669,-0.28726097055059635,0,2023
2023-09-15,mundhwa,0,0.0,1.0,7.933333333333334,7.711904761904762,-0.8779761904761904,80,83.42857142857143,-0.2857142857142857,28.6,21.3,0.4,2,14,1,1,0,-0.9626519747161487,-0.2707418984477642,0,2023
2023-09-16,mundhwa,0,0.0,1.0,5.7375,8.2625,0.5505952380952381,83,82.14285714285714,-1.2857142857142858,26.4,26.9,0.0,3,14,1,1,0,-0.9671667297977312,-0.2541427094613622,0,2023
2023-09-17,mundhwa,0,0.0,1.0,6.6000000000000005,8.183333333333334,-0.07916666666666673,83,81.42857142857143,-0.7142857142857143,26.8,27.6,2.3,0,14,1,1,0,-0.97139528468375,-0.23746831555846842,0,2023
2023-09-18,mundhwa,0,0.0,1.0,3.908333333333333,8.039285714285715,-0.14404761904761898,82,81.42857142857143,0.0,28.0,25.8,3.0,0,14,1,1,0,-0.9753363880767837,-0.2207236509605022,0,2023
2023-09-19,mundhwa,0,0.0,1.0,3.8000000000000003,7.532738095238096,-0.506547619047619,82,81.28571428571429,-0.14285714285714285,28.3,22.9,1.6,0,14,1,1,0,-0.9789888737409319,-0.20391367068311472,0,2023
2023-09-20,mundhwa,0,0.0,1.0,4.770833333333333,6.6119047619047615,-0.9208333333333333,81,81.57142857142857,0.2857142857142857,28.9,20.6,2.3,0,14,1,1,0,-0.9823516608469237,-0.18704334906991657,0,2023
2023-09-21,mundhwa,0,0.0,1.0,4.825,5.985119047619048,-0.6267857142857143,84,81.57142857142857,0.0,29.8,14.5,18.5,0,14,1,1,0,-0.9854237542919524,-0.17011767832049052,0,2023
2023-09-22,mundhwa,0,0.0,1.0,6.825,5.367857142857142,-0.6172619047619048,90,82.14285714285714,0.5714285714285714,27.4,14.5,33.4,0,14,1,1,0,-0.9882042449941422,-0.15314166701312007,0,2023
2023-09-23,mundhwa,0,0.0,1.0,6.55,5.20952380952381,-0.15833333333333335,91,83.57142857142857,1.4285714285714286,27.5,12.3,32.1,0,14,1,1,0,-0.9906923101615609,-0.13612033862266704,0,2023
2023-09-24,mundhwa,0,0.0,1.0,8.674999999999999,5.3255952380952385,0.11607142857142858,88,84.71428571428571,1.1428571428571428,27.6,14.5,7.9,0,14,1,1,0,-0.9928872135356962,-0.11905873003404988,0,2023
2023-09-25,mundhwa,0,0.0,1.0,10.304166666666667,5.622023809523809,0.2964285714285712,86,85.42857142857143,0.7142857142857143,28.7,14.3,5.8,0,14,1,1,0,-0.994788305609327,-0.10196189005174576,0,2023
2023-09-26,mundhwa,0,0.0,1.0,18.091666666666665,6.535714285714286,0.9136904761904763,85,86.0,0.5714285714285714,29.3,13.3,14.5,0,14,1,1,0,-0.9963950238187231,-0.08483487790576538,0,2023
2023-09-27,mundhwa,0,0.0,1.0,24.46666666666667,8.57738095238095,2.0416666666666665,89,86.42857142857143,0.42857142857142855,27.9,9.8,33.6,0,14,1,1,0,-0.9977068927101168,-0.06768276175455162,0,2023
2023-09-28,mundhwa,0,0.0,1.0,22.570833333333336,11.391071428571427,2.8136904761904766,87,87.57142857142857,1.1428571428571428,28.9,14.0,11.2,0,14,1,1,0,-0.9987235240803972,-0.050510617185222886,0,2023
2023-09-29,mundhwa,0,0.0,1.0,16.116666666666667,13.926190476190476,2.535119047619048,88,88.0,0.42857142857142855,29.4,14.8,19.9,0,14,1,1,0,-0.9994446170919858,-0.033323525711631344,0,2023
2023-09-30,mundhwa,0,0.0,1.0,10.416666666666666,15.25357142857143,1.3273809523809526,89,87.71428571428571,-0.2857142857142857,28.7,16.4,9.6,0,14,1,1,0,-0.9998699583618592,-0.016126573270657762,0,2023
2023-10-01,mundhwa,0,0.0,1.0,24.158333333333335,15.80595238095238,0.5523809523809523,90,87.42857142857143,-0.2857142857142857,27.7,20.6,14.1,0,14,1,1,0,-0.9999994220246925,0.001075151282798226,0,2023
2023-10-02,mundhwa,0,0.0,1.0,27.5,18.017857142857142,2.2119047619047625,82,87.71428571428571,0.2857142857142857,27.7,17.3,0.0,1,14,1,1,0,-0.999832969770105,0.018276557681691223,0,2023
2023-10-03,mundhwa,0,0.0,1.0,36.329166666666666,20.47440476190476,2.456547619047619,80,87.14285714285714,-0.5714285714285714,29.8,13.4,0.2,2,14,1,1,0,-0.9993706508539969,0.03547255575312556,0,2023
2023-10-04,mundhwa,0,0.0,1.0,39.71666666666667,23.079761904761906,2.605357142857143,80,86.42857142857143,-0.7142857142857143,29.7,13.1,0.0,3,14,1,1,0,-0.9986126020839734,0.052658056924614005,0,2023
2023-10-05,mundhwa,0,0.0,1.0,36.975,25.258333333333333,2.1785714285714284,77,85.14285714285714,-1.2857142857142858,30.0,9.0,0.0,4,14,1,1,0,-0.9975590477788613,0.06982797572987089,0,2023
2023-10-06,mundhwa,0,0.0,1.0,39.55416666666667,27.316071428571433,2.057738095238095,77,83.71428571428571,-1.4285714285714286,29.8,9.8,0.0,5,14,1,1,0,-0.9962102997023297,0.0869772313136861,0,2023
2023-10-07,mundhwa,0,0.0,1.0,41.36666666666667,30.664285714285715,3.3482142857142856,74,82.14285714285714,-1.5714285714285714,30.5,8.8,0.0,6,14,1,1,0,-0.9945667569706337,0.1041007489354256,0,2023
2023-10-08,mundhwa,0,0.0,1.0,45.520833333333336,35.08571428571428,4.421428571428572,72,80.0,-2.142857142857143,30.7,8.2,0.0,7,14,1,1,0,-0.9926289059345095,0.121193461470736,0,2023
2023-10-09,mundhwa,0,0.0,1.0,48.737500000000004,38.137499999999996,3.0517857142857143,70,77.42857142857143,-2.5714285714285716,30.8,6.5,0.0,8,14,1,1,0,-0.9903973200352558,0.1382503109109819,0,2023
2023-10-10,mundhwa,0,0.0,1.0,43.97083333333333,41.17142857142857,3.033928571428572,67,75.71428571428571,-1.7142857142857142,31.3,9.7,0.0,9,14,1,1,0,-0.9878726596350429,0.15526624985999563,0,2023
2023-10-11,mundhwa,0,0.0,1.0,41.079166666666666,42.26309523809524,1.0916666666666666,71,73.85714285714286,-1.8571428571428572,30.1,10.9,0.0,10,14,1,1,0,-0.9850556718215013,0.172236243027682,0,2023
2023-10-12,mundhwa,0,0.0,1.0,46.395833333333336,42.45773809523809,0.19464285714285673,70,72.57142857142857,-1.2857142857142858,31.1,10.3,0.5,11,14,1,1,0,-0.981947190186646,0.18915526872004093,0,2023
2023-10-13,mundhwa,0,0.0,1.0,42.80416666666667,43.80357142857143,1.3458333333333334,69,71.57142857142857,-1.0,31.9,12.7,0.0,12,14,1,1,0,-0.9785481345802031,0.20601832032517084,0,2023
2023-10-14,mundhwa,0,0.0,1.0,32.262499999999996,44.267857142857146,0.4642857142857143,64,70.42857142857143,-1.1428571428571428,31.5,12.1,0.0,13,14,1,1,0,-0.9748595108374125,0.22282040779479959,0,2023
2023-10-15,mundhwa,0,0.0,1.0,44.895833333333336,42.967261904761905,-1.3005952380952388,64,69.0,-1.4285714285714286,30.8,7.9,0.0,14,14,1,1,0,-0.9708824104813836,0.23955655912092708,0,2023
2023-10-16,mundhwa,0,0.0,1.0,48.45416666666667,42.87797619047619,-0.08928571428571429,63,67.85714285714286,-1.1428571428571428,31.0,12.6,0.5,15,14,1,1,0,-0.9666180104000972,0.2562218218071163,0,2023
2023-10-17,mundhwa,0,0.0,1.0,50.291666666666664,42.8375,-0.04047619047619021,62,66.85714285714286,-1.0,30.9,8.4,0.2,16,14,1,1,0,-0.9620675724981452,0.27281126433401914,0,2023
2023-10-18,mundhwa,0,0.0,1.0,51.26666666666667,43.740476190476194,0.9029761904761904,59,66.14285714285714,-0.7142857142857143,30.7,12.7,0.0,17,14,1,1,0,-0.957232443323312,0.28931997761869527,0,2023
2023-10-19,mundhwa,0,0.0,1.0,49.57083333333333,45.19583333333333,1.455357142857144,66,64.42857142857143,-1.7142857142857142,30.8,13.7,1.0,0,14,1,1,0,-0.9521140536681102,0.3057430764672831,0,2023
2023-10-20,mundhwa,0,0.0,1.0,60.46666666666667,45.64940476190476,0.4535714285714282,69,63.857142857142854,-0.5714285714285714,30.3,12.0,1.9,0,14,1,1,0,-0.9467139181463862,0.3220757010206104,0,2023
2023-10-21,mundhwa,0,0.0,1.0,56.17916666666667,48.172619047619044,2.523214285714286,63,63.857142857142854,0.0,30.5,11.3,0.5,1,14,1,1,0,-0.9410336347451197,0.3383130181923076,0,2023
2023-10-22,mundhwa,0,0.0,1.0,45.13333333333333,51.589285714285715,3.4166666666666674,57,63.714285714285715,-0.14285714285714285,31.7,14.8,0.0,2,14,1,1,0,-0.9350748843515574,0.3544502230989869,0,2023
2023-10-23,mundhwa,0,0.0,1.0,44.5875,51.62321428571429,0.033928571428571024,58,62.714285714285715,-1.0,31.5,10.2,0.0,3,14,1,1,0,-0.9288394302558068,0.3704825404820963,0,2023
2023-10-24,mundhwa,0,0.0,1.0,33.516666666666666,51.07083333333333,-0.5523809523809534,49,62.0,-0.7142857142857143,31.2,10.3,0.0,4,14,1,1,0,-0.9223291176290545,0.3864052261209853,0,2023
2023-10-25,mundhwa,0,0.0,1.0,34.37083333333333,48.67440476190477,-2.3964285714285714,48,60.142857142857146,-1.8571428571428572,31.0,11.0,0.0,5,14,1,1,0,-0.9155458729775467,0.40221356823680365,0,2023
2023-10-26,mundhwa,0,0.0,1.0,28.954166666666666,46.260714285714286,-2.4136904761904776,45,58.57142857142857,-1.5714285714285714,30.0,14.0,0.0,6,14,1,1,0,-0.9084917035725082,0.41790288888678667,0,2023
2023-10-27,mundhwa,0,0.0,1.0,26.71666666666667,43.31547619047619,-2.9452380952380954,44,55.57142857142857,-3.0,30.2,15.1,0.0,7,14,1,1,0,-0.9011686968561569,0.4334685453485363,0,2023
2023-10-28,mundhwa,0,0.0,1.0,34.733333333333334,38.49404761904763,-4.821428571428571,46,52.0,-3.5714285714285716,30.1,10.9,0.0,8,14,1,1,0,-0.8935790198239952,0.4489059314938798,0,2023
2023-10-29,mundhwa,0,0.0,1.0,35.025,35.43035714285714,-3.063690476190476,46,49.57142857142857,-2.4285714285714284,30.6,14.4,0.0,9,14,1,1,0,-0.8857249183835637,0.4642104791518923,0,2023
2023-10-30,mundhwa,0,0.0,1.0,36.92916666666667,33.986309523809524,-1.4440476190476192,48,48.0,-1.5714285714285714,31.0,13.6,0.0,10,14,1,1,0,-0.8776087166898392,0.4793776594606945,0,2023
2023-10-31,mundhwa,0,0.0,1.0,41.737500000000004,32.8922619047619,-1.0940476190476187,55,46.57142857142857,-1.4285714285714286,30.5,14.3,0.0,11,14,1,1,0,-0.8692328164574792,0.49440298420761813,0,2023
2023-11-01,mundhwa,0,0.0,1.0,37.141666666666666,34.06666666666667,1.1744047619047626,52,47.42857142857143,0.8571428571428571,30.4,11.3,0.0,12,14,1,1,0,-0.8605996962501181,0.5092820071573356,0,2023
2023-11-02,mundhwa,0,0.0,1.0,37.4375,34.4625,0.39583333333333365,51,48.0,0.5714285714285714,30.4,11.1,0.0,13,14,1,1,0,-0.8517119107469189,0.5240103253675756,0,2023
2023-11-03,mundhwa,0,0.0,1.0,44.79583333333333,35.67440476190476,1.211904761904762,53,48.857142857142854,0.8571428571428571,31.0,12.0,0.0,14,14,1,1,0,-0.8425720899866032,0.5385835804920232,0,2023
2023-11-04,mundhwa,0,0.0,1.0,53.69166666666666,38.25714285714286,2.5827380952380943,54,50.142857142857146,1.2857142857142858,30.8,14.8,0.0,15,14,1,1,0,-0.8331829385891785,0.5529974600700271,0,2023
2023-11-05,mundhwa,0,0.0,1.0,52.637499999999996,40.96547619047619,2.7083333333333326,53,51.285714285714285,1.1428571428571428,31.4,13.7,0.0,16,14,1,1,0,-0.8235472349556007,0.5672476988027229,0,2023
2023-11-06,mundhwa,0,0.0,1.0,35.78333333333333,43.48154761904762,2.5160714285714283,50,52.285714285714285,1.0,31.3,15.1,0.0,17,14,1,1,0,-0.8136678304455991,0.5813300798152042,0,2023
2023-11-07,mundhwa,0,0.0,1.0,43.77916666666667,43.317857142857136,-0.16369047619047652,55,52.57142857142857,0.2857142857142857,31.0,15.5,0.0,18,14,1,1,0,-0.8035476485339116,0.5952404359043674,0,2023
2023-11-08,mundhwa,0,0.0,1.0,22.162499999999998,43.60952380952381,0.29166666666666635,73,52.57142857142857,0.0,30.0,16.7,1.6,0,14,1,1,0,-0.7931896839451843,0.6089746507720486,0,2023
2023-11-09,mundhwa,0,0.0,1.0,23.575,41.46964285714285,-2.1398809523809526,80,55.57142857142857,3.0,30.4,15.0,9.5,0,14,1,1,0,-0.7825970017677834,0.6225286602431057,0,2023
2023-11-10,mundhwa,0,0.0,1.0,23.433333333333334,39.489285714285714,-1.980357142857143,83,59.714285714285715,4.142857142857143,29.8,13.7,2.5,0,14,1,1,0,-0.7717727365467836,0.6358984534680745,0,2023
2023-11-11,mundhwa,0,0.0,1.0,36.65833333333333,36.43749999999999,-3.0517857142857134,70,64.0,4.285714285714286,30.8,14.1,0.0,1,14,1,1,0,-0.7607200913564104,0.6490800741100398,0,2023
2023-11-12,mundhwa,0,0.0,1.0,44.395833333333336,34.00416666666667,-2.433333333333333,64,66.28571428571429,2.2857142857142856,31.1,13.4,0.0,2,14,1,1,1,-0.7494423368521954,0.6620696215153815,0,2023
2023-11-13,mundhwa,0,0.0,1.0,55.791666666666664,32.82678571428571,-1.1773809523809515,61,67.85714285714286,1.5714285714285714,30.4,7.7,0.0,3,14,1,1,1,-0.7379428103031386,0.6748632518680403,0,2023
2023-11-14,mundhwa,0,0.0,1.0,55.73333333333333,35.68511904761905,2.8583333333333334,58,69.42857142857143,1.5714285714285714,30.0,10.4,0.0,4,14,1,1,1,-0.7262249146041543,0.6874571793269664,0,2023
2023-11-15,mundhwa,0,0.0,1.0,49.4125,37.392857142857146,1.707738095238094,51,69.85714285714286,0.42857142857142855,29.2,10.1,0.0,5,14,1,1,1,-0.7142921172691032,0.699847677146407,0,2023
2023-11-16,mundhwa,0,0.0,1.0,56.84583333333333,41.285714285714285,3.8928571428571432,56,66.71428571428571,-3.142857142857143,29.3,9.8,0.0,6,14,1,1,1,-0.7021479494046978,0.7120310787787131,0,2023
2023-11-17,mundhwa,0,0.0,1.0,68.72916666666667,46.038690476190474,4.75297619047619,54,63.285714285714285,-3.4285714285714284,29.3,11.3,0.0,7,14,1,1,1,-0.6897960046655887,0.7240037789593305,0,2023
2023-11-18,mundhwa,0,0.0,1.0,60.145833333333336,52.509523809523806,6.470833333333333,55,59.142857142857146,-4.142857142857143,30.3,10.0,0.0,8,14,1,1,1,-0.6772399381909491,0.7357622347736527,0,2023
2023-11-19,mundhwa,0,0.0,1.0,52.362500000000004,55.86488095238094,3.3553571428571436,59,57.0,-2.142857142857143,31.3,8.7,0.0,9,14,1,1,0,-0.6644834655228552,0.7473029667054296,0,2023
2023-11-20,mundhwa,0,0.0,1.0,39.641666666666666,57.00297619047619,1.1380952380952383,62,56.285714285714285,-0.7142857142857143,30.8,12.8,0.0,10,14,1,1,0,-0.6515303615068021,0.75862255966641,0,2023
2023-11-21,mundhwa,0,0.0,1.0,37.15416666666667,54.695833333333326,-2.307142857142857,58,56.42857142857143,0.14285714285714285,29.8,14.3,0.0,11,14,1,1,0,-0.6383844591746642,0.7697176640069211,0,2023
2023-11-22,mundhwa,0,0.0,1.0,37.5375,52.04166666666667,-2.6541666666666655,55,56.42857142857143,0.0,29.7,10.5,0.0,12,14,1,1,0,-0.6250496486104377,0.7805849965070866,0,2023
2023-11-23,mundhwa,0,0.0,1.0,34.9125,50.345238095238095,-1.6964285714285714,57,57.0,0.5714285714285714,30.4,9.5,0.0,13,14,1,1,0,-0.6115298757991053,0.7912213413483807,0,2023
2023-11-24,mundhwa,0,0.0,1.0,21.070833333333333,47.21190476190476,-3.133333333333333,63,57.142857142857146,0.14285714285714285,30.8,14.6,0.4,14,14,1,1,0,-0.5978291414589552,0.801623551065242,0,2023
2023-11-25,mundhwa,0,0.0,1.0,19.958333333333332,40.403571428571425,-6.8083333333333345,70,58.42857142857143,1.2857142857142858,29.6,14.3,1.9,0,14,1,1,0,-0.5839514998576998,0.8117885474764613,0,2023
2023-11-26,mundhwa,0,0.0,1.0,23.15833333333333,34.6625,-5.741071428571429,77,60.57142857142857,2.142857142857143,30.2,16.6,25.0,0,14,1,1,0,-0.5699010576127624,0.8217133225960589,0,2023
2023-11-27,mundhwa,0,0.0,1.0,29.683333333333334,30.490476190476187,-4.17202380952381,79,63.142857142857146,2.5714285714285716,28.1,14.3,2.4,0,14,1,1,0,-0.5556819724760489,0.8313949395234058,0,2023
2023-11-28,mundhwa,0,0.0,1.0,27.8,29.067857142857143,-1.4226190476190474,81,65.57142857142857,2.4285714285714284,28.6,11.8,0.3,1,14,1,1,0,-0.5412984521036173,0.8408305333122887,0,2023
2023-11-29,mundhwa,0,0.0,1.0,22.816666666666666,27.73154761904762,-1.336309523809524,78,68.85714285714286,3.2857142857142856,28.8,8.7,0.3,2,14,1,1,0,-0.5267547528105542,0.8500173118187018,0,2023
2023-11-30,mundhwa,0,0.0,1.0,28.308333333333334,25.62857142857143,-2.1029761904761908,77,72.14285714285714,3.2857142857142856,29.3,13.3,0.3,3,14,1,1,0,-0.5120551783114646,0.8589525565270845,0,2023
2023-12-01,mundhwa,0,0.0,1.0,23.837500000000002,24.68511904761905,-0.9434523809523812,73,75.0,2.857142857142857,29.3,8.3,0.3,4,14,1,1,0,-0.4972040784469378,0.8676336233547726,0,2023
2023-12-02,mundhwa,0,0.0,1.0,18.820833333333333,25.080357142857142,0.3952380952380956,67,76.42857142857143,1.4285714285714286,30.3,16.3,0.3,5,14,1,1,0,-0.4822058478963526,0.8760579434344281,0,2023
2023-12-03,mundhwa,0,0.0,1.0,26.254166666666666,24.917857142857144,-0.1624999999999999,69,76.0,-0.42857142857142855,29.9,14.9,0.0,6,14,1,1,0,-0.46706492487743034,0.8842230238742036,0,2023
2023-12-04,mundhwa,0,0.0,1.0,20.933333333333334,25.360119047619047,0.442261904761905,68,74.85714285714286,-1.1428571428571428,30.5,13.7,0.0,7,14,1,1,0,-0.451785789832884,0.8921264484954345,0,2023
2023-12-05,mundhwa,0,0.0,1.0,23.020833333333332,24.110119047619047,-1.25,66,73.28571428571429,-1.5714285714285714,29.9,10.2,0.0,8,14,1,1,0,-0.4363729641045924,0.8997658785476209,0,2023
2023-12-06,mundhwa,0,0.0,1.0,26.308333333333334,23.427380952380954,-0.6827380952380955,73,71.14285714285714,-2.142857142857143,28.1,10.8,0.5,9,14,1,1,0,-0.42083100859565564,0.9071390534005044,0,2023
2023-12-07,mundhwa,0,0.0,1.0,27.3,23.926190476190477,0.49880952380952387,76,70.42857142857143,-0.7142857142857143,27.5,8.7,0.5,10,14,1,1,0,-0.4051645224207563,0.9142437912130223,0,2023
2023-12-08,mundhwa,0,0.0,1.0,30.620833333333334,23.782142857142855,-0.14404761904761898,72,70.28571428571429,-0.14285714285714285,28.3,8.6,0.3,11,14,1,1,0,-0.3893781415452015,0.9210779895789526,0,2023
2023-12-09,mundhwa,0,0.0,1.0,28.504166666666666,24.751190476190477,0.9690476190476188,67,70.14285714285714,-0.14285714285714285,29.1,10.5,0.0,12,14,1,1,0,-0.37347653741307074,0.9276396261490467,0,2023
2023-12-10,mundhwa,0,0.0,1.0,26.625,26.13452380952381,1.3833333333333333,67,70.14285714285714,0.0,29.3,11.0,0.0,13,14,1,1,0,-0.3574644155648614,0.9339267592294762,0,2023
2023-12-11,mundhwa,0,0.0,1.0,33.574999999999996,26.1875,0.05297619047619051,61,69.85714285714286,-0.2857142857142857,29.4,9.5,0.0,14,14,1,1,0,-0.34134651424503615,0.9399375283564133,0,2023
2023-12-12,mundhwa,0,0.0,1.0,41.18333333333333,27.99345238095238,1.8059523809523803,63,68.85714285714286,-1.0,29.3,10.5,0.0,15,14,1,1,0,-0.3251276029999093,0.9456701548465688,0,2023
2023-12-13,mundhwa,0,0.0,1.0,37.887499999999996,30.588095238095235,2.594642857142857,61,68.42857142857143,-0.42857142857142855,29.0,13.1,0.0,16,14,1,1,0,-0.30881248126625377,0.9511229423235357,0,2023
2023-12-14,mundhwa,0,0.0,1.0,25.741666666666664,32.242261904761904,1.6541666666666661,59,66.71428571428571,-1.7142857142857142,28.0,13.3,0.0,17,14,1,1,0,-0.29240597695107734,0.9562942772197719,0,2023
2023-12-15,mundhwa,0,0.0,1.0,27.962500000000002,32.019642857142856,-0.22261904761904816,59,64.28571428571429,-2.4285714285714284,27.3,14.0,0.0,18,14,1,1,0,-0.27591294500296043,0.9611826292540837,0,2023
2023-12-16,mundhwa,0,0.0,1.0,41.99166666666667,31.639880952380953,-0.37976190476190447,60,62.42857142857143,-1.8571428571428572,27.4,13.0,0.0,19,14,1,1,0,-0.2593382659754056,0.9657865518844574,0,2023
2023-12-17,mundhwa,0,0.0,1.0,49.875,33.56666666666667,1.9267857142857143,69,61.42857142857143,-1.0,27.4,14.5,0.0,20,14,1,1,0,-0.2426868445825954,0.9701046827361175,0,2023
2023-12-18,mundhwa,0,0.0,1.0,48.05416666666667,36.88809523809523,3.3214285714285716,64,61.714285714285715,0.2857142857142857,27.0,19.4,0.0,21,14,1,1,0,-0.22596360824801906,0.974135744004672,0,2023
2023-12-19,mundhwa,0,0.0,1.0,42.262499999999996,38.95654761904762,2.068452380952382,62,62.142857142857146,0.42857142857142855,26.3,16.6,0.0,22,14,1,1,0,-0.20917350564635637,0.9778785428342386,0,2023
2023-12-20,mundhwa,0,0.0,1.0,33.204166666666666,39.11071428571428,0.15416666666666654,61,62.0,-0.14285714285714285,27.2,14.8,0.0,23,14,1,1,0,-0.19232150523909483,0.9813319716704275,0,2023
2023-12-21,mundhwa,0,0.0,1.0,40.74583333333333,38.44166666666667,-0.6690476190476186,59,62.0,0.0,29.3,10.6,0.0,24,14,1,1,0,-0.17541259380427843,0.9844950085880858,0,2023
2023-12-22,mundhwa,0,0.0,1.0,50.64166666666667,40.585119047619045,2.143452380952381,60,62.0,0.0,29.6,9.2,0.0,25,14,1,1,0,-0.15845177496083632,0.9873667175937016,0,2023
2023-12-23,mundhwa,0,0.0,1.0,38.19166666666667,43.825,3.239880952380953,52,62.142857142857146,0.14285714285714285,29.4,12.1,0.0,26,14,1,1,0,-0.14144406768794202,0.9899462489023779,0,2023
2023-12-24,mundhwa,0,0.0,1.0,46.1625,43.28214285714286,-0.5428571428571425,50,61.0,-1.1428571428571428,29.1,12.3,0.0,27,14,1,1,0,-0.12439450483979998,0.9922328391893008,0,2023
2023-12-25,mundhwa,0,0.0,1.0,51.475,42.75178571428571,-0.5303571428571426,59,58.285714285714285,-2.7142857142857144,29.6,11.2,0.0,28,14,1,1,0,-0.10730813165636247,0.9942258118156161,0,2023
2023-12-26,mundhwa,0,0.0,1.0,43.75833333333333,43.240476190476194,0.48869047619047634,54,57.57142857142857,-0.7142857142857143,30.6,10.6,0.0,29,14,1,1,0,-0.09019000427034513,0.9959245770286599,0,2023
2023-12-27,mundhwa,0,0.0,1.0,47.25416666666666,43.454166666666666,0.21369047619047674,52,56.42857142857143,-1.1428571428571428,30.1,12.1,0.0,30,14,1,1,0,-0.07304518821104743,0.9973286321364752,0,2023
2023-12-28,mundhwa,0,0.0,1.0,53.104166666666664,45.461309523809526,2.0071428571428567,62,55.142857142857146,-1.2857142857142858,30.0,11.3,0.0,31,14,1,1,0,-0.05587875690537313,0.9984375616565666,0,2023
2023-12-29,mundhwa,0,0.0,1.0,38.425000000000004,47.22678571428571,1.7654761904761906,57,55.57142857142857,0.42857142857142855,29.8,11.5,0.0,32,14,1,1,0,-0.03869579017652689,0.9992510374388481,0,2023
2023-12-30,mundhwa,0,0.0,1.0,30.729166666666668,45.48154761904762,-1.7452380952380955,58,55.142857142857146,-0.42857142857142855,29.6,10.0,0.0,33,14,1,1,0,-0.021501372740813793,0.999768818762748,0,2023
2023-12-31,mundhwa,0,0.0,1.0,27.825,44.41547619047619,-1.0660714285714288,52,56.0,0.8571428571428571,30.1,11.1,0.0,34,14,1,1,0,-0.004300592702981974,0.9999907524084426,0,2023
2024-01-01,mundhwa,0,0.0,1.0,37.34166666666667,41.795833333333334,-2.6196428571428574,55,56.285714285714285,0.2857142857142857,29.5,10.1,0.0,35,14,1,1,0,0.017201575418260506,0.9998520419557735,0,2024
2024-01-02,mundhwa,0,0.0,1.0,47.59583333333333,39.776785714285715,-2.019047619047619,58,55.714285714285715,-0.5714285714285714,30.0,10.6,0.0,36,14,1,1,0,0.03439806061360801,0.9994082116062598,0,2024
2024-01-03,mundhwa,0,0.0,1.0,50.19166666666666,40.324999999999996,0.5482142857142855,60,56.285714285714285,0.5714285714285714,29.8,7.6,0.0,37,14,1,1,0,0.051584366869408364,0.9986686402879997,0,2024
2024-01-04,mundhwa,0,0.0,1.0,55.62083333333334,40.74464285714286,0.41964285714285715,60,57.42857142857143,1.1428571428571428,30.0,13.0,0.0,38,14,1,1,0,0.06875540848113941,0.9976335468520451,0,2024
2024-01-05,mundhwa,0,0.0,1.0,48.862500000000004,41.10416666666667,0.3595238095238104,59,57.142857142857146,-0.2857142857142857,29.6,13.2,0.0,39,14,1,1,0,0.08590610426133272,0.9963032375991965,0,2024
2024-01-06,mundhwa,0,0.0,1.0,48.47083333333333,42.595238095238095,1.4910714285714286,59,57.42857142857143,0.2857142857142857,29.2,10.2,0.0,40,14,1,1,0,0.10303137904317879,0.9946781061893646,0,2024
2024-01-07,mundhwa,0,0.0,1.0,27.8625,45.1297619047619,2.534523809523809,62,57.57142857142857,0.14285714285714285,29.5,13.0,0.8,41,14,1,1,0,0.1201261651823505,0.9927586335250793,0,2024
2024-01-08,mundhwa,0,0.0,1.0,24.270833333333332,45.13511904761905,0.00535714285714306,57,59.0,1.4285714285714286,29.7,15.4,0.2,42,14,1,1,0,0.13718540405660057,0.9905453876091833,0,2024
2024-01-09,mundhwa,0,0.0,1.0,20.404166666666665,43.267857142857146,-1.8672619047619052,72,59.285714285714285,0.2857142857142857,28.2,16.3,1.0,0,14,1,1,0,0.1542040475626894,0.988039023376751,0,2024
2024-01-10,mundhwa,0,0.0,1.0,28.079166666666666,39.38333333333333,-3.8845238095238095,84,61.285714285714285,2.0,28.4,9.8,3.1,0,14,1,1,0,0.17117705961019986,0.985240282501282,0,2024
2024-01-11,mundhwa,0,0.0,1.0,24.629166666666666,36.22440476190476,-3.158928571428571,73,64.71428571428571,3.4285714285714284,28.7,10.4,0.0,1,14,1,1,0,0.18809941761179758,0.9821499931752291,0,2024
2024-01-12,mundhwa,0,0.0,1.0,26.575,31.797023809523807,-4.427380952380953,62,66.57142857142857,1.8571428571428572,29.3,11.6,0.0,2,14,1,1,0,0.20496611396949532,0.9787690698649216,0,2024
2024-01-13,mundhwa,0,0.0,1.0,27.53333333333333,28.613095238095237,-3.1839285714285723,51,67.0,0.42857142857142855,29.7,11.2,0.0,3,14,1,1,0,0.22177215755648186,0.975098513039961,0,2024
2024-01-14,mundhwa,0,0.0,1.0,20.704166666666666,25.622023809523807,-2.9910714285714284,51,65.85714285714286,-1.1428571428571428,29.9,14.5,0.0,4,14,1,1,0,0.23851257519407648,0.9711394088771653,0,2024
2024-01-15,mundhwa,0,0.0,1.0,19.691666666666666,24.59940476190476,-1.0226190476190478,49,64.28571428571429,-1.5714285714285714,28.4,13.4,0.0,5,14,1,1,0,0.2551824131233728,0.9668929289391521,0,2024
2024-01-16,mundhwa,0,0.0,1.0,26.962500000000002,23.945238095238096,-0.6541666666666666,58,63.142857142857146,-1.1428571428571428,29.5,13.2,0.0,6,14,1,1,0,0.2717767384711357,0.9623603298276545,0,2024
2024-01-17,mundhwa,0,0.0,1.0,31.2375,24.88214285714286,0.9369047619047625,63,61.142857142857146,-2.0,28.9,16.6,0.0,7,14,1,1,0,0.2882906407095177,0.9575429528116719,0,2024
2024-01-18,mundhwa,0,0.0,1.0,38.487500000000004,25.333333333333332,0.4511904761904764,68,58.142857142857146,-3.0,27.4,12.3,0.0,8,14,1,1,0,0.3047192331091634,0.9524422234305676,0,2024
2024-01-19,mundhwa,0,0.0,1.0,36.2875,27.313095238095237,1.9797619047619055,66,57.42857142857143,-0.7142857142857143,28.8,13.8,0.0,9,14,1,1,0,0.321057654185271,0.9470596510722283,0,2024
2024-01-20,mundhwa,0,0.0,1.0,28.566666666666666,28.700595238095243,1.3875000000000004,62,58.0,0.5714285714285714,28.8,17.3,0.0,10,14,1,1,0,0.3373010691361842,0.9413968285264122,0,2024
2024-01-21,mundhwa,0,0.0,1.0,38.96666666666667,28.84821428571429,0.14761904761904784,62,59.57142857142857,1.5714285714285714,28.5,10.6,0.0,11,14,1,1,0,0.3534446712740877,0.9354554315134164,0,2024
2024-01-22,mundhwa,0,0.0,1.0,34.958333333333336,31.457142857142856,2.6089285714285717,61,61.142857142857146,1.5714285714285714,29.9,16.1,0.0,12,14,1,1,0,0.3694836834473831,0.9292372181882051,0,2024
2024-01-23,mundhwa,0,0.0,1.0,43.5,33.63809523809524,2.180952380952381,57,62.857142857142854,1.7142857142857142,27.4,11.0,0.0,13,14,1,1,0,0.38541335945432564,0.9227440286201427,0,2024
2024-01-24,mundhwa,0,0.0,1.0,26.6125,36.00059523809524,2.3625,45,62.714285714285715,-0.14285714285714285,27.0,10.5,0.0,14,14,1,1,0,0.4012289854475009,0.9159777842484877,0,2024
2024-01-25,mundhwa,0,0.0,1.0,24.458333333333332,35.33988095238095,-0.6607142857142857,46,60.142857142857146,-2.5714285714285716,27.4,10.9,0.0,15,14,1,1,0,0.4169258813287287,0.908940487313808,0,2024
2024-01-26,mundhwa,0,0.0,1.0,43.225,33.33571428571429,-2.0041666666666673,43,57.0,-3.142857142857143,29.9,11.3,0.0,16,14,1,1,0,0.4324994021339788,0.901634220265486,0,2024
2024-01-27,mundhwa,0,0.0,1.0,51.90833333333333,34.32678571428571,0.9910714285714286,40,53.714285714285715,-3.2857142857142856,29.9,11.5,0.0,17,14,1,1,0,0.44794493940789115,0.8940611451454876,0,2024
2024-01-28,mundhwa,0,0.0,1.0,51.208333333333336,37.66130952380952,3.3345238095238092,48,50.57142857142857,-3.142857142857143,31.2,14.5,0.0,18,14,1,1,0,0.4632579225674917,0.88622350294858,0,2024
2024-01-29,mundhwa,0,0.0,1.0,54.229166666666664,39.41011904761905,1.7488095238095238,45,48.57142857142857,-2.0,30.7,8.7,0.0,19,14,1,1,0,0.4784338202547012,0.8781236129591848,0,2024
2024-01-30,mundhwa,0,0.0,1.0,51.208333333333336,42.16309523809524,2.75297619047619,44,46.285714285714285,-2.2857142857142856,30.6,13.4,0.0,20,14,1,1,0,0.49346814167723735,0.8697638720650646,0,2024
2024-01-31,mundhwa,0,0.0,1.0,47.5625,43.26428571428572,1.1011904761904765,47,44.42857142857143,-1.8571428571428572,31.4,18.1,0.0,21,14,1,1,0,0.5083564379375122,0.8611467540480452,0,2024
2024-02-01,mundhwa,0,0.0,1.0,42.1,46.25714285714286,2.992857142857143,52,44.714285714285715,0.2857142857142857,28.5,16.3,0.0,22,14,1,1,0,0.5230943033491326,0.8522748088519838,0,2024
2024-02-02,mundhwa,0,0.0,1.0,35.416666666666664,48.77738095238095,2.5202380952380956,53,45.57142857142857,0.8571428571428571,28.8,10.9,0.0,23,14,1,1,0,0.5376773767406141,0.8431506618282,0,2024
2024-02-03,mundhwa,0,0.0,1.0,30.079166666666666,47.66190476190476,-1.115476190476191,47,47.0,1.4285714285714286,31.1,14.9,0.0,24,14,1,1,0,0.5521013427459208,0.8337770129585915,0,2024
2024-02-04,mundhwa,0,0.0,1.0,41.175000000000004,44.54345238095238,-3.1184523809523808,47,48.0,1.0,33.1,8.8,0.0,25,14,1,1,0,0.5663619330814524,0.8241566360566663,0,2024
2024-02-05,mundhwa,0,0.0,1.0,50.93333333333334,43.110119047619044,-1.4333333333333331,47,47.857142857142854,-0.14285714285714285,33.6,15.0,0.0,26,14,1,1,0,0.580454927809098,0.8142923779467267,0,2024
2024-02-06,mundhwa,0,0.0,1.0,40.675000000000004,42.63928571428572,-0.47083333333333244,45,48.142857142857146,0.2857142857142857,34.6,18.5,0.0,27,14,1,1,0,0.5943761565849831,0.804187157621448,0,2024
2024-02-07,mundhwa,0,0.0,1.0,30.508333333333336,41.13452380952382,-1.5047619047619045,42,48.285714285714285,0.14285714285714285,33.8,16.8,0.0,28,14,1,1,0,0.6081214998935418,0.7938439653781019,0,2024
2024-02-08,mundhwa,0,0.0,1.0,25.78333333333333,38.69821428571429,-2.4363095238095234,39,47.57142857142857,-0.7142857142857143,32.9,10.0,0.0,29,14,1,1,0,0.6216868902665479,0.7832658619336791,0,2024
2024-02-09,mundhwa,0,0.0,1.0,31.337500000000002,36.367261904761904,-2.3309523809523816,34,45.714285714285715,-1.8571428571428572,33.7,18.2,0.0,30,14,1,1,0,0.6350683134867438,0.7724559775191742,0,2024
2024-02-10,mundhwa,0,0.0,1.0,32.80833333333333,35.78452380952381,-0.5827380952380946,37,43.0,-2.7142857142857144,34.2,20.3,0.0,31,14,1,1,0,0.6482618097757122,0.7614175109532997,0,2024
2024-02-11,mundhwa,0,0.0,1.0,34.09583333333333,36.17440476190477,0.38988095238095205,37,41.57142857142857,-1.4285714285714286,32.9,18.7,0.0,32,14,1,1,0,0.6612634749656386,0.7501537286959042,0,2024
2024-02-12,mundhwa,0,0.0,1.0,30.8875,35.16309523809524,-1.0113095238095247,37,40.142857142857146,-1.4285714285714286,33.1,18.4,0.0,33,14,1,1,0,0.6740694616546161,0.7386679638813748,0,2024
2024-02-13,mundhwa,0,0.0,1.0,36.975,32.29940476190476,-2.863690476190477,28,38.714285714285715,-1.4285714285714286,33.8,18.4,0.0,34,14,1,1,0,0.6866759803451553,0.726963615332308,0,2024
2024-02-14,mundhwa,0,0.0,1.0,41.1,31.770833333333332,-0.528571428571429,33,36.285714285714285,-2.4285714285714284,32.7,9.8,0.0,35,14,1,1,0,0.6990793005655562,0.7150441465537444,0,2024
2024-02-15,mundhwa,0,0.0,1.0,33.141666666666666,33.283928571428575,1.5130952380952378,34,35.0,-1.2857142857142858,33.6,11.4,0.0,36,14,1,1,0,0.7112757519738152,0.7029130847082615,0,2024
2024-02-16,mundhwa,0,0.0,1.0,32.4625,34.335119047619045,1.0511904761904762,39,34.285714285714285,-0.7142857142857143,35.2,12.9,0.0,37,14,1,1,0,0.7232617254437388,0.6905740195722293,0,2024
2024-02-17,mundhwa,0,0.0,1.0,31.495833333333334,34.49583333333333,0.1607142857142852,39,35.0,0.7142857142857143,33.9,9.3,0.0,38,14,1,1,0,0.7350336741329413,0.6780306024735382,0,2024
2024-02-18,mundhwa,0,0.0,1.0,47.30416666666667,34.30833333333333,-0.1874999999999995,38,35.285714285714285,0.2857142857142857,34.6,15.6,0.0,39,14,1,1,0,0.746588114532413,0.6652865452111116,0,2024
2024-02-19,mundhwa,0,0.0,1.0,33.15833333333334,36.195238095238096,1.8869047619047623,29,35.42857142857143,0.14285714285714285,33.9,17.1,0.0,40,14,1,1,0,0.7579216274973472,0.6523456189565257,0,2024
2024-02-20,mundhwa,0,0.0,1.0,21.808333333333334,36.51964285714286,0.32440476190476275,33,34.285714285714285,-1.1428571428571428,33.7,21.5,0.0,41,14,1,1,0,0.7690308592589181,0.6392116531380588,0,2024
2024-02-21,mundhwa,0,0.0,1.0,21.2625,34.35297619047619,-2.166666666666667,50,35.0,0.7142857142857143,31.5,18.9,0.0,42,14,1,1,0,0.7799125224167177,0.6258885343075018,0,2024
2024-02-22,mundhwa,0,0.0,1.0,26.241666666666664,31.51904761904762,-2.833928571428572,58,37.42857142857143,2.4285714285714284,30.5,18.7,0.0,43,14,1,1,0,0.7905633969115482,0.612380204990065,0,2024
2024-02-23,mundhwa,0,0.0,1.0,27.275000000000002,30.533333333333335,-0.985714285714286,45,40.857142857142854,3.4285714285714284,31.2,11.6,0.0,44,14,1,1,0,0.8009803309782905,0.5986906625177214,0,2024
2024-02-24,mundhwa,0,0.0,1.0,23.53333333333333,29.792261904761908,-0.741071428571428,36,41.714285714285715,0.8571428571428571,33.0,18.0,0.0,45,14,1,1,0,0.8111602420785621,0.5848239578463322,0,2024
2024-02-25,mundhwa,0,0.0,1.0,24.004166666666666,28.6547619047619,-1.1375000000000004,20,41.285714285714285,-0.42857142857142855,33.2,12.1,0.0,46,14,1,1,0,0.8211001178128892,0.5707841943569036,0,2024
2024-02-26,mundhwa,0,0.0,1.0,40.86666666666667,25.326190476190476,-3.3285714285714287,38,38.714285714285715,-2.5714285714285716,34.9,16.6,0.0,47,14,1,1,0,0.8307970168121247,0.5565755266413303,0,2024
2024-02-27,mundhwa,0,0.0,1.0,53.574999999999996,26.427380952380954,1.1011904761904756,38,40.0,1.2857142857142858,35.1,22.0,0.0,48,14,1,1,0,0.8402480696078469,0.5422021592729844,0,2024
2024-02-28,mundhwa,0,0.0,1.0,39.93333333333333,30.96547619047619,4.538095238095237,35,40.714285714285715,0.7142857142857143,33.6,11.9,0.0,49,14,1,1,0,0.8494504794814806,0.527668345562516,0,2024
2024-02-29,mundhwa,0,0.0,1.0,29.291666666666668,33.632738095238096,2.6672619047619044,34,38.57142857142857,-2.142857142857143,35.1,17.1,0.0,50,14,1,1,0,0.8584015232918917,0.512978386299228,0,2024
2024-03-01,mundhwa,0,0.0,1.0,43.025,34.06845238095238,0.43571428571428633,37,35.142857142857146,-3.4285714285714284,35.8,15.5,0.0,51,14,1,1,0,0.8670985522812081,0.4981366284784055,0,2024
2024-03-02,mundhwa,0,0.0,1.0,37.762499999999996,36.31845238095237,2.2499999999999996,45,34.0,-1.1428571428571428,34.5,24.5,0.0,52,14,1,1,0,0.8755389928586302,0.4831474640149687,0,2024
2024-03-03,mundhwa,0,0.0,1.0,21.379166666666666,38.351190476190474,2.032738095238095,63,35.285714285714285,1.2857142857142858,31.1,22.2,0.0,53,14,1,1,0,0.8837203473619977,0.4680153284438345,0,2024
2024-03-04,mundhwa,0,0.0,1.0,23.670833333333334,37.976190476190474,-0.375,49,41.42857142857143,6.142857142857143,32.4,18.7,0.0,54,14,1,1,0,0.8916401947968874,0.45274469960737107,0,2024
2024-03-05,mundhwa,0,0.0,1.0,28.15416666666667,35.51964285714285,-2.456547619047619,39,43.0,1.5714285714285714,34.6,19.5,0.0,55,14,1,1,0,0.8992961915530253,0.4373400963303323,0,2024
2024-03-06,mundhwa,0,0.0,1.0,32.38333333333333,31.888095238095236,-3.6315476190476184,35,43.142857142857146,0.14285714285714285,34.9,22.7,0.0,56,14,1,1,0,0.9066860720977985,0.4218060770826634,0,2024
2024-03-07,mundhwa,0,0.0,1.0,26.620833333333334,30.809523809523803,-1.078571428571428,23,43.142857142857146,0.0,34.7,17.8,0.0,57,14,1,1,0,0.9138076496466615,0.4061472386305789,0,2024
2024-03-08,mundhwa,0,0.0,1.0,18.879166666666666,30.427976190476187,-0.3815476190476192,23,41.57142857142857,-1.5714285714285714,35.5,20.8,0.0,58,14,1,1,0,0.9206588168102428,0.3903682146763026,0,2024
2024-03-09,mundhwa,0,0.0,1.0,17.8625,26.978571428571424,-3.449404761904762,21,39.57142857142857,-2.0,35.2,15.3,0.0,59,14,1,1,0,0.9272375462179537,0.374473674486883,0,2024
2024-03-10,mundhwa,0,0.0,1.0,22.183333333333334,24.135714285714283,-2.842857142857142,26,36.142857142857146,-3.4285714285714284,36.5,19.5,0.0,60,14,1,1,0,0.9335418911179212,0.35846832151248087,0,2024
2024-03-11,mundhwa,0,0.0,1.0,26.741666666666664,24.250595238095237,0.11488095238095244,25,30.857142857142858,-5.285714285714286,36.0,18.8,0.0,61,14,1,1,0,0.9395699859530622,0.342356891994542,0,2024
2024-03-12,mundhwa,0,0.0,1.0,27.674999999999997,24.689285714285717,0.43869047619047563,29,27.428571428571427,-3.4285714285714284,37.2,20.5,0.0,62,14,1,1,0,0.945320046913132,0.3261441535642696,0,2024
2024-03-13,mundhwa,0,0.0,1.0,24.8125,24.620833333333334,-0.06845238095238163,30,26.0,-1.4285714285714286,35.4,18.1,0.0,63,14,1,1,0,0.9507903724625832,0.3098349038318025,0,2024
2024-03-14,mundhwa,0,0.0,1.0,29.504166666666666,23.53928571428571,-1.081547619047619,32,25.285714285714285,-0.7142857142857143,35.2,17.8,0.0,64,14,1,1,0,0.9559793438440766,0.2934339689665273,0,2024
2024-03-15,mundhwa,0,0.0,1.0,32.175000000000004,23.951190476190476,0.41190476190476183,29,26.571428571428573,1.2857142857142858,35.1,20.5,0.0,65,14,1,1,0,0.9608854255574977,0.27694620226893646,0,2024
2024-03-16,mundhwa,0,0.0,1.0,37.012499999999996,25.850595238095234,1.8994047619047625,35,27.428571428571427,0.8571428571428571,35.6,20.7,0.0,66,14,1,1,0,0.9655071658143364,0.2603764827344581,0,2024
2024-03-17,mundhwa,0,0.0,1.0,36.125,28.586309523809522,2.735714285714285,30,29.428571428571427,2.0,36.2,23.9,0.0,67,14,1,1,0,0.969843196967294,0.24372971360968387,0,2024
2024-03-18,mundhwa,0,0.0,1.0,33.42916666666667,30.57797619047619,1.9916666666666667,21,30.0,0.5714285714285714,35.1,21.5,0.0,68,14,1,1,0,0.9738922359149924,0.22701082094141847,0,2024
2024-03-19,mundhwa,0,0.0,1.0,32.67916666666667,31.53333333333333,0.9553571428571433,27,29.428571428571427,-0.5714285714285714,34.9,17.4,0.0,69,14,1,1,0,0.9776530844816641,0.2102247521189836,0,2024
2024-03-20,mundhwa,0,0.0,1.0,22.454166666666666,32.24821428571429,0.7148809523809528,19,29.142857142857142,-0.2857142857142857,35.5,16.6,0.0,70,14,1,1,0,0.981124629771712,0.19337647441020586,0,2024
2024-03-21,mundhwa,0,0.0,1.0,26.6375,31.911309523809525,-0.33690476190476204,22,27.571428571428573,-1.5714285714285714,36.3,13.1,0.0,71,14,1,1,0,0.984305844499033,0.17647097349152166,0,2024
2024-03-22,mundhwa,0,0.0,1.0,43.81666666666666,31.501785714285717,-0.40952380952380957,38,26.142857142857142,-1.4285714285714286,36.4,20.8,0.0,72,14,1,1,0,0.9871957872910085,0.15951325197263655,0,2024
2024-03-23,mundhwa,0,0.0,1.0,42.166666666666664,33.16488095238095,1.6630952380952368,30,27.428571428571427,1.2857142857142858,36.6,22.2,0.0,73,14,1,1,0,0.9897936029670716,0.14250832791617088,0,2024
2024-03-24,mundhwa,0,0.0,1.0,31.075,33.90119047619048,0.7363095238095241,27,26.714285714285715,-0.7142857142857143,37.6,18.5,0.0,74,14,1,1,1,0.992098522791769,0.12546123335273648,0,2024
2024-03-25,mundhwa,0,0.0,1.0,31.604166666666668,33.179761904761904,-0.7214285714285715,35,26.285714285714285,-0.42857142857142855,37.8,15.8,0.0,75,14,1,1,1,0.9941098647022418,0.10837701279187609,0,2024
2024-03-26,mundhwa,0,0.0,1.0,34.00416666666667,32.91904761904762,-0.2607142857142856,33,28.285714285714285,2.0,38.3,16.9,0.0,76,14,1,1,1,0.9958270335100595,0.09126072172931188,0,2024
2024-03-27,mundhwa,0,0.0,1.0,35.65416666666667,33.108333333333334,0.1892857142857147,34,29.142857142857142,0.8571428571428571,39.5,20.9,0.0,77,14,1,1,1,0.9972495210773451,0.07411742515094437,0,2024
2024-03-28,mundhwa,0,0.0,1.0,36.862500000000004,34.99404761904762,1.8857142857142861,34,31.285714285714285,2.142857142857143,38.7,22.7,0.0,78,14,1,1,1,0.998376906467142,0.056952196034039754,0,2024
2024-03-29,mundhwa,0,0.0,1.0,39.59583333333333,36.4547619047619,1.4607142857142865,37,33.0,1.7142857142857142,38.9,21.1,0.1,79,14,1,1,1,0.9992088560679753,0.03977011384605572,0,2024
2024-03-30,mundhwa,0,0.0,1.0,42.270833333333336,35.85178571428571,-0.6029761904761902,40,32.857142857142854,-0.14285714285714285,38.2,20.9,0.0,80,14,1,1,1,0.9997451236925734,0.022576263041545485,0,2024
2024-03-31,mundhwa,0,0.0,1.0,36.9375,35.86666666666667,0.014880952380953058,29,34.285714285714285,1.4285714285714286,38.4,21.7,0.0,81,14,1,1,0,0.9999855506507186,0.005375731557583884,0,2024
2024-04-01,mundhwa,0,0.0,1.0,32.050000000000004,36.704166666666666,0.8375000000000001,20,34.57142857142857,0.2857142857142857,39.0,21.1,0.0,82,14,1,1,0,0.9999300657962057,-0.011826390691832589,0,2024
2024-04-02,mundhwa,0,0.0,1.0,36.550000000000004,36.767857142857146,0.06369047619047663,27,32.42857142857143,-2.142857142857143,39.1,21.7,0.0,83,14,1,1,0,0.9995786855478958,-0.029025013321975237,0,2024
2024-04-03,mundhwa,0,0.0,1.0,34.97083333333333,37.13154761904762,0.36369047619047634,31,31.571428571428573,-0.8571428571428571,39.1,23.1,0.0,84,14,1,1,0,0.9989315138848577,-0.046215046983708354,0,2024
2024-04-04,mundhwa,0,0.0,1.0,31.170833333333334,37.033928571428575,-0.09761904761904816,29,31.142857142857142,-0.42857142857142855,39.2,21.3,0.0,85,14,1,1,0,0.9979887423155984,-0.06339140486951038,0,2024
2024-04-05,mundhwa,0,0.0,1.0,28.59166666666667,36.22083333333333,-0.8130952380952385,28,30.428571428571427,-0.7142857142857143,39.9,22.9,0.0,86,14,1,1,0,0.9967506498213929,-0.08054900421874167,0,2024
2024-04-06,mundhwa,0,0.0,1.0,22.416666666666668,34.648809523809526,-1.572023809523809,24,29.142857142857142,-1.2857142857142858,39.4,25.8,0.0,87,14,1,1,0,0.9952176027737294,-0.09768276782171598,0,2024
2024-04-07,mundhwa,0,0.0,1.0,25.34583333333333,31.812500000000004,-2.836309523809524,22,26.857142857142858,-2.2857142857142856,38.2,25.8,0.0,88,14,1,1,0,0.9933900548258936,-0.11478762552212701,0,2024
2024-04-08,mundhwa,0,0.0,1.0,18.383333333333333,30.156547619047622,-1.6559523809523813,20,25.857142857142858,-1.0,38.0,17.7,0.0,89,14,1,1,0,0.9912685467787256,-0.13185851571739118,0,2024
2024-04-09,mundhwa,0,0.0,1.0,27.3625,28.20416666666667,-1.952380952380953,32,25.857142857142858,0.0,38.8,22.0,0.0,90,14,1,1,0,0.9888537064205885,-0.1488903868564548,0,2024
2024-04-10,mundhwa,0,0.0,1.0,31.916666666666668,26.89166666666667,-1.3125000000000004,32,26.571428571428573,0.7142857142857143,38.8,22.0,0.0,91,14,1,1,0,0.986146248341595,-0.16587819893463143,0,2024
2024-04-11,mundhwa,0,0.0,1.0,33.25833333333333,26.455357142857142,-0.43630952380952337,27,26.714285714285715,0.14285714285714285,39.1,23.8,0.0,92,14,1,1,0,0.9831469737221499,-0.1828169249850199,0,2024
2024-04-12,mundhwa,0,0.0,1.0,28.483333333333334,26.75357142857143,0.2982142857142855,28,26.428571428571427,-0.2857142857142857,38.3,23.6,0.0,93,14,1,1,0,0.9798567700958665,-0.1997015525660636,0,2024
2024-04-13,mundhwa,0,0.0,1.0,25.816666666666666,26.73809523809524,-0.015476190476190612,35,26.428571428571427,0.0,37.9,20.9,0.0,94,14,1,1,0,0.9762766110869321,-0.21652708524481437,0,2024
2024-04-14,mundhwa,0,0.0,1.0,26.691666666666666,27.223809523809525,0.4857142857142855,45,28.0,1.5714285714285714,39.2,24.0,0.0,95,14,1,1,0,0.9724075561219968,-0.23328854407545518,0,2024
2024-04-15,mundhwa,0,0.0,1.0,30.3625,27.416071428571428,0.192261904761905,43,31.285714285714285,3.2857142857142856,40.4,20.2,0.1,96,14,1,1,0,0.9682507501166718,-0.2499809690726521,0,2024
2024-04-16,mundhwa,0,0.0,1.0,39.69166666666667,29.12738095238095,1.711309523809524,35,34.57142857142857,3.2857142857142856,39.5,14.8,0.0,97,14,1,1,0,0.9638074231367307,-0.26659942067929354,0,2024
2024-04-17,mundhwa,0,0.0,1.0,45.475,30.888690476190472,1.7613095238095242,33,35.0,0.42857142857142855,40.7,22.5,0.3,98,14,1,1,0,0.9590788900341131,-0.28313898122818354,0,2024
2024-04-18,mundhwa,0,0.0,1.0,31.316666666666666,32.82559523809524,1.936904761904762,50,35.142857142857146,0.14285714285714285,40.3,18.8,0.1,99,14,1,1,0,0.9540665500578387,-0.2995947563972602,0,2024
2024-04-19,mundhwa,0,0.0,1.0,31.116666666666664,32.54821428571429,-0.27738095238095234,40,38.42857142857143,3.2857142857142856,40.2,24.6,0.0,100,14,1,1,0,0.9487718864399473,-0.31596187665790293,0,2024
2024-04-20,mundhwa,0,0.0,1.0,33.44166666666667,32.92440476190477,0.37619047619047563,43,40.142857142857146,1.7142857142857142,38.9,19.3,0.0,101,14,1,1,0,0.9431964659565866,-0.33223549871590435,0,2024
2024-04-21,mundhwa,0,0.0,1.0,30.099999999999998,34.013690476190476,1.0892857142857149,37,41.285714285714285,1.1428571428571428,38.2,19.7,0.0,102,14,1,1,0,0.9373419384643772,-0.3484108069446808,0,2024
2024-04-22,mundhwa,0,0.0,1.0,32.225,34.50059523809524,0.4869047619047616,34,40.142857142857146,-1.1428571428571428,38.8,19.5,0.0,103,14,1,1,0,0.9312100364121947,-0.3644830148102912,0,2024
2024-04-23,mundhwa,0,0.0,1.0,33.824999999999996,34.766666666666666,0.2660714285714287,32,38.857142857142854,-1.2857142857142858,39.4,23.3,0.0,104,14,1,1,0,0.9248025743285089,-0.38044736628785164,0,2024
2024-04-24,mundhwa,0,1.0,1.0,35.324999999999996,33.92857142857143,-0.8380952380952392,37,38.42857142857143,-0.42857142857142855,39.4,11.3,0.0,105,14,1,1,0,0.9181214482844364,-0.39629913726891813,1,2024
2024-04-25,mundhwa,1,1.0,1.0,35.454166666666666,32.47857142857142,-1.4500000000000008,40,39.0,0.5714285714285714,39.2,17.0,3.0,0,14,1,1,0,0.9111686353326631,-0.41203363695942635,1,2024
2024-04-26,mundhwa,0,0.0,1.0,34.987500000000004,33.06964285714285,0.5910714285714285,33,37.57142857142857,-1.4285714285714286,39.4,24.2,0.1,1,14,1,1,0,0.9039461929224011,-0.42764620926777464,0,2024
2024-04-27,mundhwa,0,0.0,1.0,39.82083333333333,33.62261904761905,0.5529761904761915,33,36.57142857142857,-1.0,40.3,14.4,0.0,2,14,1,1,0,0.8964562582905575,-0.44313223418263453,0,2024
2024-04-28,mundhwa,0,0.0,1.0,30.745833333333334,34.53392857142857,0.9113095238095232,30,35.142857142857146,-1.4285714285714286,41.0,22.2,0.0,3,14,1,1,0,0.8887010478292915,-0.45848712914008766,0,2024
2024-04-29,mundhwa,0,0.0,1.0,28.337500000000002,34.62619047619047,0.0922619047619051,24,34.142857142857146,-1.0,40.8,21.4,0.0,4,14,1,1,0,0.8806828564301475,-0.47370635037968,0,2024
2024-04-30,mundhwa,0,0.0,1.0,25.075,34.07083333333333,-0.5553571428571428,20,32.714285714285715,-1.4285714285714286,40.9,20.0,0.0,5,14,1,1,0,0.8724040568049612,-0.48878539428899265,0,2024
2024-05-01,mundhwa,0,0.0,1.0,22.4375,32.82083333333333,-1.2499999999999996,27,31.0,-1.7142857142857142,38.3,24.3,0.0,6,14,1,1,0,0.8638670987837349,-0.503719798736334,0,2024
2024-05-02,mundhwa,0,0.0,1.0,23.625,30.979761904761908,-1.841071428571428,33,29.571428571428573,-1.4285714285714286,38.8,18.7,0.0,7,14,1,1,0,0.8550745085896932,-0.518505144391157,0,2024
2024-05-03,mundhwa,0,0.0,1.0,27.224999999999998,29.28988095238095,-1.6898809523809522,32,28.571428571428573,-1.0,39.8,18.6,0.0,8,14,1,1,0,0.8460288880917339,-0.533137056031809,0,2024
2024-05-04,mundhwa,0,0.0,1.0,29.8,28.18095238095238,-1.1089285714285724,42,28.428571428571427,-0.14285714285714285,39.0,16.7,0.0,9,14,1,1,0,0.8367329140344921,-0.5476112038402312,0,2024
2024-05-05,mundhwa,0,0.0,1.0,23.229166666666668,26.749404761904763,-1.4315476190476188,45,29.714285714285715,1.2857142857142858,39.2,23.0,0.0,10,14,1,1,0,0.8271893372462497,-0.5619233046832195,0,2024
2024-05-06,mundhwa,0,0.0,1.0,20.033333333333335,25.675595238095237,-1.0738095238095238,47,31.857142857142858,2.142857142857143,37.9,21.5,0.0,11,14,1,1,0,0.8174009818249189,-0.5760691233798758,0,2024
2024-05-07,mundhwa,0,0.0,1.0,17.650000000000002,24.48928571428571,-1.1863095238095238,55,35.142857142857146,3.2857142857142856,37.4,23.6,0.0,12,14,1,1,0,0.8073707443023492,-0.5900444739548627,0,2024
2024-05-08,mundhwa,0,0.0,1.0,17.675,23.428571428571427,-1.0607142857142853,61,40.142857142857146,5.0,38.6,26.2,0.0,13,14,1,1,0,0.7971015927871943,-0.6038452208771035,0,2024
2024-05-09,mundhwa,0,0.0,1.0,20.608333333333334,22.748214285714287,-0.6803571428571428,58,45.0,4.857142857142857,36.5,22.8,0.4,14,14,1,1,0,0.7865965660866021,-0.6174672802835514,0,2024
2024-05-10,mundhwa,0,0.0,1.0,29.120833333333334,22.317261904761903,-0.4309523809523808,62,48.57142857142857,3.5714285714285716,36.9,17.1,11.8,0,14,1,1,0,0.7758587728069828,-0.6309066211876704,0,2024
2024-05-11,mundhwa,0,0.0,1.0,34.11666666666667,22.58809523809524,0.27083333333333365,58,52.857142857142854,4.285714285714286,36.4,25.4,0.2,1,14,1,1,0,0.7648913904341225,-0.6441592666722685,0,2024
2024-05-12,mundhwa,0,0.0,1.0,34.041666666666664,23.204761904761906,0.6166666666666666,52,55.142857142857146,2.2857142857142856,36.1,16.1,2.1,0,14,1,1,0,0.753697664392914,-0.6572212950663319,0,2024
2024-05-13,mundhwa,0,0.0,1.0,37.975,24.749404761904763,1.5446428571428565,56,56.142857142857146,1.0,34.8,24.0,7.0,0,14,1,1,0,0.742280907086982,-0.6700888411055113,0,2024
2024-05-14,mundhwa,0,0.0,1.0,37.041666666666664,27.3125,2.563095238095238,52,57.42857142857143,1.2857142857142858,37.7,17.6,0.0,1,14,1,1,0,0.7306444969184916,-0.6827580970759147,0,2024
2024-05-15,mundhwa,0,0.0,1.0,34.7125,30.082738095238096,2.7702380952380947,49,57.0,-0.42857142857142855,38.3,19.1,0.0,2,14,1,1,0,0.7187918772884232,-0.6952253139408722,0,2024
2024-05-16,mundhwa,0,0.0,1.0,30.02916666666667,32.516666666666666,2.433928571428571,58,55.285714285714285,-1.7142857142857142,39.1,14.0,4.4,0,14,1,1,0,0.7067265555776158,-0.7074868024503348,0,2024
2024-05-17,mundhwa,0,0.0,1.0,43.54583333333333,33.862500000000004,1.3458333333333334,59,55.285714285714285,0.0,37.7,23.1,2.0,0,14,1,1,0,0.6944521021088763,-0.719538934232584,0,2024
2024-05-18,mundhwa,0,0.0,1.0,55.833333333333336,35.92321428571429,2.0607142857142846,51,54.857142857142854,-0.42857142857142855,38.7,19.1,0.3,1,14,1,1,0,0.6819721490904629,-0.7313781428679254,0,2024
2024-05-19,mundhwa,0,0.0,1.0,40.56666666666667,39.02559523809524,3.1023809523809525,56,53.857142857142854,-1.0,38.9,20.8,0.3,2,14,1,1,0,0.6692903895412567,-0.7430009249440493,0,2024
2024-05-20,mundhwa,0,0.0,1.0,34.895833333333336,39.95773809523809,0.9321428571428579,62,54.42857142857143,0.5714285714285714,40.5,24.5,0.8,3,14,1,1,0,0.6564105761979381,-0.7544038410927472,0,2024
2024-05-21,mundhwa,0,0.0,1.0,23.53333333333333,39.517857142857146,-0.43988095238095226,56,55.285714285714285,0.8571428571428571,41.7,21.8,0.0,4,14,1,1,0,0.6433365204044917,-0.765583517007675,0,2024
2024-05-22,mundhwa,0,0.0,1.0,31.370833333333334,37.58809523809524,-1.9297619047619048,59,55.857142857142854,0.5714285714285714,39.9,20.4,0.4,5,14,1,1,0,0.6300720909843687,-0.7765366444428655,0,2024
2024-05-23,mundhwa,0,0.0,1.0,31.604166666666668,37.11071428571429,-0.47738095238095213,68,57.285714285714285,1.4285714285714286,38.8,20.9,2.7,0,14,1,1,0,0.6166212130956382,-0.7872599821916922,0,2024
2024-05-24,mundhwa,0,0.0,1.0,23.641666666666666,37.33571428571428,0.2249999999999999,62,58.714285714285715,1.4285714285714286,35.9,26.4,0.3,1,14,1,1,0,0.6029878670694714,-0.7977503570459932,0,2024
2024-05-25,mundhwa,0,0.0,1.0,16.129166666666666,34.492261904761904,-2.8434523809523804,66,59.142857142857146,0.42857142857142855,34.1,27.4,0.0,2,14,1,1,0,0.5891760872322963,-0.8080046647350754,0,2024
2024-05-26,mundhwa,0,0.0,1.0,18.075,28.820238095238096,-5.672023809523809,68,61.285714285714285,2.142857142857143,34.3,26.9,0.0,3,14,1,1,0,0.5751899607119775,-0.8180198708443174,0,2024
2024-05-27,mundhwa,0,0.0,1.0,17.224999999999998,25.607142857142858,-3.2130952380952387,73,63.0,1.7142857142857142,32.7,27.8,0.0,4,14,1,1,0,0.5610336262283677,-0.8277930117131022,0,2024
2024-05-28,mundhwa,0,0.0,1.0,16.591666666666665,23.082738095238096,-2.5244047619047625,68,64.57142857142857,1.5714285714285714,34.1,31.8,0.0,5,14,1,1,0,0.5467112728685939,-0.8373211953118121,0,2024
2024-05-29,mundhwa,0,0.0,1.0,16.9875,22.091071428571432,-0.9916666666666666,66,66.28571428571429,1.7142857142857142,34.4,28.1,0.0,6,14,1,1,0,0.5322271388474397,-0.8466016020976267,0,2024
2024-05-30,mundhwa,0,0.0,1.0,15.454166666666666,20.036309523809525,-2.0547619047619046,64,67.28571428571429,1.0,36.2,23.1,0.0,7,14,1,1,0,0.5175855102531889,-0.8556314858488706,0,2024
2024-05-31,mundhwa,0,0.0,1.0,13.108333333333334,17.729166666666668,-2.3071428571428574,67,66.71428571428571,-0.5714285714285714,35.8,21.7,0.0,8,14,1,1,0,0.5027907197793043,-0.8644081744776648,0,2024
2024-06-01,mundhwa,0,0.0,1.0,11.441666666666668,16.22440476190476,-1.5047619047619045,65,67.42857142857143,0.7142857142857143,35.9,20.2,0.1,9,14,1,1,0,0.4878471454423119,-0.8729290708206411,0,2024
2024-06-02,mundhwa,0,0.0,1.0,13.845833333333333,15.554761904761904,-0.6696428571428569,58,67.28571428571429,-0.14285714285714285,36.2,18.8,0.0,10,14,1,1,0,0.47275920928627757,-0.881191653407483,0,2024
2024-06-03,mundhwa,0,0.0,1.0,17.8,14.950595238095238,-0.6041666666666666,62,65.85714285714286,-1.4285714285714286,37.4,19.4,2.1,0,14,1,1,0,0.4575313760742512,-0.8891934772070711,0,2024
2024-06-04,mundhwa,0,0.0,1.0,16.1625,15.032738095238093,0.08214285714285754,81,64.28571428571429,-1.5714285714285714,31.4,16.5,21.0,0,14,1,1,0,0.44216815196707204,-0.8969321743510065,0,2024
2024-06-05,mundhwa,0,0.0,1.0,10.291666666666666,14.971428571428572,-0.06130952380952337,79,66.14285714285714,1.8571428571428572,33.2,23.9,7.9,0,14,1,1,0,0.42667408318992467,-0.9044054548343001,0,2024
2024-06-06,mundhwa,0,0.0,1.0,14.145833333333334,14.014880952380953,-0.9565476190476192,79,68.0,1.8571428571428572,33.6,17.5,6.1,0,14,1,1,0,0.4110537546870351,-0.9116111071930239,0,2024
2024-06-07,mundhwa,0,0.0,1.0,21.625,13.82797619047619,-0.18690476190476168,78,70.14285714285714,2.142857142857143,33.9,19.2,13.8,0,14,1,1,0,0.3953117887649151,-0.9185469991587165,0,2024
2024-06-08,mundhwa,0,0.0,1.0,25.825,15.044642857142858,1.2166666666666666,80,71.71428571428571,1.5714285714285714,32.3,17.3,9.3,0,14,1,1,0,0.37945284372454435,-0.925211078289358,0,2024
2024-06-09,mundhwa,0,0.0,1.0,23.933333333333334,17.09940476190476,2.0547619047619046,85,73.85714285714286,2.142857142857143,27.0,16.1,2.8,0,14,1,1,0,0.36348161248290634,-0.9316013725767187,0,2024
2024-06-10,mundhwa,0,0.0,1.0,19.1375,18.54047619047619,1.4410714285714286,85,77.71428571428571,3.857142857142857,27.7,18.2,17.1,0,14,1,1,0,0.3474028211842774,-0.9377159910299093,0,2024
2024-06-11,mundhwa,0,0.0,1.0,9.620833333333334,18.73154761904762,0.19107142857142836,86,81.0,3.2857142857142856,27.9,19.9,21.9,0,14,1,1,0,0.3312212278016865,-0.9435531242349544,0,2024
2024-06-12,mundhwa,0,0.0,1.0,9.833333333333334,17.79702380952381,-0.9345238095238096,84,81.71428571428571,0.7142857142857143,28.8,18.4,9.5,0,14,1,1,0,0.31494162072895193,-0.9491110448902284,0,2024
2024-06-13,mundhwa,0,0.0,1.0,7.083333333333333,17.731547619047618,-0.06547619047619031,82,82.42857142857143,0.7142857142857143,28.8,19.8,9.1,0,14,1,1,0,0.2985688173637202,-0.9543881083175908,0,2024
2024-06-14,mundhwa,0,0.0,1.0,7.7,16.722619047619048,-1.0089285714285716,80,82.85714285714286,0.42857142857142855,28.9,20.6,1.2,0,14,1,1,0,0.2821076626819194,-0.9593827529490743,0,2024
2024-06-15,mundhwa,0,0.0,1.0,7.391666666666667,14.733333333333333,-1.9892857142857143,80,83.14285714285714,0.2857142857142857,29.3,16.0,3.4,0,14,1,1,0,0.26556302780405594,-0.9640935007889755,0,2024
2024-06-16,mundhwa,0,0.0,1.0,11.225,12.1,-2.6333333333333333,82,83.14285714285714,0.0,30.5,15.9,8.7,0,14,1,1,0,0.24893980855376657,-0.9685189578512204,0,2024
2024-06-17,mundhwa,0,0.0,1.0,12.5375,10.28452380952381,-1.8154761904761905,82,82.71428571428571,-0.42857142857142855,30.6,17.1,5.9,0,14,1,1,0,0.23224292400907015,-0.9726578145718654,0,2024
2024-06-18,mundhwa,0,0.0,1.0,9.595833333333333,9.341666666666667,-0.9428571428571428,81,82.28571428571429,-0.42857142857142855,29.6,23.2,19.5,0,14,1,1,0,0.21547731504673012,-0.976508846196619,0,2024
2024-06-19,mundhwa,0,0.0,1.0,8.204166666666667,9.338095238095239,-0.003571428571428622,82,81.57142857142857,-0.7142857142857143,27.8,23.2,1.8,0,14,1,1,0,0.19864794288017112,-0.9800709131432666,0,2024
2024-06-20,mundhwa,0,0.0,1.0,4.879166666666666,9.105357142857143,-0.23273809523809522,84,81.28571428571429,-0.2857142857142857,29.0,23.7,3.4,0,14,1,1,0,0.18175978759137534,-0.9833429613388902,0,2024
2024-06-21,mundhwa,0,0.0,1.0,8.012500000000001,8.790476190476191,-0.3148809523809524,81,81.57142857142857,0.2857142857142857,29.4,23.8,0.6,1,14,1,1,0,0.16481784665719793,-0.9863240225317866,0,2024
2024-06-22,mundhwa,0,0.0,1.0,9.845833333333333,8.835119047619047,0.04464285714285727,78,81.71428571428571,0.14285714285714285,29.8,20.5,0.5,2,14,1,1,0,0.14782713347053048,-0.9890132145779883,0,2024
2024-06-23,mundhwa,0,0.0,1.0,12.345833333333333,9.185714285714285,0.35059523809523807,80,81.42857142857143,-0.2857142857142857,30.3,15.5,2.5,0,14,1,1,0,0.13079267585675922,-0.9914097417023038,0,2024
2024-06-24,mundhwa,0,0.0,1.0,9.966666666666667,9.345833333333333,0.16011904761904766,80,81.14285714285714,-0.2857142857142857,30.8,16.2,5.4,0,14,1,1,0,0.11371951458594969,-0.9935128947338007,0,2024
2024-06-25,mundhwa,0,0.0,1.0,5.641666666666667,8.97857142857143,-0.3672619047619047,81,80.85714285714286,-0.2857142857142857,29.4,22.3,4.0,0,14,1,1,0,0.0966127018812031,-0.9953220513156602,0,2024
2024-06-26,mundhwa,0,0.0,1.0,2.9166666666666665,8.413690476190476,-0.5648809523809524,84,80.85714285714286,0.0,29.7,26.7,5.3,0,14,1,1,0,0.07947729992362097,-0.9968366760893436,0,2024
2024-06-27,mundhwa,0,0.0,1.0,3.795833333333333,7.658333333333333,-0.7553571428571431,84,81.14285714285714,0.2857142857142857,27.6,28.4,2.2,0,14,1,1,0,0.062318379354325076,-0.998056320853012,0,2024
2024-06-28,mundhwa,0,0.0,1.0,3.5416666666666665,7.503571428571428,-0.1547619047619048,84,81.14285714285714,0.0,27.8,28.8,11.5,0,14,1,1,0,0.04514101777397193,-0.9989806246941579,0,2024
2024-06-29,mundhwa,0,0.0,1.0,4.720833333333333,6.864880952380952,-0.6386904761904765,82,81.57142857142857,0.42857142857142855,28.4,27.6,1.7,0,14,1,1,0,0.02795029824021032,-0.999609314096404,0,2024
2024-06-30,mundhwa,0,0.0,1.0,3.7458333333333336,6.1327380952380945,-0.7321428571428571,84,82.14285714285714,0.5714285714285714,27.9,26.1,4.7,0,14,1,1,0,0.01075130776352193,-0.9999422030204416,0,2024
2024-07-01,mundhwa,0,0.0,1.0,3.733333333333334,4.904166666666667,-1.2285714285714284,85,82.71428571428571,0.5714285714285714,27.2,32.1,4.9,0,14,1,1,0,-0.00645086419810515,-0.9999791929590823,0,2024
2024-07-02,mundhwa,0,0.0,1.0,4.216666666666667,4.013690476190476,-0.8904761904761903,87,83.42857142857143,0.7142857142857143,27.4,27.2,11.4,0,14,1,1,0,-0.023651127245231586,-0.9997202729664083,0,2024
2024-07-03,mundhwa,0,0.0,1.0,4.979166666666667,3.8101190476190476,-0.20357142857142854,83,84.28571428571429,0.8571428571428571,27.5,25.8,0.7,1,14,1,1,0,-0.04084439154329611,-0.9991655196610109,0,2024
2024-07-04,mundhwa,0,0.0,1.0,3.295833333333333,4.104761904761905,0.2946428571428572,84,84.14285714285714,-0.14285714285714285,26.8,22.9,1.0,0,14,1,1,0,-0.05802556932878035,-0.9983150972033183,0,2024
2024-07-05,mundhwa,0,0.0,1.0,3.279166666666667,4.033333333333333,-0.07142857142857142,83,84.14285714285714,0.0,28.1,27.7,4.5,0,14,1,1,0,-0.07518957641475855,-0.9971692572470178,0,2024
2024-07-06,mundhwa,0,0.0,1.0,4.508333333333334,3.995833333333333,-0.037499999999999964,83,84.0,-0.14285714285714285,27.7,30.8,4.3,0,14,1,1,0,-0.09233133369539122,-0.9957283388645872,0,2024
2024-07-07,mundhwa,0,0.0,1.0,4.104166666666667,3.9654761904761906,-0.03035714285714278,86,84.14285714285714,0.14285714285714285,26.0,19.9,6.4,0,14,1,1,0,-0.10944576864891556,-0.993992768446958,0,2024
2024-07-08,mundhwa,0,0.0,1.0,4.325,4.016666666666667,0.051190476190476196,88,84.42857142857143,0.2857142857142857,27.1,19.2,63.8,0,14,1,1,0,-0.12652781683868314,-0.9919630595773397,0,2024
2024-07-09,mundhwa,0,0.0,1.0,5.675,4.101190476190476,0.08452380952380947,85,84.85714285714286,0.42857142857142855,27.7,17.2,17.1,0,14,1,1,0,-0.1435724234118113,-0.9896398128792412,0,2024
2024-07-10,mundhwa,0,0.0,1.0,6.454166666666667,4.309523809523809,0.2083333333333333,81,84.57142857142857,-0.2857142857142857,28.2,21.6,0.7,1,14,1,1,0,-0.16057454459499376,-0.9870237158387383,0,2024
2024-07-11,mundhwa,0,0.0,1.0,5.3500000000000005,4.520238095238095,0.21071428571428566,86,84.28571428571429,-0.2857142857142857,26.9,23.1,12.0,0,14,1,1,0,-0.17752914918703497,-0.984115542601034,0,2024
2024-07-12,mundhwa,0,0.0,1.0,2.908333333333333,4.813690476190476,0.2934523809523811,88,84.57142857142857,0.2857142857142857,26.2,24.0,22.2,0,14,1,1,0,-0.19443122004766195,-0.9809161537413774,0,2024
2024-07-13,mundhwa,0,0.0,1.0,2.033333333333333,4.760714285714286,-0.05297619047619051,87,85.28571428571429,0.7142857142857143,26.5,27.2,17.9,0,14,1,1,0,-0.2112757555821793,-0.9774264960104055,0,2024
2024-07-14,mundhwa,0,0.0,1.0,2.3375,4.4071428571428575,-0.35357142857142865,92,85.85714285714286,0.5714285714285714,24.3,19.8,74.5,0,14,1,1,0,-0.2280577712215198,-0.9736476020539838,0,2024
2024-07-15,mundhwa,0,0.0,1.0,5.995833333333334,4.154761904761905,-0.25238095238095243,85,86.71428571428571,0.8571428571428571,28.7,20.5,6.1,0,14,1,1,0,-0.24477230089725957,-0.9695805901076308,0,2024
2024-07-16,mundhwa,0,0.0,1.0,3.970833333333333,4.393452380952381,0.2386904761904762,83,86.28571428571429,-0.42857142857142855,28.8,26.7,2.5,0,14,1,1,0,-0.2614143985111562,-0.965226663665613,0,2024
2024-07-17,mundhwa,0,0.0,1.0,2.5291666666666663,4.15,-0.24345238095238095,86,86.0,-0.2857142857142857,26.9,25.0,11.0,0,14,1,1,0,-0.2779791393987801,-0.9605871111248129,0,2024
2024-07-18,mundhwa,0,0.0,1.0,2.1,3.589285714285714,-0.5607142857142857,87,86.71428571428571,0.7142857142857143,26.7,26.7,6.3,0,14,1,1,0,-0.2944616217868012,-0.9556633054034704,0,2024
2024-07-19,mundhwa,0,0.0,1.0,1.6375,3.125,-0.46428571428571436,88,86.85714285714286,0.14285714285714285,25.1,24.9,5.8,0,14,1,1,0,-0.3108569682435036,-0.9504567035349151,0,2024
2024-07-20,mundhwa,0,0.0,1.0,1.9208333333333334,2.9434523809523805,-0.18154761904761904,88,86.85714285714286,0.0,25.9,27.3,21.3,0,14,1,1,0,-0.3271603271220951,-0.9449688462364056,0,2024
2024-07-21,mundhwa,0,0.0,1.0,1.9458333333333335,2.9273809523809526,-0.016071428571428546,87,87.0,0.14285714285714285,26.7,28.0,10.6,0,14,1,1,0,-0.34336687399638804,-0.939201357453208,0,2024
2024-07-22,mundhwa,0,0.0,1.0,1.7458333333333333,2.871428571428571,-0.05595238095238091,90,86.28571428571429,-0.7142857142857143,24.4,26.9,21.3,0,14,1,1,0,-0.3594718130884232,-0.9331559438780432,0,2024
2024-07-23,mundhwa,0,0.0,1.0,1.4458333333333335,2.2642857142857142,-0.6071428571428571,91,87.0,0.7142857142857143,24.1,27.6,21.7,0,14,1,1,0,-0.3754703786876202,-0.9268343944460494,0,2024
2024-07-24,mundhwa,0,0.0,1.0,2.3625000000000003,1.9035714285714285,-0.36071428571428565,90,88.14285714285714,1.1428571428571428,24.6,32.9,24.5,0,14,1,1,0,-0.3913578365610259,-0.9202385798054075,0,2024
2024-07-25,mundhwa,0,0.0,1.0,3.220833333333333,1.8797619047619047,-0.023809523809523725,91,88.71428571428571,0.5714285714285714,23.7,29.4,54.9,0,14,1,1,0,-0.4071294853542516,-0.9133704517637858,0,2024
2024-07-26,mundhwa,0,0.0,1.0,6.2124999999999995,2.0398809523809525,0.16011904761904758,89,89.28571428571429,0.5714285714285714,25.1,26.1,15.9,0,14,1,1,0,-0.4227806579826773,-0.9062320427107697,0,2024
2024-07-27,mundhwa,0,0.0,1.0,5.795833333333333,2.693452380952381,0.6535714285714285,90,89.42857142857143,0.14285714285714285,25.1,32.8,10.0,0,14,1,1,0,-0.4383067230125192,-0.898825465016444,0,2024
2024-07-28,mundhwa,0,0.0,1.0,3.2083333333333335,3.2470238095238098,0.5535714285714286,90,89.71428571428571,0.2857142857142857,25.0,27.7,11.4,0,14,1,1,0,-0.45370308603134424,-0.8911529104063088,0,2024
2024-07-29,mundhwa,0,0.0,1.0,3.5749999999999997,3.4273809523809526,0.18035714285714285,89,90.14285714285714,0.42857142857142855,26.3,26.0,13.0,0,14,1,1,0,-0.46896519100763184,-0.8832166493127127,0,2024
2024-07-30,mundhwa,0,0.0,1.0,4.5375000000000005,3.688690476190476,0.26130952380952377,85,90.0,-0.14285714285714285,27.7,26.5,7.4,0,14,1,1,0,-0.48408852163897587,-0.8750190302029955,0,2024
2024-07-31,mundhwa,0,0.0,1.0,3.995833333333333,4.130357142857143,0.4416666666666667,87,89.14285714285714,-0.8571428571428571,26.3,24.4,14.7,0,14,1,1,0,-0.4990686026885319,-0.8665624788845385,0,2024
2024-08-01,mundhwa,0,0.0,1.0,3.1999999999999997,4.3636904761904765,0.23333333333333325,85,88.71428571428571,-0.42857142857142855,26.6,26.8,2.2,0,14,1,1,0,-0.5139010013093103,-0.8578494977869301,0,2024
2024-08-02,mundhwa,0,0.0,1.0,2.3833333333333333,4.360714285714286,-0.0029761904761904973,86,87.85714285714286,-0.8571428571428571,26.7,30.1,9.8,0,14,1,1,0,-0.5285813283559292,-0.8488826652214553,0,2024
2024-08-03,mundhwa,0,0.0,1.0,2.2416666666666667,3.813690476190476,-0.5470238095238095,87,87.42857142857143,-0.42857142857142855,25.8,29.6,8.2,0,14,1,1,0,-0.5431052396834317,-0.8396646346181327,0,2024
2024-08-04,mundhwa,0,0.0,1.0,2.1333333333333333,3.3059523809523808,-0.5077380952380952,90,87.0,-0.42857142857142855,26.0,30.0,28.4,0,14,1,1,0,-0.5574684374327892,-0.8301981337405212,0,2024
2024-08-05,mundhwa,0,0.0,1.0,5.3125,3.1523809523809523,-0.1535714285714286,85,87.0,0.0,26.8,26.5,3.3,0,14,1,1,0,-0.5716666713027052,-0.8204859638785327,0,2024
2024-08-06,mundhwa,0,0.0,1.0,4.645833333333333,3.4005952380952382,0.24821428571428575,82,86.42857142857143,-0.5714285714285714,27.4,25.5,0.7,1,14,1,1,0,-0.5856957398073508,-0.8105309990194823,0,2024
2024-08-07,mundhwa,0,0.0,1.0,4.654166666666667,3.416071428571428,0.015476190476190357,84,86.0,-0.42857142857142855,27.0,23.8,2.7,0,14,1,1,0,-0.5995514915196489,-0.8003361849976323,0,2024
2024-08-08,mundhwa,0,0.0,1.0,6.504166666666666,3.5101190476190474,0.09404761904761909,83,85.57142857142857,-0.42857142857142855,27.2,22.3,2.9,0,14,1,1,0,-0.6132298262997502,-0.7899045386224707,0,2024
2024-08-09,mundhwa,0,0.0,1.0,6.0,3.982142857142857,0.4720238095238095,89,85.28571428571429,-0.2857142857142857,24.8,20.1,6.4,0,14,1,1,0,-0.6267266965083301,-0.7792391467859886,0,2024
2024-08-10,mundhwa,0,0.0,1.0,6.3374999999999995,4.498809523809524,0.5166666666666667,85,85.71428571428571,0.42857142857142855,28.6,22.6,4.4,0,14,1,1,0,-0.6400381082043503,-0.7683431655492202,0,2024
2024-08-11,mundhwa,0,0.0,1.0,5.9375,5.083928571428571,0.5851190476190476,83,85.42857142857143,-0.2857142857142857,27.6,23.2,1.1,0,14,1,1,0,-0.65316012232693,-0.7572198192083127,0,2024
2024-08-12,mundhwa,0,0.0,1.0,7.8625,5.627380952380952,0.5434523809523809,83,84.42857142857143,-1.0,28.2,21.6,1.2,0,14,1,1,0,-0.666088855860977,-0.7458723993404063,0,2024
2024-08-13,mundhwa,0,0.0,1.0,12.0375,5.991666666666666,0.36428571428571427,81,84.14285714285714,-0.2857142857142857,29.5,16.7,0.5,1,14,1,1,0,-0.6788204829862355,-0.734304263829602,0,2024
2024-08-14,mundhwa,0,0.0,1.0,17.470833333333335,7.047619047619047,1.055952380952381,83,84.0,-0.14285714285714285,29.2,16.7,0.8,2,14,1,1,0,-0.6913512362094071,-0.722518835873311,0,2024
2024-08-15,mundhwa,0,0.0,1.0,20.683333333333334,8.87857142857143,1.830952380952381,82,83.85714285714286,-0.14285714285714285,30.4,17.3,0.3,3,14,1,1,0,-0.7036774074790128,-0.7105196029692745,0,2024
2024-08-16,mundhwa,0,0.0,1.0,15.558333333333332,10.904166666666667,2.0255952380952382,82,83.71428571428571,-0.14285714285714285,30.3,17.0,1.0,0,14,1,1,0,-0.7157953492826642,-0.6983101158835584,0,2024
2024-08-17,mundhwa,0,0.0,1.0,20.191666666666666,12.269642857142857,1.3654761904761903,85,82.71428571428571,-1.0,28.8,11.5,2.9,0,14,1,1,0,-0.7277014757264236,-0.6858939875998223,0,2024
2024-08-18,mundhwa,0,0.0,1.0,16.183333333333334,14.248809523809525,1.9791666666666667,89,82.71428571428571,0.0,28.3,6.8,31.0,0,14,1,1,0,-0.7393922635959241,-0.673274892250183,0,2024
2024-08-19,mundhwa,0,0.0,1.0,17.516666666666666,15.712500000000002,1.4636904761904763,86,83.57142857142857,0.8571428571428571,30.3,8.1,8.9,0,14,1,1,0,-0.7508642533989489,-0.6604565640279754,0,2024
2024-08-20,mundhwa,0,0.0,1.0,15.958333333333334,17.091666666666665,1.3791666666666664,85,84.0,0.42857142857142855,29.8,12.8,8.7,0,14,1,1,0,-0.7621140503891487,-0.6474427960827475,0,2024
2024-08-21,mundhwa,0,0.0,1.0,13.495833333333332,17.651785714285715,0.5601190476190477,87,84.57142857142857,0.5714285714285714,30.3,14.0,18.1,0,14,1,1,0,-0.7731383255706026,-0.6342374393978054,0,2024
2024-08-22,mundhwa,0,0.0,1.0,18.704166666666666,17.083928571428572,-0.5678571428571433,87,85.14285714285714,0.5714285714285714,28.9,12.1,16.4,0,14,1,1,0,-0.7839338166829201,-0.620844401650647,0,2024
2024-08-23,mundhwa,0,0.0,1.0,7.108333333333333,16.801190476190477,-0.2827380952380954,89,85.85714285714286,0.7142857142857143,27.9,17.6,15.4,0,14,1,1,0,-0.7944973291665992,-0.6072676460566135,0,2024
2024-08-24,mundhwa,0,0.0,1.0,3.204166666666667,15.594047619047618,-1.207142857142857,93,86.85714285714286,1.0,24.1,21.2,61.8,0,14,1,1,0,-0.8048257371083452,-0.593511190196115,0,2024
2024-08-25,mundhwa,0,0.0,1.0,1.8375000000000001,13.167261904761904,-2.4267857142857143,90,88.0,1.1428571428571428,25.3,30.5,24.3,0,14,1,1,0,-0.8149159841660791,-0.5795791048257612,0,2024
2024-08-26,mundhwa,0,0.0,1.0,2.8333333333333335,11.117857142857142,-2.049404761904762,87,88.14285714285714,0.14285714285714285,24.3,25.3,6.1,0,14,1,1,0,-0.8247650844733614,-0.5654755126737576,0,2024
2024-08-27,mundhwa,0,0.0,1.0,2.1750000000000003,9.020238095238096,-2.0976190476190473,86,88.28571428571429,0.14285714285714285,26.1,27.9,7.9,0,14,1,1,0,-0.8343701235229538,-0.5512045872199277,0,2024
2024-08-28,mundhwa,0,0.0,1.0,4.045833333333333,7.0511904761904765,-1.969047619047619,85,88.42857142857143,0.14285714285714285,26.7,30.5,4.0,0,14,1,1,0,-0.8437282590292712,-0.5367705514607103,0,2024
2024-08-29,mundhwa,0,0.0,1.0,5.770833333333333,5.701190476190476,-1.3499999999999999,84,88.14285714285714,-0.2857142857142857,27.1,25.5,1.5,0,14,1,1,0,-0.8528367217694595,-0.522177676659508,0,2024
2024-08-30,mundhwa,0,0.0,1.0,5.320833333333334,3.8535714285714286,-1.8476190476190477,84,87.71428571428571,-0.42857142857142855,27.1,20.8,2.2,0,14,1,1,0,-0.8616928164028522,-0.5074302810827518,0,2024
2024-08-31,mundhwa,0,0.0,1.0,6.470833333333334,3.5982142857142856,-0.2553571428571428,87,87.0,-0.7142857142857143,25.6,17.6,9.7,0,14,1,1,0,-0.8702939222685674,-0.49253272872205434,0,2024
2024-09-01,mundhwa,0,0.0,1.0,8.795833333333333,4.064880952380952,0.46666666666666673,89,86.14285714285714,-0.8571428571428571,25.6,22.3,2.3,0,14,1,1,0,-0.8786374941610001,-0.4774894280028391,0,2024
2024-09-02,mundhwa,0,0.0,1.0,5.2,5.058928571428571,0.9940476190476188,93,86.0,-0.14285714285714285,23.8,18.8,49.4,0,14,1,1,0,-0.886721063082993,-0.46230483047981086,0,2024
2024-09-03,mundhwa,0,0.0,1.0,4.375,5.39702380952381,0.3380952380952381,87,86.85714285714286,0.8571428571428571,26.4,21.3,10.4,0,14,1,1,0,-0.8945422369764496,-0.4469834295196741,0,2024
2024-09-04,mundhwa,0,0.0,1.0,5.7,5.711309523809524,0.3142857142857142,85,87.0,0.14285714285714285,26.6,23.8,1.4,0,14,1,1,0,-0.9020987014301837,-0.43152975897147144,0,2024
2024-09-05,mundhwa,0,0.0,1.0,5.2875000000000005,5.947619047619048,0.23630952380952383,86,87.0,0.0,27.5,23.3,17.8,0,14,1,1,0,-0.9093882203647925,-0.4159483918249421,0,2024
2024-09-06,mundhwa,0,0.0,1.0,5.866666666666667,5.878571428571429,-0.06904761904761893,86,87.28571428571429,0.2857142857142857,26.4,24.9,1.7,0,14,1,1,0,-0.9164086366943458,-0.4002439388573056,0,2024
2024-09-07,mundhwa,0,0.0,1.0,6.1375,5.956547619047619,0.07797619047619049,84,87.57142857142857,0.2857142857142857,27.8,23.6,0.9,1,14,1,1,0,-0.9231578729647039,-0.38442104726885545,0,2024
2024-09-08,mundhwa,0,0.0,1.0,5.9624999999999995,5.908928571428571,-0.04761904761904771,83,87.14285714285714,-0.42857142857142855,28.2,19.8,1.8,0,14,1,1,0,-0.9296339319682695,-0.3684843993077793,0,2024
2024-09-09,mundhwa,0,0.0,1.0,5.445833333333333,5.5041666666666655,-0.4047619047619047,85,86.28571428571429,-0.8571428571428571,28.2,19.9,2.9,0,14,1,1,0,-0.9358348973349941,-0.35243871088460327,0,2024
2024-09-10,mundhwa,0,0.0,1.0,5.5125,5.539285714285714,0.03511904761904753,85,85.14285714285714,-1.1428571428571428,27.7,17.7,18.7,0,14,1,1,0,-0.9417589340994617,-0.33628873017668287,0,2024
2024-09-11,mundhwa,0,0.0,1.0,4.258333333333334,5.701785714285714,0.16250000000000003,84,84.85714285714286,-0.2857142857142857,27.8,19.9,2.3,0,14,1,1,0,-0.9474042892438845,-0.32003923622313857,0,2024
2024-09-12,mundhwa,0,0.0,1.0,9.512500000000001,5.495833333333333,-0.20595238095238091,81,84.71428571428571,-0.14285714285714285,27.5,23.6,0.3,1,14,1,1,0,-0.9527692922168511,-0.30369503751065885,0,2024
2024-09-13,mundhwa,0,0.0,1.0,11.487499999999999,6.099404761904762,0.6035714285714286,82,84.0,-0.7142857142857143,27.1,21.2,0.3,2,14,1,1,0,-0.9578523554276669,-0.28726097055059635,0,2024
2024-09-14,mundhwa,0,0.0,1.0,8.058333333333334,6.902380952380952,0.8029761904761903,82,83.42857142857143,-0.5714285714285714,27.1,22.8,0.9,3,14,1,1,0,-0.9626519747161487,-0.2707418984477642,0,2024
2024-09-15,mundhwa,0,0.0,1.0,8.0,7.176785714285715,0.27440476190476193,83,83.14285714285714,-0.2857142857142857,26.8,21.7,1.6,0,14,1,1,0,-0.9671667297977312,-0.2541427094613622,0,2024
2024-09-16,mundhwa,0,0.0,1.0,12.4125,7.467857142857143,0.29107142857142865,80,83.14285714285714,0.0,28.3,16.5,0.7,1,14,1,1,0,-0.97139528468375,-0.23746831555846842,0,2024
2024-09-17,mundhwa,0,0.0,1.0,20.787499999999998,8.463095238095239,0.9952380952380953,79,82.42857142857143,-0.7142857142857143,27.8,16.2,1.3,0,14,1,1,0,-0.9753363880767837,-0.2207236509605022,0,2024
2024-09-18,mundhwa,0,0.0,1.0,24.233333333333334,10.645238095238096,2.182142857142857,78,81.57142857142857,-0.8571428571428571,28.6,14.1,0.0,1,14,1,1,0,-0.9789888737409319,-0.20391367068311472,0,2024
2024-09-19,mundhwa,0,0.0,1.0,22.191666666666666,13.498809523809523,2.8535714285714286,79,80.71428571428571,-0.8571428571428571,29.0,15.3,0.0,2,14,1,1,0,-0.9823516608469237,-0.18704334906991657,0,2024
2024-09-20,mundhwa,0,0.0,1.0,24.8625,15.310119047619045,1.8113095238095236,85,80.42857142857143,-0.2857142857142857,28.1,14.9,4.4,0,14,1,1,0,-0.9854237542919524,-0.17011767832049052,0,2024
2024-09-21,mundhwa,0,0.0,1.0,26.308333333333334,17.22083333333333,1.910714285714286,84,80.85714285714286,0.42857142857142855,29.5,17.3,7.2,0,14,1,1,0,-0.9882042449941422,-0.15314166701312007,0,2024
2024-09-22,mundhwa,0,0.0,1.0,29.525000000000002,19.827976190476193,2.607142857142857,84,81.14285714285714,0.2857142857142857,29.6,13.8,13.0,0,14,1,1,0,-0.9906923101615609,-0.13612033862266704,0,2024
2024-09-23,mundhwa,0,0.0,1.0,23.479166666666668,22.90297619047619,3.075,89,81.28571428571429,0.14285714285714285,28.6,14.2,33.5,0,14,1,1,0,-0.9928872135356962,-0.11905873003404988,0,2024
2024-09-24,mundhwa,0,0.0,1.0,14.158333333333333,24.483928571428574,1.580952380952381,90,82.57142857142857,1.2857142857142858,29.5,8.9,19.7,0,14,1,1,0,-0.994788305609327,-0.10196189005174576,0,2024
2024-09-25,mundhwa,0,0.0,1.0,5.55,23.536904761904765,-0.9470238095238093,92,84.14285714285714,1.5714285714285714,27.6,14.0,39.1,0,14,1,1,0,-0.9963950238187231,-0.08483487790576538,0,2024
2024-09-26,mundhwa,0,0.0,1.0,3.6625,20.867857142857144,-2.669047619047619,90,86.14285714285714,2.0,25.4,22.7,13.3,0,14,1,1,0,-0.9977068927101168,-0.06768276175455162,0,2024
2024-09-27,mundhwa,0,0.0,1.0,5.416666666666667,18.220833333333335,-2.6470238095238092,87,87.71428571428571,1.5714285714285714,25.6,26.9,2.7,0,14,1,1,0,-0.9987235240803972,-0.050510617185222886,0,2024
2024-09-28,mundhwa,0,0.0,1.0,4.233333333333333,15.442857142857145,-2.7779761904761906,84,88.0,0.2857142857142857,27.5,20.2,0.9,1,14,1,1,0,-0.9994446170919858,-0.033323525711631344,0,2024
2024-09-29,mundhwa,0,0.0,1.0,11.325000000000001,12.289285714285715,-3.1535714285714285,84,88.0,0.0,28.2,15.5,2.0,0,14,1,1,0,-0.9998699583618592,-0.016126573270657762,0,2024
2024-09-30,mundhwa,0,0.0,1.0,20.962500000000002,9.689285714285715,-2.6000000000000005,82,88.0,0.0,29.8,8.6,0.0,1,14,1,1,0,-0.9999994220246925,0.001075151282798226,0,2024
2024-10-01,mundhwa,0,0.0,1.0,33.1875,9.329761904761906,-0.3595238095238094,82,87.0,-1.0,30.4,10.1,0.0,2,14,1,1,0,-0.999832969770105,0.018276557681691223,0,2024
2024-10-02,mundhwa,0,0.0,1.0,31.337500000000002,12.048214285714286,2.7184523809523813,87,85.85714285714286,-1.1428571428571428,30.6,14.9,2.5,0,14,1,1,0,-0.9993706508539969,0.03547255575312556,0,2024
2024-10-03,mundhwa,0,0.0,1.0,21.891666666666666,15.73214285714286,3.6839285714285714,85,85.14285714285714,-0.7142857142857143,29.8,16.2,2.9,0,14,1,1,0,-0.9986126020839734,0.052658056924614005,0,2024
2024-10-04,mundhwa,0,0.0,1.0,18.4375,18.336309523809526,2.6041666666666665,85,84.42857142857143,-0.7142857142857143,28.8,16.1,1.0,0,14,1,1,0,-0.9975590477788613,0.06982797572987089,0,2024
2024-10-05,mundhwa,0,0.0,1.0,22.22083333333333,20.196428571428573,1.8601190476190474,81,84.14285714285714,-0.2857142857142857,29.4,13.1,0.0,1,14,1,1,0,-0.9962102997023297,0.0869772313136861,0,2024
2024-10-06,mundhwa,0,0.0,1.0,41.55416666666667,22.766071428571426,2.5696428571428567,83,83.71428571428571,-0.42857142857142855,29.5,17.5,1.3,0,14,1,1,0,-0.9945667569706337,0.1041007489354256,0,2024
2024-10-07,mundhwa,0,0.0,1.0,39.74583333333333,27.08452380952381,4.3184523809523805,75,83.57142857142857,-0.14285714285714285,30.5,17.1,0.0,1,14,1,1,0,-0.9926289059345095,0.121193461470736,0,2024
2024-10-08,mundhwa,0,0.0,1.0,41.016666666666666,29.767857142857142,2.6833333333333327,77,82.57142857142857,-1.0,30.4,12.3,0.4,2,14,1,1,0,-0.9903973200352558,0.1382503109109819,0,2024
2024-10-09,mundhwa,0,0.0,1.0,31.962500000000002,30.886309523809523,1.1184523809523808,81,81.85714285714286,-0.7142857142857143,27.8,13.0,3.1,0,14,1,1,0,-0.9878726596350429,0.15526624985999563,0,2024
2024-10-10,mundhwa,0,0.0,1.0,12.424999999999999,30.975595238095234,0.08928571428571429,85,81.0,-0.8571428571428571,29.0,23.2,4.2,0,14,1,1,0,-0.9850556718215013,0.172236243027682,0,2024
2024-10-11,mundhwa,0,0.0,1.0,11.095833333333333,29.623214285714287,-1.3523809523809525,85,81.0,0.0,29.4,21.5,8.2,0,14,1,1,0,-0.981947190186646,0.18915526872004093,0,2024
2024-10-12,mundhwa,0,0.0,1.0,14.4625,28.574404761904763,-1.0488095238095239,86,81.0,0.0,29.8,15.7,5.8,0,14,1,1,0,-0.9785481345802031,0.20601832032517084,0,2024
2024-10-13,mundhwa,0,0.0,1.0,14.291666666666666,27.466071428571432,-1.108333333333333,86,81.71428571428571,0.7142857142857143,29.9,16.0,6.0,0,14,1,1,0,-0.9748595108374125,0.22282040779479959,0,2024
2024-10-14,mundhwa,0,0.0,1.0,15.216666666666667,23.571428571428573,-3.8946428571428577,84,82.14285714285714,0.42857142857142855,29.2,15.4,7.0,0,14,1,1,0,-0.9708824104813836,0.23955655912092708,0,2024
2024-10-15,mundhwa,0,0.0,1.0,19.083333333333332,20.067261904761903,-3.504166666666666,86,83.42857142857143,1.2857142857142858,28.9,12.3,1.7,0,14,1,1,0,-0.9666180104000972,0.2562218218071163,0,2024
2024-10-16,mundhwa,0,0.0,1.0,22.895833333333332,16.933928571428574,-3.1333333333333333,85,84.71428571428571,1.2857142857142858,29.8,13.7,14.5,0,14,1,1,0,-0.9620675724981452,0.27281126433401914,0,2024
2024-10-17,mundhwa,0,0.0,1.0,19.900000000000002,15.638690476190476,-1.2952380952380957,86,85.28571428571429,0.5714285714285714,27.8,14.0,5.5,0,14,1,1,0,-0.957232443323312,0.28931997761869527,0,2024
2024-10-18,mundhwa,0,0.0,1.0,12.979166666666666,16.70654761904762,1.0678571428571433,86,85.42857142857143,0.14285714285714285,29.1,20.8,17.4,0,14,1,1,0,-0.9521140536681102,0.3057430764672831,0,2024
2024-10-19,mundhwa,0,0.0,1.0,13.141666666666666,16.975595238095238,0.269047619047619,89,85.57142857142857,0.14285714285714285,29.7,11.2,22.0,0,14,1,1,0,-0.9467139181463862,0.3220757010206104,0,2024
2024-10-20,mundhwa,0,0.0,1.0,11.020833333333334,16.78690476190476,-0.18869047619047638,88,86.0,0.42857142857142855,28.2,12.5,7.4,0,14,1,1,0,-0.9410336347451197,0.3383130181923076,0,2024
2024-10-21,mundhwa,0,0.0,1.0,13.35,16.319642857142856,-0.4672619047619046,86,86.28571428571429,0.2857142857142857,27.2,11.9,6.4,0,14,1,1,0,-0.9350748843515574,0.3544502230989869,0,2024
2024-10-22,mundhwa,0,0.0,1.0,17.254166666666666,16.05297619047619,-0.2666666666666667,84,86.57142857142857,0.2857142857142857,28.3,9.2,0.4,1,14,1,1,0,-0.9288394302558068,0.3704825404820963,0,2024
2024-10-23,mundhwa,0,0.0,1.0,26.099999999999998,15.791666666666666,-0.26130952380952366,81,86.28571428571429,-0.2857142857142857,28.8,11.4,0.0,2,14,1,1,0,-0.9223291176290545,0.3864052261209853,0,2024
2024-10-24,mundhwa,0,0.0,1.0,47.18333333333334,16.249404761904763,0.4577380952380951,77,85.71428571428571,-0.5714285714285714,28.7,9.3,0.0,3,14,1,1,0,-0.9155458729775467,0.40221356823680365,0,2024
2024-10-25,mundhwa,0,0.0,1.0,55.12916666666666,20.14702380952381,3.897619047619048,63,84.42857142857143,-1.2857142857142858,29.0,10.2,0.0,4,14,1,1,0,-0.9084917035725082,0.41790288888678667,0,2024
2024-10-26,mundhwa,0,0.0,1.0,39.762499999999996,26.16845238095238,6.021428571428571,63,81.14285714285714,-3.2857142857142856,29.1,11.7,0.0,5,14,1,1,0,-0.9011686968561569,0.4334685453485363,0,2024
2024-10-27,mundhwa,0,0.0,1.0,43.833333333333336,29.971428571428568,3.80297619047619,67,77.42857142857143,-3.7142857142857144,30.5,12.0,0.0,6,14,1,1,0,-0.8935790198239952,0.4489059314938798,0,2024
2024-10-28,mundhwa,0,0.0,1.0,49.24583333333334,34.65892857142857,4.6875,69,74.42857142857143,-3.0,30.7,11.1,0.0,7,14,1,1,0,-0.8857249183835637,0.4642104791518923,0,2024
2024-10-29,mundhwa,0,0.0,1.0,55.88333333333333,39.78690476190476,5.127976190476191,71,72.0,-2.4285714285714284,30.7,12.9,0.0,8,14,1,1,0,-0.8776087166898392,0.4793776594606945,0,2024
2024-10-30,mundhwa,0,0.0,1.0,53.20416666666667,45.30535714285714,5.518452380952381,72,70.14285714285714,-1.8571428571428572,29.6,9.7,0.3,9,14,1,1,0,-0.8692328164574792,0.49440298420761813,0,2024
2024-10-31,mundhwa,0,0.0,1.0,57.074999999999996,49.17738095238095,3.8720238095238106,68,68.85714285714286,-1.2857142857142858,30.5,14.8,0.3,10,14,1,1,0,-0.8605996962501181,0.5092820071573356,0,2024
2024-11-01,mundhwa,0,0.0,1.0,54.550000000000004,50.59047619047619,1.4130952380952368,74,67.57142857142857,-1.2857142857142858,30.0,14.3,0.1,11,14,1,1,1,-0.8517119107469189,0.5240103253675756,0,2024
2024-11-02,mundhwa,0,0.0,1.0,50.49166666666667,50.507738095238096,-0.08273809523809408,66,69.14285714285714,1.5714285714285714,30.1,13.9,0.0,12,14,1,1,1,-0.8425720899866032,0.5385835804920232,0,2024
2024-11-03,mundhwa,0,0.0,1.0,46.833333333333336,52.040476190476184,1.532738095238096,61,69.57142857142857,0.42857142857142855,30.2,13.9,0.0,13,14,1,1,1,-0.8331829385891785,0.5529974600700271,0,2024
2024-11-04,mundhwa,0,0.0,1.0,48.37083333333334,52.46904761904762,0.42857142857142855,61,68.71428571428571,-0.8571428571428571,30.1,14.3,0.0,14,14,1,1,1,-0.8235472349556007,0.5672476988027229,0,2024
2024-11-05,mundhwa,0,0.0,1.0,55.362500000000004,52.34404761904762,-0.125,59,67.57142857142857,-1.1428571428571428,29.7,14.3,0.0,15,14,1,1,1,-0.8136678304455991,0.5813300798152042,0,2024
2024-11-06,mundhwa,0,0.0,1.0,59.395833333333336,52.26964285714286,-0.07440476190476122,62,65.85714285714286,-1.7142857142857142,30.2,11.5,0.0,16,14,1,1,1,-0.8035476485339116,0.5952404359043674,0,2024
2024-11-07,mundhwa,0,0.0,1.0,52.975,53.154166666666676,0.8845238095238089,56,64.42857142857143,-1.4285714285714286,30.0,11.3,0.0,17,14,1,1,1,-0.7931896839451843,0.6089746507720486,0,2024
2024-11-08,mundhwa,0,0.0,1.0,62.375,52.56845238095239,-0.5857142857142849,54,62.714285714285715,-1.7142857142857142,29.6,16.6,0.0,18,14,1,1,0,-0.7825970017677834,0.6225286602431057,0,2024
2024-11-09,mundhwa,0,0.0,1.0,60.0375,53.68630952380953,1.1178571428571422,54,59.857142857142854,-2.857142857142857,29.7,14.8,0.0,19,14,1,1,0,-0.7717727365467836,0.6358984534680745,0,2024
2024-11-10,mundhwa,0,0.0,1.0,60.4625,55.050000000000004,1.3636904761904762,53,58.142857142857146,-1.7142857142857142,29.4,12.0,0.0,20,14,1,1,0,-0.7607200913564104,0.6490800741100398,0,2024
2024-11-11,mundhwa,0,0.0,1.0,67.84166666666667,56.99702380952381,1.947023809523809,54,57.0,-1.1428571428571428,29.1,17.5,0.0,21,14,1,1,0,-0.7494423368521954,0.6620696215153815,0,2024
2024-11-12,mundhwa,0,0.0,1.0,60.324999999999996,59.778571428571425,2.7815476190476187,55,56.0,-1.0,29.3,16.2,0.0,22,14,1,1,0,-0.7379428103031386,0.6748632518680403,0,2024
2024-11-13,mundhwa,0,0.0,1.0,44.47083333333333,60.4875,0.7089285714285702,55,55.42857142857143,-0.5714285714285714,30.2,13.0,0.0,23,14,1,1,0,-0.7262249146041543,0.6874571793269664,0,2024
2024-11-14,mundhwa,0,0.0,1.0,38.625,58.355357142857144,-2.1321428571428576,57,54.42857142857143,-1.0,32.1,13.7,0.0,24,14,1,1,0,-0.7142921172691032,0.699847677146407,0,2024
2024-11-15,mundhwa,0,0.0,1.0,45.87083333333334,56.30535714285714,-2.0500000000000003,66,54.57142857142857,0.14285714285714285,31.3,10.2,1.1,0,14,1,1,0,-0.7021479494046978,0.7120310787787131,0,2024
2024-11-16,mundhwa,0,0.0,1.0,66.91666666666667,53.94761904761905,-2.3577380952380946,63,56.285714285714285,1.7142857142857142,31.2,11.3,0.1,1,14,1,1,0,-0.6897960046655887,0.7240037789593305,0,2024
2024-11-17,mundhwa,0,0.0,1.0,46.48333333333333,54.93035714285715,0.9827380952380957,55,57.57142857142857,1.2857142857142858,30.9,13.5,0.0,2,14,1,1,0,-0.6772399381909491,0.7357622347736527,0,2024
2024-11-18,mundhwa,0,0.0,1.0,40.358333333333334,52.93333333333333,-1.9970238095238102,51,57.857142857142854,0.2857142857142857,28.9,12.6,0.0,3,14,1,1,0,-0.6644834655228552,0.7473029667054296,0,2024
2024-11-19,mundhwa,0,0.0,1.0,52.22083333333333,49.00714285714286,-3.9261904761904765,53,57.42857142857143,-0.42857142857142855,28.4,10.1,0.0,4,14,1,1,0,-0.6515303615068021,0.75862255966641,0,2024
2024-11-20,mundhwa,0,0.0,1.0,52.25416666666666,47.84940476190476,-1.157738095238095,53,57.142857142857146,-0.2857142857142857,28.0,11.4,0.0,5,14,1,1,0,-0.6383844591746642,0.7697176640069211,0,2024
2024-11-21,mundhwa,0,0.0,1.0,58.4,48.96130952380952,1.1119047619047617,52,56.857142857142854,-0.2857142857142857,29.0,9.5,0.0,6,14,1,1,0,-0.6250496486104377,0.7805849965070866,0,2024
2024-11-22,mundhwa,0,0.0,1.0,75.39166666666667,51.78630952380952,2.8249999999999997,54,56.142857142857146,-0.7142857142857143,29.2,9.3,0.0,7,14,1,1,0,-0.6115298757991053,0.7912213413483807,0,2024
2024-11-23,mundhwa,0,0.0,1.0,77.56666666666666,56.003571428571426,4.217261904761904,55,54.42857142857143,-1.7142857142857142,29.6,10.1,0.0,8,14,1,1,0,-0.5978291414589552,0.801623551065242,0,2024
2024-11-24,mundhwa,0,0.0,1.0,91.47500000000001,57.525,1.5214285714285702,56,53.285714285714285,-1.1428571428571428,28.9,11.0,0.0,9,14,1,1,0,-0.5839514998576998,0.8117885474764613,0,2024
2024-11-25,mundhwa,0,0.0,1.0,66.91666666666667,63.952380952380956,6.427380952380955,52,53.42857142857143,0.14285714285714285,27.9,11.6,0.0,10,14,1,1,0,-0.5699010576127624,0.8217133225960589,0,2024
2024-11-26,mundhwa,0,0.0,1.0,49.63333333333333,67.74642857142858,3.79404761904762,50,53.57142857142857,0.14285714285714285,27.4,11.5,0.0,11,14,1,1,0,-0.5556819724760489,0.8313949395234058,0,2024
2024-11-27,mundhwa,0,0.0,1.0,42.604166666666664,67.37678571428572,-0.36964285714285694,46,53.142857142857146,-0.42857142857142855,27.4,11.0,0.0,12,14,1,1,0,-0.5412984521036173,0.8408305333122887,0,2024
2024-11-28,mundhwa,0,0.0,1.0,37.762499999999996,65.99821428571428,-1.3785714285714283,45,52.142857142857146,-1.0,27.5,16.5,0.0,13,14,1,1,0,-0.5267547528105542,0.8500173118187018,0,2024
2024-11-29,mundhwa,0,0.0,1.0,36.4375,63.05,-2.948214285714286,44,51.142857142857146,-1.0,27.0,11.6,0.0,14,14,1,1,0,-0.5120551783114646,0.8589525565270845,0,2024
2024-11-30,mundhwa,0,0.0,1.0,53.12916666666666,57.485119047619044,-5.564880952380952,50,49.714285714285715,-1.4285714285714286,27.9,10.4,0.0,15,14,1,1,0,-0.4972040784469378,0.8676336233547726,0,2024
2024-12-01,mundhwa,0,0.0,1.0,52.9,53.99404761904761,-3.4910714285714284,56,49.0,-0.7142857142857143,29.0,9.7,0.0,16,14,1,1,0,-0.4822058478963526,0.8760579434344281,0,2024
2024-12-02,mundhwa,0,0.0,1.0,24.875,48.483333333333334,-5.510714285714287,68,49.0,0.0,28.9,14.8,0.3,17,14,1,1,0,-0.46706492487743034,0.8842230238742036,0,2024
2024-12-03,mundhwa,0,0.0,1.0,19.016666666666666,42.477380952380955,-6.005952380952381,74,51.285714285714285,2.2857142857142856,29.5,15.9,1.1,0,14,1,1,0,-0.451785789832884,0.8921264484954345,0,2024
2024-12-04,mundhwa,0,0.0,1.0,20.179166666666667,38.103571428571435,-4.373809523809524,72,54.714285714285715,3.4285714285714284,30.6,15.9,0.9,1,14,1,1,0,-0.4363729641045924,0.8997658785476209,0,2024
2024-12-05,mundhwa,0,0.0,1.0,25.045833333333334,34.9,-3.2035714285714283,68,58.42857142857143,3.7142857142857144,31.4,10.3,0.2,2,14,1,1,0,-0.42083100859565564,0.9071390534005044,0,2024
2024-12-06,mundhwa,0,0.0,1.0,35.77916666666667,33.08333333333333,-1.816666666666666,63,61.714285714285715,3.2857142857142856,31.8,7.3,0.0,3,14,1,1,0,-0.4051645224207563,0.9142437912130223,0,2024
2024-12-07,mundhwa,0,0.0,1.0,32.62083333333333,32.989285714285714,-0.09404761904761878,58,64.42857142857143,2.7142857142857144,31.6,11.4,0.0,4,14,1,1,0,-0.3893781415452015,0.9210779895789526,0,2024
2024-12-08,mundhwa,0,0.0,1.0,26.179166666666664,30.059523809523807,-2.9297619047619046,49,65.57142857142857,1.1428571428571428,30.1,12.2,0.0,5,14,1,1,0,-0.37347653741307074,0.9276396261490467,0,2024
2024-12-09,mundhwa,0,0.0,1.0,33.7125,26.242261904761904,-3.817261904761905,49,64.57142857142857,-1.0,29.5,10.5,0.0,6,14,1,1,0,-0.3574644155648614,0.9339267592294762,0,2024
2024-12-10,mundhwa,0,0.0,1.0,32.204166666666666,27.5047619047619,1.2624999999999997,53,61.857142857142854,-2.7142857142857144,28.4,7.9,0.0,7,14,1,1,0,-0.34134651424503615,0.9399375283564133,0,2024
2024-12-11,mundhwa,0,0.0,1.0,40.800000000000004,29.388690476190476,1.8839285714285714,58,58.857142857142854,-3.0,29.3,7.8,0.0,8,14,1,1,0,-0.3251276029999093,0.9456701548465688,0,2024
2024-12-12,mundhwa,0,0.0,1.0,36.27916666666667,32.33452380952381,2.9458333333333337,55,56.857142857142854,-2.0,28.4,8.1,0.0,9,14,1,1,0,-0.30881248126625377,0.9511229423235357,0,2024
2024-12-13,mundhwa,0,0.0,1.0,27.77916666666667,33.93928571428572,1.6047619047619048,52,55.0,-1.8571428571428572,27.8,10.8,0.0,10,14,1,1,0,-0.29240597695107734,0.9562942772197719,0,2024
2024-12-14,mundhwa,0,0.0,1.0,40.52916666666667,32.79642857142857,-1.1428571428571428,51,53.42857142857143,-1.5714285714285714,27.6,11.3,0.0,11,14,1,1,0,-0.27591294500296043,0.9611826292540837,0,2024
2024-12-15,mundhwa,0,2.0,1.0,33.38333333333333,33.92619047619048,1.1297619047619054,50,52.42857142857143,-1.0,27.9,9.3,0.0,12,14,1,1,0,-0.2593382659754056,0.9657865518844574,1,2024
2024-12-16,mundhwa,2,2.0,1.0,22.6125,34.955357142857146,1.029166666666667,46,52.57142857142857,0.14285714285714285,27.8,7.9,0.0,13,14,1,1,0,-0.2426868445825954,0.9701046827361175,1,2024
2024-12-17,mundhwa,0,0.0,1.0,37.329166666666666,33.369642857142864,-1.5857142857142854,47,52.142857142857146,-0.42857142857142855,28.6,9.3,0.0,14,14,1,1,0,-0.22596360824801906,0.974135744004672,0,2024
2024-12-18,mundhwa,0,0.0,1.0,51.666666666666664,34.10178571428572,0.7321428571428571,47,51.285714285714285,-0.8571428571428571,28.8,6.4,0.0,15,14,1,1,0,-0.20917350564635637,0.9778785428342386,0,2024
2024-12-19,mundhwa,0,0.0,1.0,57.30833333333334,35.65416666666666,1.5523809523809515,51,49.714285714285715,-1.5714285714285714,29.6,8.3,0.0,16,14,1,1,0,-0.19232150523909483,0.9813319716704275,0,2024
2024-12-20,mundhwa,0,0.0,1.0,68.8,38.65833333333334,3.004166666666667,59,49.142857142857146,-0.5714285714285714,30.1,10.6,0.0,17,14,1,1,0,-0.17541259380427843,0.9844950085880858,0,2024
2024-12-21,mundhwa,0,0.0,1.0,63.15,44.51845238095238,5.860119047619047,71,50.142857142857146,1.0,30.3,12.3,0.0,18,14,1,1,0,-0.15845177496083632,0.9873667175937016,0,2024
2024-12-22,mundhwa,0,0.0,1.0,46.012499999999996,47.75,3.2315476190476184,76,53.0,2.857142857142857,29.5,15.1,0.0,19,14,1,1,0,-0.14144406768794202,0.9899462489023779,0,2024
2024-12-23,mundhwa,0,0.0,1.0,44.104166666666664,49.554166666666674,1.804166666666666,75,56.714285714285715,3.7142857142857144,27.9,11.9,0.1,20,14,1,1,0,-0.12439450483979998,0.9922328391893008,0,2024
2024-12-24,mundhwa,0,0.0,1.0,78.88333333333334,52.62440476190476,3.070238095238095,72,60.857142857142854,4.142857142857143,28.1,10.1,0.3,21,14,1,1,0,-0.10730813165636247,0.9942258118156161,0,2024
2024-12-25,mundhwa,0,0.0,1.0,89.86666666666667,58.560714285714276,5.936309523809525,65,64.42857142857143,3.5714285714285716,30.0,11.9,0.1,22,14,1,1,0,-0.09019000427034513,0.9959245770286599,0,2024
2024-12-26,mundhwa,0,0.0,1.0,50.725,64.01785714285714,5.457142857142858,66,67.0,2.5714285714285716,30.1,11.9,0.2,23,14,1,1,0,-0.07304518821104743,0.9973286321364752,0,2024
2024-12-27,mundhwa,0,0.0,1.0,24.791666666666668,63.077380952380956,-0.9404761904761908,70,69.14285714285714,2.142857142857143,29.9,11.4,0.7,24,14,1,1,0,-0.05587875690537313,0.9984375616565666,0,2024
2024-12-28,mundhwa,0,0.0,1.0,23.604166666666668,56.79047619047619,-6.28690476190476,72,70.71428571428571,1.5714285714285714,29.7,11.4,1.8,0,14,1,1,0,-0.03869579017652689,0.9992510374388481,0,2024
2024-12-29,mundhwa,0,0.0,1.0,47.300000000000004,51.141071428571436,-5.649404761904762,65,70.85714285714286,0.14285714285714285,30.6,7.6,0.2,1,14,1,1,0,-0.021501372740813793,0.999768818762748,0,2024
2024-12-30,mundhwa,0,0.0,1.0,45.8125,51.324999999999996,0.18392857142857263,60,69.28571428571429,-1.5714285714285714,30.7,8.2,0.0,2,14,1,1,0,-0.004300592702981974,0.9999907524084426,0,2024
2024-12-31,mundhwa,0,0.0,1.0,32.954166666666666,51.56904761904762,0.24404761904761937,55,67.14285714285714,-2.142857142857143,30.3,9.9,0.0,3,14,1,1,0,0.012901459949419653,0.9999167727021953,0,2024
2022-08-12,wagholi,0,0.0,1.0,4.308333333333334,4.235119047619048,-1.0908208020050125,80,85.28571428571429,-0.8571428571428571,27.6,36.4,3.7,0,8,1,0,0,-0.65316012232693,-0.7572198192083127,0,2022
2022-08-13,wagholi,0,0.0,1.0,4.683333333333334,3.9452380952380954,-0.2898809523809523,80,83.85714285714286,-1.4285714285714286,27.8,29.8,3.4,0,8,1,0,0,-0.666088855860977,-0.7458723993404063,0,2022
2022-08-14,wagholi,0,0.0,1.0,5.904166666666666,3.914285714285714,-0.030952380952380842,80,83.0,-0.8571428571428571,27.6,28.0,3.2,0,8,1,0,0,-0.6788204829862355,-0.734304263829602,0,2022
2022-08-15,wagholi,0,0.0,1.0,4.120833333333334,4.214880952380953,0.30059523809523797,83,82.14285714285714,-0.8571428571428571,26.6,26.9,3.9,0,8,1,0,0,-0.6913512362094071,-0.722518835873311,0,2022
2022-08-16,wagholi,0,0.0,1.0,4.345833333333333,4.3446428571428575,0.1297619047619048,84,81.42857142857143,-0.7142857142857143,26.2,27.4,7.3,0,8,1,0,0,-0.7036774074790128,-0.7105196029692745,0,2022
2022-08-17,wagholi,0,0.0,1.0,4.154166666666667,4.523809523809524,0.17916666666666664,80,81.28571428571429,-0.14285714285714285,27.4,27.3,2.6,0,8,1,0,0,-0.7157953492826642,-0.6983101158835584,0,2022
2022-08-18,wagholi,0,0.0,1.0,7.345833333333334,4.516071428571428,-0.0077380952380951785,80,81.0,-0.2857142857142857,28.1,27.2,1.7,0,8,1,0,0,-0.7277014757264236,-0.6858939875998223,0,2022
2022-08-19,wagholi,0,0.0,1.0,6.075,4.980357142857143,0.4642857142857144,81,81.0,0.0,27.6,26.3,1.6,0,8,1,0,0,-0.7393922635959241,-0.673274892250183,0,2022
2022-08-20,wagholi,0,0.0,1.0,6.0874999999999995,5.232738095238096,0.2523809523809524,81,81.14285714285714,0.14285714285714285,27.8,27.4,1.0,0,8,1,0,0,-0.7508642533989489,-0.6604565640279754,0,2022
2022-08-21,wagholi,0,0.0,1.0,6.970833333333334,5.433333333333333,0.200595238095238,81,81.28571428571429,0.14285714285714285,28.0,27.7,1.2,0,8,1,0,0,-0.7621140503891487,-0.6474427960827475,0,2022
2022-08-22,wagholi,0,0.0,1.0,6.116666666666667,5.585714285714286,0.1523809523809526,81,81.42857142857143,0.14285714285714285,26.9,31.1,1.7,0,8,1,0,0,-0.7731383255706026,-0.6342374393978054,0,2022
2022-08-23,wagholi,0,0.0,1.0,5.445833333333333,5.870833333333333,0.28511904761904766,80,81.14285714285714,-0.2857142857142857,27.6,26.9,1.5,0,8,1,0,0,-0.7839338166829201,-0.620844401650647,0,2022
2022-08-24,wagholi,0,0.0,1.0,5.75,6.02797619047619,0.15714285714285708,80,80.57142857142857,-0.5714285714285714,27.8,24.2,2.6,0,8,1,0,0,-0.7944973291665992,-0.6072676460566135,0,2022
2022-08-25,wagholi,0,0.0,1.0,8.2875,6.2559523809523805,0.22797619047619047,80,80.57142857142857,0.0,28.8,19.1,2.2,0,8,1,0,0,-0.8048257371083452,-0.593511190196115,0,2022
2022-08-26,wagholi,0,0.0,1.0,12.654166666666667,6.390476190476191,0.13452380952380935,79,80.57142857142857,0.0,29.2,19.6,0.8,1,8,1,0,0,-0.8149159841660791,-0.5795791048257612,0,2022
2022-08-27,wagholi,0,0.0,1.0,21.075,7.330357142857143,0.9398809523809524,77,80.28571428571429,-0.2857142857142857,29.4,18.9,0.6,2,8,1,0,0,-0.8247650844733614,-0.5654755126737576,0,2022
2022-08-28,wagholi,0,0.0,1.0,21.554166666666664,9.471428571428572,2.1410714285714287,77,79.71428571428571,-0.5714285714285714,30.0,18.1,0.1,3,8,1,0,0,-0.8343701235229538,-0.5512045872199277,0,2022
2022-08-29,wagholi,0,0.0,1.0,25.0625,11.554761904761904,2.0833333333333326,76,79.14285714285714,-0.5714285714285714,30.3,11.6,0.3,4,8,1,0,0,-0.8437282590292712,-0.5367705514607103,0,2022
2022-08-30,wagholi,0,0.0,1.0,28.84166666666667,14.26130952380952,2.706547619047619,79,78.42857142857143,-0.7142857142857143,31.3,10.0,7.9,0,8,1,0,0,-0.8528367217694595,-0.522177676659508,0,2022
2022-08-31,wagholi,0,0.0,1.0,20.016666666666666,17.603571428571428,3.342261904761905,84,78.28571428571429,-0.14285714285714285,30.7,15.4,9.8,0,8,1,0,0,-0.8616928164028522,-0.5074302810827518,0,2022
2022-09-01,wagholi,0,0.0,1.0,13.091666666666667,19.64166666666667,2.038095238095238,85,78.85714285714286,0.5714285714285714,29.8,14.1,4.1,0,8,1,0,0,-0.8702939222685674,-0.49253272872205434,0,2022
2022-09-02,wagholi,0,0.0,1.0,14.891666666666666,20.327976190476193,0.6863095238095239,82,79.57142857142857,0.7142857142857143,30.9,12.7,3.6,0,8,1,0,0,-0.8786374941610001,-0.4774894280028391,0,2022
2022-09-03,wagholi,0,0.0,1.0,20.995833333333334,20.64761904761905,0.319642857142857,81,80.0,0.42857142857142855,31.5,14.9,1.0,0,8,1,0,0,-0.886721063082993,-0.46230483047981086,0,2022
2022-09-04,wagholi,0,0.0,1.0,13.329166666666666,20.636309523809523,-0.011309523809523674,86,80.57142857142857,0.5714285714285714,29.8,16.1,11.1,0,8,1,0,0,-0.8945422369764496,-0.4469834295196741,0,2022
2022-09-05,wagholi,0,0.0,1.0,14.862499999999999,19.461309523809526,-1.1749999999999996,86,81.85714285714286,1.2857142857142858,27.0,13.3,1.7,0,8,1,0,0,-0.9020987014301837,-0.43152975897147144,0,2022
2022-09-06,wagholi,0,0.0,1.0,24.5,18.004166666666666,-1.4571428571428573,86,83.28571428571429,1.4285714285714286,29.0,17.9,11.8,0,8,1,0,0,-0.9093882203647925,-0.4159483918249421,0,2022
2022-09-07,wagholi,0,0.0,1.0,16.591666666666665,17.383928571428573,-0.6202380952380955,86,84.28571428571429,1.0,29.9,8.0,7.4,0,8,1,0,0,-0.9164086366943458,-0.4002439388573056,0,2022
2022-09-08,wagholi,0,0.0,1.0,17.920833333333334,16.89464285714286,-0.4892857142857144,89,84.57142857142857,0.2857142857142857,28.7,8.2,14.0,0,8,1,0,0,-0.9231578729647039,-0.38442104726885545,0,2022
2022-09-09,wagholi,0,0.0,1.0,14.4125,17.58452380952381,0.6898809523809525,87,85.14285714285714,0.5714285714285714,30.0,12.0,8.6,0,8,1,0,0,-0.9296339319682695,-0.3684843993077793,0,2022
2022-09-10,wagholi,0,0.0,1.0,13.020833333333334,17.51607142857143,-0.06845238095238086,89,85.85714285714286,0.7142857142857143,28.0,11.5,26.0,0,8,1,0,0,-0.9358348973349941,-0.35243871088460327,0,2022
2022-09-11,wagholi,0,0.0,1.0,9.883333333333333,16.376785714285713,-1.1392857142857142,87,87.0,1.1428571428571428,29.5,10.6,6.4,0,8,1,0,0,-0.9417589340994617,-0.33628873017668287,0,2022
2022-09-12,wagholi,0,0.0,1.0,8.975,15.88452380952381,-0.4922619047619047,87,87.14285714285714,0.14285714285714285,29.0,15.2,7.3,0,8,1,0,0,-0.9474042892438845,-0.32003923622313857,0,2022
2022-09-13,wagholi,0,0.0,1.0,4.616666666666666,15.04345238095238,-0.8410714285714285,87,87.28571428571429,0.14285714285714285,27.6,23.1,9.4,0,8,1,0,0,-0.9527692922168511,-0.30369503751065885,0,2022
2022-09-14,wagholi,0,0.0,1.0,3.5708333333333333,12.20297619047619,-2.8404761904761906,81,87.42857142857143,0.14285714285714285,27.8,25.7,2.3,0,8,1,0,0,-0.9578523554276669,-0.28726097055059635,0,2022
2022-09-15,wagholi,0,0.0,1.0,3.516666666666666,10.342857142857142,-1.8601190476190474,81,86.71428571428571,-0.7142857142857143,27.9,31.2,3.7,0,8,1,0,0,-0.9626519747161487,-0.2707418984477642,0,2022
2022-09-16,wagholi,0,0.0,1.0,4.058333333333334,8.285119047619046,-2.0577380952380957,84,85.57142857142857,-1.1428571428571428,26.7,28.3,1.8,0,8,1,0,0,-0.9671667297977312,-0.2541427094613622,0,2022
2022-09-17,wagholi,0,0.0,1.0,5.529166666666666,6.805952380952381,-1.4791666666666665,83,85.14285714285714,-0.42857142857142855,28.4,20.8,1.6,0,8,1,0,0,-0.97139528468375,-0.23746831555846842,0,2022
2022-09-18,wagholi,0,0.0,1.0,6.166666666666667,5.735714285714286,-1.0702380952380954,82,84.28571428571429,-0.8571428571428571,28.2,20.9,5.7,0,8,1,0,0,-0.9753363880767837,-0.2207236509605022,0,2022
2022-09-19,wagholi,0,0.0,1.0,14.479166666666666,5.204761904761904,-0.5309523809523808,83,83.57142857142857,-0.7142857142857143,26.9,23.6,3.2,0,8,1,0,0,-0.9789888737409319,-0.20391367068311472,0,2022
2022-09-20,wagholi,0,0.0,1.0,16.620833333333334,5.991071428571429,0.7863095238095238,86,83.0,-0.5714285714285714,24.9,16.2,4.2,0,8,1,0,0,-0.9823516608469237,-0.18704334906991657,0,2022
2022-09-21,wagholi,0,0.0,1.0,16.6375,7.705952380952381,1.7148809523809523,83,82.85714285714286,-0.14285714285714285,28.1,19.8,1.3,0,8,1,0,0,-0.9854237542919524,-0.17011767832049052,0,2022
2022-09-22,wagholi,0,0.0,1.0,14.299999999999999,9.572619047619046,1.8666666666666667,83,83.14285714285714,0.2857142857142857,26.3,22.0,0.7,1,8,1,0,0,-0.9882042449941422,-0.15314166701312007,0,2022
2022-09-23,wagholi,0,0.0,1.0,11.020833333333334,11.113095238095237,1.5404761904761906,80,83.42857142857143,0.2857142857142857,28.1,20.9,1.4,0,8,1,0,0,-0.9906923101615609,-0.13612033862266704,0,2022
2022-09-24,wagholi,0,0.0,1.0,7.6375,12.107738095238094,0.9946428571428572,83,82.85714285714286,-0.5714285714285714,27.5,18.0,1.3,0,8,1,0,0,-0.9928872135356962,-0.11905873003404988,0,2022
2022-09-25,wagholi,0,0.0,1.0,11.908333333333333,12.408928571428573,0.30119047619047634,83,82.85714285714286,0.0,28.3,14.3,0.9,1,8,1,0,0,-0.994788305609327,-0.10196189005174576,0,2022
2022-09-26,wagholi,0,0.0,1.0,21.458333333333332,13.229166666666668,0.8202380952380952,86,83.0,0.14285714285714285,27.0,12.6,8.6,0,8,1,0,0,-0.9963950238187231,-0.08483487790576538,0,2022
2022-09-27,wagholi,0,0.0,1.0,29.479166666666668,14.226190476190476,0.9970238095238094,83,83.42857142857143,0.42857142857142855,28.2,13.3,1.5,0,8,1,0,0,-0.9977068927101168,-0.06768276175455162,0,2022
2022-09-28,wagholi,0,0.0,1.0,28.462500000000002,16.06309523809524,1.836904761904762,85,83.0,-0.42857142857142855,28.9,16.8,1.7,0,8,1,0,0,-0.9987235240803972,-0.050510617185222886,0,2022
2022-09-29,wagholi,0,0.0,1.0,24.775000000000002,17.752380952380953,1.6892857142857147,87,83.28571428571429,0.2857142857142857,28.5,15.1,7.7,0,8,1,0,0,-0.9994446170919858,-0.033323525711631344,0,2022
2022-09-30,wagholi,0,0.0,1.0,28.304166666666664,19.248809523809523,1.4964285714285719,85,83.85714285714286,0.5714285714285714,30.3,13.6,8.9,0,8,1,0,0,-0.9998699583618592,-0.016126573270657762,0,2022
2022-10-01,wagholi,0,0.0,1.0,31.670833333333334,21.717857142857145,2.4690476190476187,85,84.57142857142857,0.7142857142857143,29.6,15.4,1.9,0,8,1,0,0,-0.9999994220246925,0.001075151282798226,0,2022
2022-10-02,wagholi,0,0.0,1.0,25.120833333333334,25.151190476190475,3.4333333333333336,81,84.85714285714286,0.2857142857142857,29.9,15.6,1.0,0,8,1,0,0,-0.999832969770105,0.018276557681691223,0,2022
2022-10-03,wagholi,0,0.0,1.0,21.991666666666664,27.038690476190478,1.8875,77,84.57142857142857,-0.2857142857142857,29.6,11.2,0.0,1,8,1,0,0,-0.9993706508539969,0.03547255575312556,0,2022
2022-10-04,wagholi,0,0.0,1.0,24.9375,27.114880952380954,0.07619047619047592,79,83.28571428571429,-1.2857142857142858,30.3,12.5,0.1,2,8,1,0,0,-0.9986126020839734,0.052658056924614005,0,2022
2022-10-05,wagholi,0,0.0,1.0,26.554166666666664,26.466071428571432,-0.648809523809524,75,82.71428571428571,-0.5714285714285714,30.5,14.5,0.0,3,8,1,0,0,-0.9975590477788613,0.06982797572987089,0,2022
2022-10-06,wagholi,0,0.0,1.0,19.358333333333334,26.19345238095238,-0.27261904761904837,78,81.28571428571429,-1.4285714285714286,29.9,16.6,17.0,0,8,1,0,0,-0.9962102997023297,0.0869772313136861,0,2022
2022-10-07,wagholi,0,0.0,1.0,6.945833333333333,25.419642857142858,-0.773809523809524,85,80.0,-1.2857142857142858,27.6,15.1,11.6,0,8,1,0,0,-0.9945667569706337,0.1041007489354256,0,2022
2022-10-08,wagholi,0,0.0,1.0,8.504166666666666,22.36845238095238,-3.051190476190476,82,80.0,0.0,27.8,19.9,1.2,0,8,1,0,0,-0.9926289059345095,0.121193461470736,0,2022
2022-10-09,wagholi,0,0.0,1.0,19.474999999999998,19.05892857142857,-3.3095238095238098,79,79.57142857142857,-0.42857142857142855,30.0,11.3,0.0,1,8,1,0,0,-0.9903973200352558,0.1382503109109819,0,2022
2022-10-10,wagholi,0,0.0,1.0,28.670833333333334,18.252380952380953,-0.8065476190476194,88,79.28571428571429,-0.2857142857142857,28.5,10.9,4.6,0,8,1,0,0,-0.9878726596350429,0.15526624985999563,0,2022
2022-10-11,wagholi,0,0.0,1.0,13.725,19.20654761904762,0.9541666666666673,88,80.85714285714286,1.5714285714285714,29.2,7.2,9.5,0,8,1,0,0,-0.9850556718215013,0.172236243027682,0,2022
2022-10-12,wagholi,0,0.0,1.0,12.4,17.604761904761904,-1.6017857142857144,88,82.14285714285714,1.2857142857142858,28.5,10.0,17.5,0,8,1,0,0,-0.981947190186646,0.18915526872004093,0,2022
2022-10-13,wagholi,0,0.0,1.0,17.329166666666666,15.582738095238096,-2.0220238095238092,88,84.0,1.8571428571428572,28.8,12.4,8.4,0,8,1,0,0,-0.9785481345802031,0.20601832032517084,0,2022
2022-10-14,wagholi,0,0.0,1.0,19.158333333333335,15.292857142857143,-0.28988095238095263,88,85.42857142857143,1.4285714285714286,28.0,15.5,9.1,0,8,1,0,0,-0.9748595108374125,0.22282040779479959,0,2022
2022-10-15,wagholi,0,0.0,1.0,21.8875,17.0375,1.7446428571428574,80,85.85714285714286,0.42857142857142855,29.0,15.3,0.1,1,8,1,0,0,-0.9708824104813836,0.23955655912092708,0,2022
2022-10-16,wagholi,0,0.0,1.0,24.212500000000002,18.94940476190476,1.9119047619047618,80,85.57142857142857,-0.2857142857142857,28.5,15.1,18.9,0,8,1,0,0,-0.9666180104000972,0.2562218218071163,0,2022
2022-10-17,wagholi,0,0.0,1.0,10.558333333333334,19.626190476190477,0.6767857142857149,87,85.71428571428571,0.14285714285714285,28.7,15.9,14.1,0,8,1,0,0,-0.9620675724981452,0.27281126433401914,0,2022
2022-10-18,wagholi,0,0.0,1.0,17.724999999999998,17.038690476190474,-2.5875,90,85.57142857142857,-0.14285714285714285,28.3,11.4,15.2,0,8,1,0,0,-0.957232443323312,0.28931997761869527,0,2022
2022-10-19,wagholi,0,0.0,1.0,21.366666666666664,17.610119047619047,0.5714285714285712,86,85.85714285714286,0.2857142857142857,28.9,11.4,4.1,0,8,1,0,0,-0.9521140536681102,0.3057430764672831,0,2022
2022-10-20,wagholi,0,0.0,1.0,13.174999999999999,18.891071428571426,1.2809523809523804,86,85.57142857142857,-0.2857142857142857,28.1,10.1,2.9,0,8,1,0,0,-0.9467139181463862,0.3220757010206104,0,2022
2022-10-21,wagholi,0,0.0,1.0,15.4125,18.297619047619044,-0.593452380952381,86,85.28571428571429,-0.2857142857142857,27.3,13.6,4.2,0,8,1,0,0,-0.9410336347451197,0.3383130181923076,0,2022
2022-10-22,wagholi,0,0.0,1.0,21.566666666666666,17.7625,-0.5351190476190479,75,85.0,-0.2857142857142857,28.7,14.0,2.6,0,8,1,0,0,-0.9350748843515574,0.3544502230989869,0,2022
2022-10-23,wagholi,0,0.0,1.0,28.620833333333334,17.716666666666665,-0.04583333333333327,70,84.28571428571429,-0.7142857142857143,28.3,10.5,0.0,1,8,1,0,0,-0.9288394302558068,0.3704825404820963,0,2022
2022-10-24,wagholi,0,0.0,1.0,38.125,18.346428571428568,0.6297619047619045,68,82.85714285714286,-1.4285714285714286,28.4,10.5,0.0,2,8,1,0,1,-0.9223291176290545,0.3864052261209853,0,2022
2022-10-25,wagholi,0,0.0,1.0,40.99583333333333,22.28452380952381,3.938095238095238,67,80.14285714285714,-2.7142857142857144,28.9,9.2,0.0,3,8,1,0,1,-0.9155458729775467,0.40221356823680365,0,2022
2022-10-26,wagholi,0,0.0,1.0,37.766666666666666,25.60892857142857,3.324404761904762,70,76.85714285714286,-3.2857142857142856,28.2,10.9,0.0,4,8,1,0,1,-0.9084917035725082,0.41790288888678667,0,2022
2022-10-27,wagholi,0,0.0,1.0,37.108333333333334,27.951785714285712,2.342857142857143,66,74.57142857142857,-2.2857142857142856,27.8,12.0,0.0,5,8,1,0,1,-0.9011686968561569,0.4334685453485363,0,2022
2022-10-28,wagholi,0,0.0,1.0,37.88333333333333,31.370833333333334,3.41904761904762,63,71.71428571428571,-2.857142857142857,27.7,15.5,0.0,6,8,1,0,1,-0.8935790198239952,0.4489059314938798,0,2022
2022-10-29,wagholi,0,0.0,1.0,32.97083333333333,34.58095238095238,3.2101190476190475,65,68.42857142857143,-3.2857142857142856,28.4,15.3,0.0,7,8,1,0,1,-0.8857249183835637,0.4642104791518923,0,2022
2022-10-30,wagholi,0,0.0,1.0,35.541666666666664,36.210119047619045,1.6291666666666664,62,67.0,-1.4285714285714286,28.5,14.4,0.0,8,8,1,0,1,-0.8776087166898392,0.4793776594606945,0,2022
2022-10-31,wagholi,0,0.0,1.0,47.375,37.19880952380952,0.9886904761904758,58,65.85714285714286,-1.1428571428571428,28.1,11.2,0.0,9,8,1,0,0,-0.8692328164574792,0.49440298420761813,0,2022
2022-11-01,wagholi,0,0.0,1.0,45.54583333333333,38.52023809523809,1.3214285714285714,60,64.42857142857143,-1.4285714285714286,28.3,12.6,0.0,10,8,1,0,0,-0.8605996962501181,0.5092820071573356,0,2022
2022-11-02,wagholi,0,0.0,1.0,43.71666666666667,39.1702380952381,0.6499999999999996,63,63.42857142857143,-1.0,29.6,10.9,0.0,11,8,1,0,0,-0.8517119107469189,0.5240103253675756,0,2022
2022-11-03,wagholi,0,0.0,1.0,34.09166666666667,40.02023809523809,0.8500000000000004,57,62.42857142857143,-1.0,30.2,14.6,0.0,12,8,1,0,0,-0.8425720899866032,0.5385835804920232,0,2022
2022-11-04,wagholi,0,0.0,1.0,33.791666666666664,39.589285714285715,-0.4309523809523808,60,61.142857142857146,-1.2857142857142858,29.8,13.3,0.0,13,8,1,0,0,-0.8331829385891785,0.5529974600700271,0,2022
2022-11-05,wagholi,0,0.0,1.0,31.15833333333333,39.00476190476191,-0.5845238095238098,55,60.714285714285715,-0.42857142857142855,29.8,11.4,0.0,14,8,1,0,0,-0.8235472349556007,0.5672476988027229,0,2022
2022-11-06,wagholi,0,0.0,1.0,32.108333333333334,38.74583333333333,-0.25892857142857145,52,59.285714285714285,-1.4285714285714286,30.2,11.9,0.0,15,8,1,0,0,-0.8136678304455991,0.5813300798152042,0,2022
2022-11-07,wagholi,0,0.0,1.0,39.6875,38.255357142857136,-0.49047619047619,53,57.857142857142854,-1.4285714285714286,30.1,9.2,0.0,16,8,1,0,0,-0.8035476485339116,0.5952404359043674,0,2022
2022-11-08,wagholi,0,0.0,1.0,46.416666666666664,37.15714285714285,-1.0982142857142858,55,57.142857142857146,-0.7142857142857143,30.1,9.6,0.0,17,8,1,0,0,-0.7931896839451843,0.6089746507720486,0,2022
2022-11-09,wagholi,0,0.0,1.0,44.925000000000004,37.281547619047615,0.12440476190476245,53,56.42857142857143,-0.7142857142857143,30.0,11.8,0.0,18,8,1,0,0,-0.7825970017677834,0.6225286602431057,0,2022
2022-11-10,wagholi,0,0.0,1.0,40.4625,37.454166666666666,0.17261904761904795,49,55.0,-1.4285714285714286,29.8,18.9,0.0,19,8,1,0,0,-0.7717727365467836,0.6358984534680745,0,2022
2022-11-11,wagholi,0,0.0,1.0,42.92916666666667,38.364285714285714,0.9101190476190472,57,53.857142857142854,-1.1428571428571428,30.2,17.6,0.0,20,8,1,0,0,-0.7607200913564104,0.6490800741100398,0,2022
2022-11-12,wagholi,0,0.0,1.0,51.541666666666664,39.669642857142854,1.3053571428571433,59,53.42857142857143,-0.42857142857142855,29.9,15.9,0.0,21,8,1,0,0,-0.7494423368521954,0.6620696215153815,0,2022
2022-11-13,wagholi,0,0.0,1.0,58.73333333333333,42.58154761904762,2.9119047619047618,61,54.0,0.5714285714285714,29.5,13.2,0.0,22,8,1,0,0,-0.7379428103031386,0.6748632518680403,0,2022
2022-11-14,wagholi,0,0.0,1.0,54.22083333333333,46.38511904761905,3.8035714285714275,61,55.285714285714285,1.2857142857142858,30.3,9.9,0.0,23,8,1,0,0,-0.7262249146041543,0.6874571793269664,0,2022
2022-11-15,wagholi,0,0.0,1.0,57.75,48.46130952380952,2.076190476190476,60,56.42857142857143,1.1428571428571428,29.9,7.9,0.0,24,8,1,0,0,-0.7142921172691032,0.699847677146407,0,2022
2022-11-16,wagholi,0,0.0,1.0,53.262499999999996,50.080357142857146,1.6190476190476193,58,57.142857142857146,0.7142857142857143,29.2,7.1,0.0,25,8,1,0,0,-0.7021479494046978,0.7120310787787131,0,2022
2022-11-17,wagholi,0,0.0,1.0,44.225,51.271428571428565,1.1910714285714274,54,57.857142857142854,0.7142857142857143,29.5,10.5,0.0,26,8,1,0,0,-0.6897960046655887,0.7240037789593305,0,2022
2022-11-18,wagholi,0,0.0,1.0,33.916666666666664,51.80892857142857,0.5375000000000004,50,58.57142857142857,0.7142857142857143,28.6,11.2,0.0,27,8,1,0,0,-0.6772399381909491,0.7357622347736527,0,2022
2022-11-19,wagholi,0,0.0,1.0,44.51666666666667,50.521428571428565,-1.2875000000000003,49,57.57142857142857,-1.0,28.0,11.3,0.0,28,8,1,0,0,-0.6644834655228552,0.7473029667054296,0,2022
2022-11-20,wagholi,0,0.0,1.0,39.22083333333334,49.517857142857146,-1.0035714285714274,49,56.142857142857146,-1.4285714285714286,27.1,10.8,0.0,29,8,1,0,0,-0.6515303615068021,0.75862255966641,0,2022
2022-11-21,wagholi,0,0.0,1.0,41.69166666666667,46.730357142857144,-2.7874999999999983,48,54.42857142857143,-1.7142857142857142,27.3,9.6,0.0,30,8,1,0,0,-0.6383844591746642,0.7697176640069211,0,2022
2022-11-22,wagholi,0,0.0,1.0,45.74166666666667,44.9404761904762,-1.7898809523809516,50,52.57142857142857,-1.8571428571428572,29.2,8.9,0.0,31,8,1,0,0,-0.6250496486104377,0.7805849965070866,0,2022
2022-11-23,wagholi,0,0.0,1.0,45.645833333333336,43.22500000000001,-1.7154761904761904,53,51.142857142857146,-1.4285714285714286,30.0,10.2,0.0,32,8,1,0,0,-0.6115298757991053,0.7912213413483807,0,2022
2022-11-24,wagholi,0,0.0,1.0,50.57916666666667,42.136904761904766,-1.0880952380952371,56,50.42857142857143,-0.7142857142857143,30.2,8.8,0.0,33,8,1,0,0,-0.5978291414589552,0.801623551065242,0,2022
2022-11-25,wagholi,0,0.0,1.0,56.32083333333333,43.044642857142854,0.9077380952380959,59,50.714285714285715,0.2857142857142857,30.8,9.0,0.0,34,8,1,0,0,-0.5839514998576998,0.8117885474764613,0,2022
2022-11-26,wagholi,0,0.0,1.0,68.71666666666667,46.2452380952381,3.2005952380952385,62,52.0,1.2857142857142858,31.0,9.8,0.0,35,8,1,0,0,-0.5699010576127624,0.8217133225960589,0,2022
2022-11-27,wagholi,0,0.0,1.0,67.94583333333334,49.702380952380956,3.4571428571428564,65,53.857142857142854,1.8571428571428572,30.7,9.5,0.0,36,8,1,0,0,-0.5556819724760489,0.8313949395234058,0,2022
2022-11-28,wagholi,0,1.0,1.0,36.545833333333334,53.80595238095238,4.103571428571429,64,56.142857142857146,2.2857142857142856,30.5,13.4,0.0,37,8,1,0,0,-0.5412984521036173,0.8408305333122887,1,2022
2022-11-29,wagholi,1,1.0,1.0,41.65,53.07083333333333,-0.735119047619048,60,58.42857142857143,2.2857142857142856,30.7,11.6,0.0,38,8,1,0,0,-0.5267547528105542,0.8500173118187018,1,2022
2022-11-30,wagholi,0,0.0,1.0,49.2125,52.48630952380952,-0.5845238095238098,58,59.857142857142854,1.4285714285714286,29.8,10.7,0.0,39,8,1,0,0,-0.5120551783114646,0.8589525565270845,0,2022
2022-12-01,wagholi,0,0.0,1.0,42.77916666666667,52.99583333333334,0.5095238095238089,51,60.57142857142857,0.7142857142857143,29.1,9.8,0.0,40,8,1,0,0,-0.4972040784469378,0.8676336233547726,0,2022
2022-12-02,wagholi,0,0.0,1.0,58.645833333333336,51.881547619047616,-1.114285714285715,52,59.857142857142854,-0.7142857142857143,30.2,10.1,0.0,41,8,1,0,0,-0.4822058478963526,0.8760579434344281,0,2022
2022-12-03,wagholi,0,0.0,1.0,70.26666666666667,52.21369047619048,0.3321428571428576,60,58.857142857142854,-1.0,31.1,8.7,0.0,42,8,1,0,0,-0.46706492487743034,0.8842230238742036,0,2022
2022-12-04,wagholi,0,0.0,1.0,74.75,52.43511904761905,0.22142857142857103,69,58.57142857142857,-0.2857142857142857,30.6,11.0,0.0,43,8,1,0,0,-0.451785789832884,0.8921264484954345,0,2022
2022-12-05,wagholi,0,0.0,1.0,76.98333333333333,53.40714285714286,0.9720238095238086,66,59.142857142857146,0.5714285714285714,30.2,11.1,0.2,44,8,1,0,0,-0.4363729641045924,0.8997658785476209,0,2022
2022-12-06,wagholi,0,0.0,1.0,70.9875,59.183928571428574,5.776785714285714,58,59.42857142857143,0.2857142857142857,30.8,12.1,0.0,45,8,1,0,0,-0.42083100859565564,0.9071390534005044,0,2022
2022-12-07,wagholi,0,0.0,1.0,61.36666666666667,63.375,4.191071428571428,58,59.142857142857146,-0.2857142857142857,30.9,11.8,0.0,46,8,1,0,0,-0.4051645224207563,0.9142437912130223,0,2022
2022-12-08,wagholi,0,0.0,1.0,71.85833333333333,65.11130952380952,1.736309523809524,58,59.142857142857146,0.0,29.9,11.1,0.0,47,8,1,0,0,-0.3893781415452015,0.9210779895789526,0,2022
2022-12-09,wagholi,0,0.0,1.0,32.625,69.26547619047619,4.154166666666667,47,60.142857142857146,1.0,28.2,13.1,0.0,48,8,1,0,0,-0.37347653741307074,0.9276396261490467,0,2022
2022-12-10,wagholi,0,1.0,1.0,30.366666666666664,65.54821428571428,-3.717261904761905,43,59.42857142857143,-0.7142857142857143,29.9,9.9,0.0,49,8,1,0,0,-0.3574644155648614,0.9339267592294762,1,2022
2022-12-11,wagholi,1,1.0,1.0,31.454166666666666,59.848214285714285,-5.700000000000001,56,57.0,-2.4285714285714284,30.4,14.9,1.0,0,8,1,0,0,-0.34134651424503615,0.9399375283564133,1,2022
2022-12-12,wagholi,0,0.0,1.0,24.9875,53.66309523809524,-6.185119047619048,76,55.142857142857146,-1.8571428571428572,28.9,15.1,0.0,1,8,1,0,0,-0.3251276029999093,0.9456701548465688,0,2022
2022-12-13,wagholi,0,0.0,1.0,10.0875,46.235119047619044,-7.427976190476191,76,56.57142857142857,1.4285714285714286,28.5,20.3,0.3,2,8,1,0,0,-0.30881248126625377,0.9511229423235357,0,2022
2022-12-14,wagholi,0,0.0,1.0,0.8291666666666666,37.53511904761905,-8.7,69,59.142857142857146,2.5714285714285716,29.8,20.2,0.0,3,8,1,0,0,-0.29240597695107734,0.9562942772197719,0,2022
2022-12-15,wagholi,0,0.0,1.0,0.7291666666666666,28.88690476190476,-8.648214285714285,68,60.714285714285715,1.5714285714285714,29.9,14.7,0.0,4,8,1,0,0,-0.27591294500296043,0.9611826292540837,0,2022
2022-12-16,wagholi,0,0.0,1.0,18.295833333333334,18.725595238095234,-10.161309523809523,64,62.142857142857146,1.4285714285714286,31.6,10.0,0.0,5,8,1,0,0,-0.2593382659754056,0.9657865518844574,0,2022
2022-12-17,wagholi,0,0.0,1.0,32.65,16.678571428571427,-2.0470238095238096,60,64.57142857142857,2.4285714285714284,31.0,10.1,0.3,6,8,1,0,0,-0.2426868445825954,0.9701046827361175,0,2022
2022-12-18,wagholi,0,0.0,1.0,29.21666666666667,17.004761904761903,0.3261904761904764,56,67.0,2.4285714285714284,31.6,9.8,0.0,7,8,1,0,0,-0.22596360824801906,0.974135744004672,0,2022
2022-12-19,wagholi,0,1.0,1.0,22.604166666666668,16.685119047619047,-0.31964285714285673,52,67.0,0.0,30.5,8.6,0.0,8,8,1,0,0,-0.20917350564635637,0.9778785428342386,1,2022
2022-12-20,wagholi,1,1.0,1.0,30.958333333333332,16.34464285714286,-0.34047619047619043,48,63.57142857142857,-3.4285714285714284,30.6,8.7,0.0,9,8,1,0,0,-0.19232150523909483,0.9813319716704275,1,2022
2022-12-21,wagholi,0,0.0,1.0,40.483333333333334,19.326190476190476,2.9815476190476184,47,59.57142857142857,-4.0,31.0,10.8,0.0,10,8,1,0,0,-0.17541259380427843,0.9844950085880858,0,2022
2022-12-22,wagholi,0,0.0,1.0,50.262499999999996,24.991071428571427,5.664880952380953,52,56.42857142857143,-3.142857142857143,31.1,9.2,0.0,11,8,1,0,0,-0.15845177496083632,0.9873667175937016,0,2022
2022-12-23,wagholi,0,0.0,1.0,48.862500000000004,32.06726190476191,7.076190476190476,55,54.142857142857146,-2.2857142857142856,31.3,10.3,0.0,12,8,1,0,0,-0.14144406768794202,0.9899462489023779,0,2022
2022-12-24,wagholi,0,0.0,1.0,34.824999999999996,36.433928571428574,4.366666666666667,51,52.857142857142854,-1.2857142857142858,30.9,11.2,0.0,13,8,1,0,0,-0.12439450483979998,0.9922328391893008,0,2022
2022-12-25,wagholi,0,0.0,1.0,35.891666666666666,36.74464285714286,0.31071428571428533,47,51.57142857142857,-1.2857142857142858,30.8,11.6,0.0,14,8,1,0,0,-0.10730813165636247,0.9942258118156161,0,2022
2022-12-26,wagholi,0,0.0,1.0,42.291666666666664,37.698214285714286,0.9535714285714282,55,50.285714285714285,-1.2857142857142858,31.0,11.3,0.0,15,8,1,0,0,-0.09019000427034513,0.9959245770286599,0,2022
2022-12-27,wagholi,0,0.0,1.0,34.84166666666667,40.510714285714286,2.8124999999999996,60,50.714285714285715,0.42857142857142855,31.2,9.7,0.0,16,8,1,0,0,-0.07304518821104743,0.9973286321364752,0,2022
2022-12-28,wagholi,0,0.0,1.0,33.80416666666667,41.06547619047619,0.5547619047619052,57,52.42857142857143,1.7142857142857142,31.1,10.4,0.0,17,8,1,0,0,-0.05587875690537313,0.9984375616565666,0,2022
2022-12-29,wagholi,0,0.0,1.0,34.354166666666664,40.11130952380952,-0.9541666666666667,55,53.857142857142854,1.4285714285714286,30.6,8.0,0.0,18,8,1,0,0,-0.03869579017652689,0.9992510374388481,0,2022
2022-12-30,wagholi,0,1.0,1.0,35.583333333333336,37.83869047619048,-2.2726190476190475,55,54.285714285714285,0.42857142857142855,30.6,10.2,0.0,19,8,1,0,0,-0.021501372740813793,0.999768818762748,1,2022
2022-12-31,wagholi,1,1.0,1.0,32.987500000000004,35.94166666666666,-1.89702380952381,54,54.285714285714285,0.0,30.8,13.3,0.0,20,8,1,0,0,-0.004300592702981974,0.9999907524084426,1,2022
2023-01-01,wagholi,0,1.0,1.0,34.75,35.67916666666667,-0.2624999999999988,54,54.714285714285715,0.42857142857142855,30.5,10.0,0.0,21,8,1,0,0,0.017201575418260506,0.9998520419557735,1,2023
2023-01-02,wagholi,1,1.0,1.0,35.824999999999996,35.51607142857143,-0.16309523809523796,54,55.714285714285715,1.0,30.0,8.7,0.0,22,8,1,0,0,0.03439806061360801,0.9994082116062598,1,2023
2023-01-03,wagholi,0,0.0,1.0,45.262499999999996,34.592261904761905,-0.9238095238095241,54,55.57142857142857,-0.14285714285714285,30.4,14.1,0.0,23,8,1,0,0,0.051584366869408364,0.9986686402879997,0,2023
2023-01-04,wagholi,0,0.0,1.0,53.375,36.08095238095238,1.4886904761904753,58,54.714285714285715,-0.8571428571428571,29.9,10.4,0.0,24,8,1,0,0,0.06875540848113941,0.9976335468520451,0,2023
2023-01-05,wagholi,0,0.0,1.0,65.85833333333333,38.87678571428571,2.7958333333333334,60,54.857142857142854,0.14285714285714285,29.7,13.1,0.0,25,8,1,0,0,0.08590610426133272,0.9963032375991965,0,2023
2023-01-06,wagholi,0,0.0,1.0,48.57083333333333,43.37738095238095,4.500595238095238,63,55.57142857142857,0.7142857142857143,29.2,17.1,0.0,26,8,1,0,0,0.10303137904317879,0.9946781061893646,0,2023
2023-01-07,wagholi,0,0.0,1.0,92.125,45.2327380952381,1.8553571428571425,66,56.714285714285715,1.1428571428571428,28.5,13.1,0.0,27,8,1,0,0,0.1201261651823505,0.9927586335250793,0,2023
2023-01-08,wagholi,0,0.0,1.0,55.354166666666664,53.68095238095238,8.448214285714284,58,58.42857142857143,1.7142857142857142,28.1,11.0,0.0,28,8,1,0,0,0.13718540405660057,0.9905453876091833,0,2023
2023-01-09,wagholi,0,0.0,1.0,30.4375,56.62440476190476,2.9434523809523805,44,59.0,0.5714285714285714,27.9,8.4,0.0,29,8,1,0,0,0.1542040475626894,0.988039023376751,0,2023
2023-01-10,wagholi,0,0.0,1.0,33.1625,55.85476190476191,-0.7696428571428565,39,57.57142857142857,-1.4285714285714286,28.9,10.4,0.0,30,8,1,0,0,0.17117705961019986,0.985240282501282,0,2023
2023-01-11,wagholi,0,0.0,1.0,41.329166666666666,54.12619047619047,-1.7285714285714278,43,55.42857142857143,-2.142857142857143,30.4,11.4,0.0,31,8,1,0,0,0.18809941761179758,0.9821499931752291,0,2023
2023-01-12,wagholi,0,0.0,1.0,35.49583333333333,52.40535714285714,-1.7208333333333334,45,53.285714285714285,-2.142857142857143,30.0,11.2,0.0,32,8,1,0,0,0.20496611396949532,0.9787690698649216,0,2023
2023-01-13,wagholi,0,0.0,1.0,27.075,48.067857142857136,-4.3375,63,51.142857142857146,-2.142857142857143,30.1,11.8,0.0,33,8,1,0,0,0.22177215755648186,0.975098513039961,0,2023
2023-01-14,wagholi,0,0.0,1.0,33.72083333333333,44.99702380952381,-3.0708333333333333,66,51.142857142857146,0.0,29.9,14.1,0.0,34,8,1,0,0,0.23851257519407648,0.9711394088771653,0,2023
2023-01-15,wagholi,0,0.0,1.0,43.32916666666667,36.653571428571425,-8.343452380952382,58,51.142857142857146,0.0,30.8,12.4,0.0,35,8,1,0,0,0.2551824131233728,0.9668929289391521,0,2023
2023-01-16,wagholi,0,0.0,1.0,49.02916666666667,34.93571428571429,-1.7178571428571416,56,51.142857142857146,0.0,32.0,15.6,0.0,36,8,1,0,0,0.2717767384711357,0.9623603298276545,0,2023
2023-01-17,wagholi,0,0.0,1.0,50.0,37.59166666666666,2.6559523809523813,55,52.857142857142854,1.7142857142857142,30.8,11.4,0.0,37,8,1,0,0,0.2882906407095177,0.9575429528116719,0,2023
2023-01-18,wagholi,0,0.0,1.0,50.0375,39.9970238095238,2.4053571428571425,48,55.142857142857146,2.2857142857142856,30.7,14.2,0.0,38,8,1,0,0,0.3047192331091634,0.9524422234305676,0,2023
2023-01-19,wagholi,0,0.0,1.0,58.275,41.24107142857143,1.2440476190476193,44,55.857142857142854,0.7142857142857143,31.6,11.7,0.0,39,8,1,0,0,0.321057654185271,0.9470596510722283,0,2023
2023-01-20,wagholi,0,0.0,1.0,59.49583333333333,44.49523809523809,3.254166666666667,48,55.714285714285715,-0.14285714285714285,31.3,15.5,0.0,40,8,1,0,0,0.3373010691361842,0.9413968285264122,0,2023
2023-01-21,wagholi,0,0.0,1.0,55.512499999999996,49.12678571428571,4.631547619047619,44,53.57142857142857,-2.142857142857143,30.3,14.6,0.0,41,8,1,0,0,0.3534446712740877,0.9354554315134164,0,2023
2023-01-22,wagholi,0,0.0,1.0,53.125,52.23988095238094,3.1130952380952377,48,50.42857142857143,-3.142857142857143,30.9,14.0,0.0,42,8,1,0,0,0.3694836834473831,0.9292372181882051,0,2023
2023-01-23,wagholi,0,0.0,1.0,45.93333333333334,53.63928571428571,1.399404761904761,52,49.0,-1.4285714285714286,30.5,13.3,0.0,43,8,1,0,0,0.38541335945432564,0.9227440286201427,0,2023
2023-01-24,wagholi,0,0.0,1.0,50.862500000000004,53.197023809523806,-0.44226190476190447,57,48.42857142857143,-0.5714285714285714,32.1,18.4,0.0,44,8,1,0,0,0.4012289854475009,0.9159777842484877,0,2023
2023-01-25,wagholi,0,0.0,1.0,60.24583333333334,53.320238095238096,0.12321428571428632,57,48.714285714285715,0.2857142857142857,29.9,13.1,0.3,45,8,1,0,0,0.4169258813287287,0.908940487313808,0,2023
2023-01-26,wagholi,0,0.0,1.0,57.520833333333336,54.778571428571425,1.4583333333333337,56,50.0,1.2857142857142858,30.0,14.7,0.4,46,8,1,0,0,0.4324994021339788,0.901634220265486,0,2023
2023-01-27,wagholi,0,0.0,1.0,40.52916666666667,54.67083333333334,-0.1077380952380947,49,51.714285714285715,1.7142857142857142,31.4,14.3,0.0,47,8,1,0,0,0.44794493940789115,0.8940611451454876,0,2023
2023-01-28,wagholi,0,0.0,1.0,30.358333333333334,51.961309523809526,-2.709523809523809,42,51.857142857142854,0.14285714285714285,31.4,17.1,0.0,48,8,1,0,0,0.4632579225674917,0.88622350294858,0,2023
2023-01-29,wagholi,0,0.0,1.0,47.38333333333333,48.36785714285715,-3.5934523809523804,58,51.57142857142857,-0.2857142857142857,31.9,15.5,0.0,49,8,1,0,0,0.4784338202547012,0.8781236129591848,0,2023
2023-01-30,wagholi,0,0.0,1.0,44.80416666666667,47.54761904761905,-0.8202380952380953,62,53.0,1.4285714285714286,30.9,10.7,0.0,50,8,1,0,0,0.49346814167723735,0.8697638720650646,0,2023
2023-01-31,wagholi,0,0.0,1.0,47.29583333333333,47.38630952380953,-0.1613095238095243,54,54.42857142857143,1.4285714285714286,30.8,13.0,0.0,51,8,1,0,0,0.5083564379375122,0.8611467540480452,0,2023
2023-02-01,wagholi,0,0.0,1.0,53.34583333333333,46.876785714285724,-0.509523809523811,56,54.0,-0.42857142857142855,30.0,15.5,0.1,52,8,1,0,0,0.5230943033491326,0.8522748088519838,0,2023
2023-02-02,wagholi,0,0.0,1.0,43.887499999999996,45.89107142857143,-0.9857142857142865,51,53.857142857142854,-0.14285714285714285,31.1,14.4,0.0,53,8,1,0,0,0.5376773767406141,0.8431506618282,0,2023
2023-02-03,wagholi,0,0.0,1.0,33.891666666666666,43.94345238095237,-1.9476190476190485,41,53.142857142857146,-0.7142857142857143,30.9,12.2,0.0,54,8,1,0,0,0.5521013427459208,0.8337770129585915,0,2023
2023-02-04,wagholi,0,0.0,1.0,34.11666666666667,42.99523809523809,-0.9482142857142861,39,52.0,-1.1428571428571428,31.6,10.7,0.0,55,8,1,0,0,0.5663619330814524,0.8241566360566663,0,2023
2023-02-05,wagholi,0,0.0,1.0,36.1625,43.53214285714285,0.5369047619047619,38,51.57142857142857,-0.42857142857142855,32.3,12.7,0.0,56,8,1,0,0,0.580454927809098,0.8142923779467267,0,2023
2023-02-06,wagholi,0,1.0,1.0,47.11666666666667,41.92916666666667,-1.60297619047619,40,48.714285714285715,-2.857142857142857,33.4,15.7,0.0,57,8,1,0,0,0.5943761565849831,0.804187157621448,1,2023
2023-02-07,wagholi,1,1.0,1.0,37.44583333333333,42.259523809523806,0.33035714285714285,42,45.57142857142857,-3.142857142857143,32.4,8.9,0.0,58,8,1,0,0,0.6081214998935418,0.7938439653781019,1,2023
2023-02-08,wagholi,0,0.0,1.0,30.141666666666666,40.85238095238095,-1.4071428571428564,39,43.857142857142854,-1.7142857142857142,33.3,9.1,0.0,59,8,1,0,0,0.6216868902665479,0.7832658619336791,0,2023
2023-02-09,wagholi,0,0.0,1.0,27.34583333333333,37.5375,-3.3148809523809524,37,41.42857142857143,-2.4285714285714284,34.1,7.2,0.0,60,8,1,0,0,0.6350683134867438,0.7724559775191742,0,2023
2023-02-10,wagholi,0,0.0,1.0,33.90416666666667,35.17440476190476,-2.3630952380952377,33,39.42857142857143,-2.0,34.1,12.2,0.0,61,8,1,0,0,0.6482618097757122,0.7614175109532997,0,2023
2023-02-11,wagholi,0,0.0,1.0,29.879166666666666,35.17619047619048,0.0017857142857146918,31,38.285714285714285,-1.1428571428571428,34.6,13.0,0.0,62,8,1,0,0,0.6612634749656386,0.7501537286959042,0,2023
2023-02-12,wagholi,0,0.0,1.0,24.366666666666664,34.57083333333333,-0.6053571428571429,27,37.142857142857146,-1.1428571428571428,34.1,11.0,0.0,63,8,1,0,0,0.6740694616546161,0.7386679638813748,0,2023
2023-02-13,wagholi,0,0.0,1.0,17.041666666666668,32.885714285714286,-1.6851190476190483,31,35.57142857142857,-1.5714285714285714,33.5,13.0,0.0,64,8,1,0,0,0.6866759803451553,0.726963615332308,0,2023
2023-02-14,wagholi,0,0.0,1.0,21.566666666666666,28.58928571428571,-4.296428571428572,28,34.285714285714285,-1.2857142857142858,33.1,10.5,0.0,65,8,1,0,0,0.6990793005655562,0.7150441465537444,0,2023
2023-02-15,wagholi,0,0.0,1.0,18.904166666666665,26.320833333333333,-2.268452380952381,21,32.285714285714285,-2.0,34.2,11.0,0.0,66,8,1,0,0,0.7112757519738152,0.7029130847082615,0,2023
2023-02-16,wagholi,0,0.0,1.0,15.5375,24.71547619047619,-1.605357142857143,23,29.714285714285715,-2.5714285714285716,35.4,17.7,0.0,67,8,1,0,0,0.7232617254437388,0.6905740195722293,0,2023
2023-02-17,wagholi,0,0.0,1.0,18.316666666666666,23.028571428571432,-1.6869047619047617,25,27.714285714285715,-2.0,35.4,15.0,0.0,68,8,1,0,0,0.7350336741329413,0.6780306024735382,0,2023
2023-02-18,wagholi,0,0.0,1.0,17.775000000000002,20.801785714285717,-2.2267857142857146,23,26.571428571428573,-1.1428571428571428,34.7,11.2,0.0,69,8,1,0,0,0.746588114532413,0.6652865452111116,0,2023
2023-02-19,wagholi,0,0.0,1.0,22.120833333333334,19.072619047619046,-1.7291666666666663,26,25.428571428571427,-1.1428571428571428,34.6,14.1,0.0,70,8,1,0,0,0.7579216274973472,0.6523456189565257,0,2023
2023-02-20,wagholi,0,0.0,1.0,34.958333333333336,18.751785714285713,-0.32083333333333286,30,25.285714285714285,-0.14285714285714285,34.6,15.7,0.0,71,8,1,0,0,0.7690308592589181,0.6392116531380588,0,2023
2023-02-21,wagholi,0,0.0,1.0,44.729166666666664,21.311309523809523,2.5595238095238098,34,25.142857142857142,-0.14285714285714285,36.0,12.1,0.0,72,8,1,0,0,0.7799125224167177,0.6258885343075018,0,2023
2023-02-22,wagholi,0,0.0,1.0,31.02916666666667,24.620238095238097,3.308928571428571,30,26.0,0.8571428571428571,35.3,10.9,0.0,73,8,1,0,0,0.7905633969115482,0.612380204990065,0,2023
2023-02-23,wagholi,0,0.0,1.0,30.516666666666666,26.35238095238095,1.7321428571428577,32,27.285714285714285,1.2857142857142858,35.5,11.7,0.0,74,8,1,0,0,0.8009803309782905,0.5986906625177214,0,2023
2023-02-24,wagholi,0,0.0,1.0,30.791666666666668,28.492261904761904,2.139880952380952,25,28.571428571428573,1.2857142857142858,35.6,10.7,0.0,75,8,1,0,0,0.8111602420785621,0.5848239578463322,0,2023
2023-02-25,wagholi,0,0.0,1.0,30.954166666666666,30.274404761904766,1.7821428571428573,26,28.571428571428573,0.0,35.3,9.8,0.0,76,8,1,0,0,0.8211001178128892,0.5707841943569036,0,2023
2023-02-26,wagholi,0,0.0,1.0,28.462500000000002,32.15714285714286,1.8827380952380948,24,29.0,0.42857142857142855,35.3,9.4,0.0,77,8,1,0,0,0.8307970168121247,0.5565755266413303,0,2023
2023-02-27,wagholi,0,0.0,1.0,30.433333333333334,33.06309523809524,0.9059523809523812,23,28.714285714285715,-0.2857142857142857,35.3,18.8,0.0,78,8,1,0,0,0.8402480696078469,0.5422021592729844,0,2023
2023-02-28,wagholi,0,0.0,1.0,39.30416666666667,32.416666666666664,-0.6464285714285717,28,27.714285714285715,-1.0,35.3,21.0,0.0,79,8,1,0,0,0.8494504794814806,0.527668345562516,0,2023
2023-03-01,wagholi,0,0.0,1.0,38.84583333333333,31.64166666666667,-0.7749999999999996,26,26.857142857142858,-0.8571428571428571,34.5,9.0,0.0,80,8,1,0,0,0.8584015232918917,0.512978386299228,0,2023
2023-03-02,wagholi,0,0.0,1.0,38.625,32.75833333333333,1.116666666666666,29,26.285714285714285,-0.5714285714285714,35.2,14.0,0.0,81,8,1,0,0,0.8670985522812081,0.4981366284784055,0,2023
2023-03-03,wagholi,0,1.0,1.0,43.958333333333336,33.91666666666667,1.1583333333333334,30,25.857142857142858,-0.42857142857142855,35.3,16.9,0.0,82,8,1,0,0,0.8755389928586302,0.4831474640149687,1,2023
2023-03-04,wagholi,1,1.0,1.0,50.050000000000004,35.79761904761905,1.8809523809523812,30,26.571428571428573,0.7142857142857143,36.1,11.3,0.0,83,8,1,0,0,0.8837203473619977,0.4680153284438345,1,2023
2023-03-05,wagholi,0,0.0,1.0,55.19166666666666,38.52559523809524,2.727976190476191,29,27.142857142857142,0.5714285714285714,36.1,10.9,0.0,84,8,1,0,0,0.8916401947968874,0.45274469960737107,0,2023
2023-03-06,wagholi,0,0.0,1.0,51.25,42.34404761904762,3.81845238095238,39,27.857142857142858,0.7142857142857143,34.9,22.0,0.8,85,8,1,0,0,0.8992961915530253,0.4373400963303323,0,2023
2023-03-07,wagholi,0,0.0,1.0,46.2875,45.31785714285714,2.973809523809524,48,30.142857142857142,2.2857142857142856,30.9,14.8,0.3,86,8,1,0,1,0.9066860720977985,0.4218060770826634,0,2023
2023-03-08,wagholi,0,0.0,1.0,43.25416666666666,46.31547619047619,0.9976190476190477,41,33.0,2.857142857142857,33.6,15.5,0.0,87,8,1,0,1,0.9138076496466615,0.4061472386305789,0,2023
2023-03-09,wagholi,0,0.0,1.0,32.84583333333333,46.94523809523809,0.6297619047619045,31,35.142857142857146,2.142857142857143,33.6,14.5,0.0,88,8,1,0,1,0.9206588168102428,0.3903682146763026,0,2023
2023-03-10,wagholi,0,0.0,1.0,32.645833333333336,46.119642857142864,-0.8255952380952384,30,35.42857142857143,0.2857142857142857,34.4,11.2,0.0,89,8,1,0,1,0.9272375462179537,0.374473674486883,0,2023
2023-03-11,wagholi,0,0.0,1.0,33.24166666666667,44.503571428571426,-1.6160714285714286,30,35.42857142857143,0.0,35.6,16.8,0.0,90,8,1,0,1,0.9335418911179212,0.35846832151248087,0,2023
2023-03-12,wagholi,0,0.0,1.0,46.4625,42.10238095238095,-2.4011904761904765,31,35.42857142857143,0.0,35.3,15.4,0.0,91,8,1,0,1,0.9395699859530622,0.342356891994542,0,2023
2023-03-13,wagholi,0,0.0,1.0,48.512499999999996,40.85535714285714,-1.247023809523809,32,35.714285714285715,0.2857142857142857,35.3,13.8,0.0,92,8,1,0,1,0.945320046913132,0.3261441535642696,0,2023
2023-03-14,wagholi,0,0.0,1.0,53.37916666666667,40.464285714285715,-0.3910714285714292,37,34.714285714285715,-1.0,35.0,14.2,0.0,93,8,1,0,0,0.9507903724625832,0.3098349038318025,0,2023
2023-03-15,wagholi,0,0.0,1.0,51.93333333333334,41.47738095238095,1.0130952380952383,37,33.142857142857146,-1.5714285714285714,33.5,18.7,0.1,94,8,1,0,0,0.9559793438440766,0.2934339689665273,0,2023
2023-03-16,wagholi,0,0.0,1.0,51.824999999999996,42.717261904761905,1.2398809523809535,56,32.57142857142857,-0.5714285714285714,33.2,14.8,3.2,0,8,1,0,0,0.9608854255574977,0.27694620226893646,0,2023
2023-03-17,wagholi,0,0.0,1.0,58.86666666666667,45.42857142857143,2.7113095238095233,57,36.142857142857146,3.5714285714285716,32.2,16.5,0.0,1,8,1,0,0,0.9655071658143364,0.2603764827344581,0,2023
2023-03-18,wagholi,0,0.0,1.0,52.9375,49.17440476190476,3.745833333333333,51,40.0,3.857142857142857,32.3,17.1,0.1,2,8,1,0,0,0.969843196967294,0.24372971360968387,0,2023
2023-03-19,wagholi,0,0.0,1.0,36.775,51.988095238095234,2.813690476190476,55,43.0,3.0,32.2,23.8,0.0,3,8,1,0,0,0.9738922359149924,0.22701082094141847,0,2023
2023-03-20,wagholi,0,0.0,1.0,20.179166666666667,50.60416666666667,-1.3839285714285714,54,46.42857142857143,3.4285714285714284,31.6,17.3,0.0,4,8,1,0,0,0.9776530844816641,0.2102247521189836,0,2023
2023-03-21,wagholi,0,0.0,1.0,22.583333333333332,46.55654761904763,-4.047619047619047,57,49.57142857142857,3.142857142857143,31.2,18.4,0.0,5,8,1,0,0,0.981124629771712,0.19337647441020586,0,2023
2023-03-22,wagholi,0,0.0,1.0,20.837500000000002,42.15714285714286,-4.399404761904763,57,52.42857142857143,2.857142857142857,31.9,20.9,0.0,6,8,1,0,0,0.984305844499033,0.17647097349152166,0,2023
2023-03-23,wagholi,0,0.0,1.0,20.7625,37.71488095238095,-4.442261904761905,57,55.285714285714285,2.857142857142857,33.0,19.7,0.0,7,8,1,0,0,0.9871957872910085,0.15951325197263655,0,2023
2023-03-24,wagholi,0,0.0,1.0,17.474999999999998,33.27738095238095,-4.437499999999999,52,55.42857142857143,0.14285714285714285,34.8,23.2,0.0,8,8,1,0,0,0.9897936029670716,0.14250832791617088,0,2023
2023-03-25,wagholi,0,0.0,1.0,18.658333333333335,27.36428571428571,-5.913095238095238,50,54.714285714285715,-0.7142857142857143,34.6,19.9,0.0,9,8,1,0,0,0.992098522791769,0.12546123335273648,0,2023
2023-03-26,wagholi,0,0.0,1.0,24.3875,22.467261904761905,-4.89702380952381,44,54.57142857142857,-0.14285714285714285,34.3,18.0,0.0,10,8,1,0,0,0.9941098647022418,0.10837701279187609,0,2023
2023-03-27,wagholi,0,0.0,1.0,28.775000000000002,20.697619047619046,-1.769642857142857,52,53.0,-1.5714285714285714,34.6,16.9,0.0,11,8,1,0,0,0.9958270335100595,0.09126072172931188,0,2023
2023-03-28,wagholi,0,0.0,1.0,34.17916666666667,21.925595238095237,1.2279761904761908,51,52.714285714285715,-0.2857142857142857,35.0,15.1,0.0,12,8,1,0,0,0.9972495210773451,0.07411742515094437,0,2023
2023-03-29,wagholi,0,0.0,1.0,39.56666666666667,23.582142857142856,1.6565476190476194,51,51.857142857142854,-0.8571428571428571,36.6,21.1,0.0,13,8,1,0,0,0.998376906467142,0.056952196034039754,0,2023
2023-03-30,wagholi,0,0.0,1.0,35.55416666666667,26.257738095238096,2.675595238095238,60,51.0,-0.8571428571428571,33.7,19.2,0.0,14,8,1,0,0,0.9992088560679753,0.03977011384605572,0,2023
2023-03-31,wagholi,0,0.0,1.0,25.354166666666668,28.370833333333334,2.113095238095238,59,51.42857142857143,0.42857142857142855,32.2,20.5,0.0,15,8,1,0,0,0.9997451236925734,0.022576263041545485,0,2023
2023-04-01,wagholi,0,0.0,1.0,22.791666666666668,29.49642857142857,1.1255952380952385,51,52.42857142857143,1.0,34.3,18.4,0.0,16,8,1,0,0,0.9999855506507186,0.005375731557583884,0,2023
2023-04-02,wagholi,0,0.0,1.0,24.058333333333334,30.086904761904766,0.5904761904761904,57,52.57142857142857,0.14285714285714285,34.8,18.9,0.0,17,8,1,0,0,0.9999300657962057,-0.011826390691832589,0,2023
2023-04-03,wagholi,0,0.0,1.0,26.733333333333334,30.03988095238096,-0.04702380952380939,58,54.42857142857143,1.8571428571428572,35.2,18.4,0.0,18,8,1,0,0,0.9995786855478958,-0.029025013321975237,0,2023
2023-04-04,wagholi,0,0.0,1.0,27.90416666666667,29.748214285714287,-0.29166666666666685,55,55.285714285714285,0.8571428571428571,36.5,20.5,0.0,19,8,1,0,0,0.9989315138848577,-0.046215046983708354,0,2023
2023-04-05,wagholi,0,0.0,1.0,31.329166666666666,28.851785714285715,-0.8964285714285712,47,55.857142857142854,0.5714285714285714,37.5,22.6,0.0,20,8,1,0,0,0.9979887423155984,-0.06339140486951038,0,2023
2023-04-06,wagholi,0,0.0,1.0,24.491666666666664,27.675000000000004,-1.176785714285715,36,55.285714285714285,-0.5714285714285714,37.2,16.9,0.0,21,8,1,0,0,0.9967506498213929,-0.08054900421874167,0,2023
2023-04-07,wagholi,0,0.0,1.0,30.729166666666668,26.094642857142855,-1.5803571428571435,43,51.857142857142854,-3.4285714285714284,36.3,19.5,0.1,22,8,1,0,0,0.9952176027737294,-0.09768276782171598,0,2023
2023-04-08,wagholi,0,0.0,1.0,41.041666666666664,26.862500000000004,0.7678571428571429,58,49.57142857142857,-2.2857142857142856,32.7,21.8,2.2,0,8,1,0,0,0.9933900548258936,-0.11478762552212701,0,2023
2023-04-09,wagholi,0,0.0,1.0,38.57083333333333,29.469642857142855,2.6071428571428568,55,50.57142857142857,1.0,36.0,15.0,7.5,0,8,1,0,0,0.9912685467787256,-0.13185851571739118,0,2023
2023-04-10,wagholi,0,0.0,1.0,26.745833333333334,31.54285714285714,2.0732142857142857,45,50.285714285714285,-0.2857142857142857,36.0,13.5,0.0,1,8,1,0,0,0.9888537064205885,-0.1488903868564548,0,2023
2023-04-11,wagholi,0,0.0,1.0,30.133333333333336,31.544642857142858,0.0017857142857141842,42,48.42857142857143,-1.8571428571428572,38.1,20.3,0.0,2,8,1,0,0,0.986146248341595,-0.16587819893463143,0,2023
2023-04-12,wagholi,0,0.0,1.0,28.558333333333334,31.86309523809524,0.3184523809523811,41,46.57142857142857,-1.8571428571428572,38.3,10.0,0.0,3,8,1,0,0,0.9831469737221499,-0.1828169249850199,0,2023
2023-04-13,wagholi,0,0.0,1.0,31.6875,31.4672619047619,-0.39583333333333315,33,45.714285714285715,-0.8571428571428571,38.5,13.3,0.0,4,8,1,0,0,0.9798567700958665,-0.1997015525660636,0,2023
2023-04-14,wagholi,0,0.0,1.0,44.9125,32.49523809523809,1.0279761904761908,37,45.285714285714285,-0.42857142857142855,36.6,18.9,0.0,5,8,1,0,0,0.9762766110869321,-0.21652708524481437,0,2023
2023-04-15,wagholi,0,0.0,1.0,49.09166666666667,34.521428571428565,2.026190476190476,42,44.42857142857143,-0.8571428571428571,36.5,17.2,0.0,6,8,1,0,0,0.9724075561219968,-0.23328854407545518,0,2023
2023-04-16,wagholi,0,0.0,1.0,43.895833333333336,35.67142857142857,1.1500000000000006,46,42.142857142857146,-2.2857142857142856,37.8,19.5,0.0,7,8,1,0,0,0.9682507501166718,-0.2499809690726521,0,2023
2023-04-17,wagholi,0,1.0,1.0,33.9375,36.43214285714286,0.7607142857142861,40,40.857142857142854,-1.2857142857142858,36.7,13.9,0.0,8,8,1,0,0,0.9638074231367307,-0.26659942067929354,1,2023
2023-04-18,wagholi,1,1.0,1.0,30.454166666666666,37.459523809523816,1.0273809523809523,36,40.142857142857146,-0.7142857142857143,38.4,14.4,0.1,9,8,1,0,0,0.9590788900341131,-0.28313898122818354,1,2023
2023-04-19,wagholi,0,0.0,1.0,28.78333333333333,37.50535714285714,0.04583333333333276,30,39.285714285714285,-0.8571428571428571,38.9,21.7,0.0,10,8,1,0,0,0.9540665500578387,-0.2995947563972602,0,2023
2023-04-20,wagholi,0,0.0,1.0,37.1875,37.5375,0.03214285714285684,33,37.714285714285715,-1.5714285714285714,37.2,20.5,0.0,11,8,1,0,0,0.9487718864399473,-0.31596187665790293,0,2023
2023-04-21,wagholi,0,0.0,1.0,23.979166666666668,38.323214285714286,0.7857142857142857,35,37.714285714285715,0.0,37.1,20.2,0.0,12,8,1,0,0,0.9431964659565866,-0.33223549871590435,0,2023
2023-04-22,wagholi,0,0.0,1.0,22.5125,35.33273809523809,-2.9904761904761905,42,37.42857142857143,-0.2857142857142857,36.0,22.1,0.0,13,8,1,0,0,0.9373419384643772,-0.3484108069446808,0,2023
2023-04-23,wagholi,0,0.0,1.0,24.15833333333333,31.535714285714285,-3.79702380952381,50,37.42857142857143,0.0,37.5,24.4,0.0,14,8,1,0,0,0.9312100364121947,-0.3644830148102912,0,2023
2023-04-24,wagholi,0,0.0,1.0,22.099999999999998,28.71607142857143,-2.8196428571428576,44,38.0,0.5714285714285714,37.6,28.0,0.0,15,8,1,0,0,0.9248025743285089,-0.38044736628785164,0,2023
2023-04-25,wagholi,0,0.0,1.0,23.21666666666667,27.025000000000002,-1.6910714285714288,46,38.57142857142857,0.5714285714285714,38.4,24.8,0.0,16,8,1,0,0,0.9181214482844364,-0.39629913726891813,0,2023
2023-04-26,wagholi,0,0.0,1.0,22.220833333333335,25.991071428571427,-1.033928571428571,56,40.0,1.4285714285714286,35.7,21.1,0.0,17,8,1,0,0,0.9111686353326631,-0.41203363695942635,0,2023
2023-04-27,wagholi,0,0.0,1.0,27.34166666666667,25.053571428571427,-0.9374999999999994,57,43.714285714285715,3.7142857142857144,35.8,17.3,0.6,18,8,1,0,0,0.9039461929224011,-0.42764620926777464,0,2023
2023-04-28,wagholi,0,0.0,1.0,35.19583333333333,23.64702380952381,-1.4065476190476187,56,47.142857142857146,3.4285714285714284,34.7,18.0,0.1,19,8,1,0,0,0.8964562582905575,-0.44313223418263453,0,2023
2023-04-29,wagholi,0,0.0,1.0,32.65416666666667,25.249404761904763,1.6023809523809522,53,50.142857142857146,3.0,35.2,20.4,0.1,20,8,1,0,0,0.8887010478292915,-0.45848712914008766,0,2023
2023-04-30,wagholi,0,0.0,1.0,28.712500000000002,26.69821428571429,1.4488095238095242,52,51.714285714285715,1.5714285714285714,35.9,28.4,0.0,21,8,1,0,0,0.8806828564301475,-0.47370635037968,0,2023
2023-05-01,wagholi,0,0.0,1.0,23.65833333333333,27.34880952380953,0.6505952380952387,53,52.0,0.2857142857142857,34.7,22.0,0.0,22,8,1,0,0,0.8724040568049612,-0.48878539428899265,0,2023
2023-05-02,wagholi,0,0.0,1.0,22.979166666666668,27.571428571428573,0.22261904761904766,54,53.285714285714285,1.2857142857142858,33.1,16.9,0.0,23,8,1,0,0,0.8638670987837349,-0.503719798736334,0,2023
2023-05-03,wagholi,0,0.0,1.0,26.041666666666668,27.537499999999998,-0.03392857142857153,57,54.42857142857143,1.1428571428571428,33.8,19.5,0.0,24,8,1,0,0,0.8550745085896932,-0.518505144391157,0,2023
2023-05-04,wagholi,0,0.0,1.0,30.404166666666665,28.083333333333336,0.5458333333333333,56,54.57142857142857,0.14285714285714285,34.9,17.7,0.0,25,8,1,0,0,0.8460288880917339,-0.533137056031809,0,2023
2023-05-05,wagholi,0,0.0,1.0,39.270833333333336,28.520833333333332,0.4374999999999995,55,54.42857142857143,-0.14285714285714285,35.4,24.1,0.0,26,8,1,0,0,0.8367329140344921,-0.5476112038402312,0,2023
2023-05-06,wagholi,0,0.0,1.0,39.36666666666667,29.10297619047619,0.5821428571428575,58,54.285714285714285,-0.14285714285714285,36.0,15.2,0.3,27,8,1,0,0,0.8271893372462497,-0.5619233046832195,0,2023
2023-05-07,wagholi,0,0.0,1.0,39.199999999999996,30.061904761904763,0.9589285714285712,62,55.0,0.7142857142857143,35.4,16.6,7.0,0,8,1,0,0,0.8174009818249189,-0.5760691233798758,0,2023
2023-05-08,wagholi,0,0.0,1.0,43.8125,31.560119047619047,1.4982142857142848,64,56.42857142857143,1.4285714285714286,36.9,22.3,0.3,1,8,1,0,0,0.8073707443023492,-0.5900444739548627,0,2023
2023-05-09,wagholi,0,0.0,1.0,45.40416666666667,34.43928571428571,2.879166666666667,60,58.0,1.5714285714285714,37.6,13.0,0.0,2,8,1,0,0,0.7971015927871943,-0.6038452208771035,0,2023
2023-05-10,wagholi,0,0.0,1.0,35.9125,37.642857142857146,3.2035714285714287,49,58.857142857142854,0.8571428571428571,40.4,15.5,0.0,3,8,1,0,0,0.7865965660866021,-0.6174672802835514,0,2023
2023-05-11,wagholi,0,0.0,1.0,35.512499999999996,39.052976190476194,1.4101190476190477,42,57.714285714285715,-1.1428571428571428,41.2,20.5,0.0,4,8,1,0,0,0.7758587728069828,-0.6309066211876704,0,2023
2023-05-12,wagholi,0,0.0,1.0,34.24583333333333,39.782738095238095,0.7297619047619044,44,55.714285714285715,-2.0,41.6,23.8,0.0,5,8,1,0,0,0.7648913904341225,-0.6441592666722685,0,2023
2023-05-13,wagholi,0,0.0,1.0,24.287499999999998,39.06488095238095,-0.7178571428571436,48,54.142857142857146,-1.5714285714285714,38.7,24.4,0.0,6,8,1,0,0,0.753697664392914,-0.6572212950663319,0,2023
2023-05-14,wagholi,0,0.0,1.0,18.525000000000002,36.910714285714285,-2.1541666666666672,47,52.714285714285715,-1.4285714285714286,37.8,24.1,0.0,7,8,1,0,0,0.742280907086982,-0.6700888411055113,0,2023
2023-05-15,wagholi,0,0.0,1.0,23.479166666666668,33.957142857142856,-2.953571428571428,57,50.57142857142857,-2.142857142857143,37.3,20.7,0.0,8,8,1,0,0,0.7306444969184916,-0.6827580970759147,0,2023
2023-05-16,wagholi,0,0.0,1.0,23.754166666666666,31.052380952380954,-2.9047619047619047,59,49.57142857142857,-1.0,37.1,21.3,0.0,9,8,1,0,0,0.7187918772884232,-0.6952253139408722,0,2023
2023-05-17,wagholi,0,0.0,1.0,20.654166666666665,27.95952380952381,-3.092857142857143,55,49.42857142857143,-0.14285714285714285,38.8,21.8,0.0,10,8,1,0,0,0.7067265555776158,-0.7074868024503348,0,2023
2023-05-18,wagholi,0,1.0,1.0,19.658333333333335,25.779761904761905,-2.179761904761905,52,50.285714285714285,0.8571428571428571,40.2,22.9,0.0,11,8,1,0,0,0.6944521021088763,-0.719538934232584,1,2023
2023-05-19,wagholi,1,1.0,1.0,17.7,23.514880952380953,-2.2648809523809517,50,51.714285714285715,1.4285714285714286,41.1,23.4,0.0,12,8,1,0,0,0.6819721490904629,-0.7313781428679254,1,2023
2023-05-20,wagholi,0,0.0,1.0,21.941666666666666,21.151190476190475,-2.363690476190476,52,52.57142857142857,0.8571428571428571,38.7,20.5,0.0,13,8,1,0,0,0.6692903895412567,-0.7430009249440493,0,2023
2023-05-21,wagholi,0,0.0,1.0,29.604166666666668,20.81607142857143,-0.33511904761904737,57,53.142857142857146,0.5714285714285714,38.4,21.5,0.0,14,8,1,0,0,0.6564105761979381,-0.7544038410927472,0,2023
2023-05-22,wagholi,0,0.0,1.0,22.1375,22.398809523809522,1.5827380952380952,53,54.57142857142857,1.4285714285714286,39.6,23.0,0.0,15,8,1,0,0,0.6433365204044917,-0.765583517007675,0,2023
2023-05-23,wagholi,0,0.0,1.0,21.0,22.20714285714286,-0.19166666666666693,46,54.0,-0.5714285714285714,40.4,25.9,0.0,16,8,1,0,0,0.6300720909843687,-0.7765366444428655,0,2023
2023-05-24,wagholi,0,0.0,1.0,20.779166666666665,21.813690476190477,-0.39345238095238094,54,52.142857142857146,-1.8571428571428572,39.0,21.0,0.0,17,8,1,0,0,0.6166212130956382,-0.7872599821916922,0,2023
2023-05-25,wagholi,0,0.0,1.0,14.870833333333332,21.831547619047623,0.017857142857142856,58,52.0,-0.14285714285714285,36.4,24.1,0.0,18,8,1,0,0,0.6029878670694714,-0.7977503570459932,0,2023
2023-05-26,wagholi,0,0.0,1.0,14.083333333333334,21.14761904761905,-0.6839285714285719,63,52.857142857142854,0.8571428571428571,35.5,23.6,0.1,19,8,1,0,0,0.5891760872322963,-0.8080046647350754,0,2023
2023-05-27,wagholi,0,0.0,1.0,19.579166666666666,20.63095238095238,-0.5166666666666665,58,54.714285714285715,1.8571428571428572,36.2,20.3,0.0,20,8,1,0,0,0.5751899607119775,-0.8180198708443174,0,2023
2023-05-28,wagholi,0,0.0,1.0,19.104166666666668,20.29345238095238,-0.3375000000000001,55,55.57142857142857,0.8571428571428571,38.2,21.3,0.0,21,8,1,0,0,0.5610336262283677,-0.8277930117131022,0,2023
2023-05-29,wagholi,0,0.0,1.0,18.879166666666666,18.79345238095238,-1.5,58,55.285714285714285,-0.2857142857142857,40.0,20.3,0.0,22,8,1,0,0,0.5467112728685939,-0.8373211953118121,0,2023
2023-05-30,wagholi,0,0.0,1.0,19.808333333333334,18.327976190476193,-0.46547619047619043,55,56.0,0.7142857142857143,40.0,24.1,0.0,23,8,1,0,0,0.5322271388474397,-0.8466016020976267,0,2023
2023-05-31,wagholi,0,0.0,1.0,28.77916666666667,18.157738095238095,-0.17023809523809522,52,57.285714285714285,1.2857142857142858,40.5,23.5,0.0,24,8,1,0,0,0.5175855102531889,-0.8556314858488706,0,2023
2023-06-01,wagholi,0,0.0,1.0,24.454166666666666,19.30059523809524,1.1428571428571435,47,57.0,-0.2857142857142857,40.9,22.0,0.0,25,8,1,0,0,0.5027907197793043,-0.8644081744776648,0,2023
2023-06-02,wagholi,0,0.0,1.0,23.1875,20.669642857142858,1.369047619047619,56,55.42857142857143,-1.5714285714285714,37.1,20.6,0.0,26,8,1,0,0,0.4878471454423119,-0.8729290708206411,0,2023
2023-06-03,wagholi,0,0.0,1.0,19.829166666666666,21.970238095238095,1.300595238095238,60,54.42857142857143,-1.0,37.6,19.5,0.1,27,8,1,0,0,0.47275920928627757,-0.881191653407483,0,2023
2023-06-04,wagholi,0,0.0,1.0,19.708333333333332,22.005952380952383,0.03571428571428571,65,54.714285714285715,0.2857142857142857,36.1,23.7,4.6,0,8,1,0,0,0.4575313760742512,-0.8891934772070711,0,2023
2023-06-05,wagholi,0,0.0,1.0,30.266666666666666,22.0922619047619,0.08630952380952348,63,56.142857142857146,1.4285714285714286,36.2,19.9,0.3,1,8,1,0,0,0.44216815196707204,-0.8969321743510065,0,2023
2023-06-06,wagholi,0,0.0,1.0,23.2625,23.71904761904762,1.6267857142857143,59,56.857142857142854,0.7142857142857143,37.2,20.1,0.0,2,8,1,0,0,0.42667408318992467,-0.9044054548343001,0,2023
2023-06-07,wagholi,0,0.0,1.0,20.058333333333334,24.212500000000002,0.4934523809523808,55,57.42857142857143,0.5714285714285714,37.7,22.0,0.0,3,8,1,0,0,0.4110537546870351,-0.9116111071930239,0,2023
2023-06-08,wagholi,0,0.0,1.0,11.125,22.966666666666665,-1.2458333333333336,60,57.857142857142854,0.42857142857142855,37.6,22.2,0.4,4,8,1,0,0,0.3953117887649151,-0.9185469991587165,0,2023
2023-06-09,wagholi,0,0.0,1.0,7.5125,21.0625,-1.9041666666666666,59,59.714285714285715,1.8571428571428572,38.2,22.5,0.1,5,8,1,0,0,0.37945284372454435,-0.925211078289358,0,2023
2023-06-10,wagholi,0,0.0,1.0,6.991666666666667,18.823214285714283,-2.2392857142857143,59,60.142857142857146,0.42857142857142855,36.9,22.5,9.8,0,8,1,0,0,0.36348161248290634,-0.9316013725767187,0,2023
2023-06-11,wagholi,0,0.0,1.0,9.487499999999999,16.989285714285714,-1.8339285714285711,59,60.0,-0.14285714285714285,36.0,23.7,1.4,0,8,1,0,0,0.3474028211842774,-0.9377159910299093,0,2023
2023-06-12,wagholi,0,0.0,1.0,10.341666666666667,15.529166666666667,-1.4601190476190475,55,59.142857142857146,-0.8571428571428571,35.9,24.6,0.2,1,8,1,0,0,0.3312212278016865,-0.9435531242349544,0,2023
2023-06-13,wagholi,0,0.0,1.0,9.279166666666667,12.682738095238095,-2.846428571428571,61,58.0,-1.1428571428571428,34.1,27.1,2.7,0,8,1,0,0,0.31494162072895193,-0.9491110448902284,0,2023
2023-06-14,wagholi,0,0.0,1.0,7.995833333333334,10.685119047619049,-1.9976190476190474,66,58.285714285714285,0.2857142857142857,34.7,30.4,1.3,0,8,1,0,0,0.2985688173637202,-0.9543881083175908,0,2023
2023-06-15,wagholi,0,0.0,1.0,9.108333333333333,8.961904761904762,-1.7232142857142858,64,59.857142857142854,1.5714285714285714,34.9,25.4,0.5,1,8,1,0,0,0.2821076626819194,-0.9593827529490743,0,2023
2023-06-16,wagholi,0,0.0,1.0,9.991666666666667,8.673809523809522,-0.28809523809523824,66,60.42857142857143,0.5714285714285714,33.3,30.6,0.3,2,8,1,0,0,0.26556302780405594,-0.9640935007889755,0,2023
2023-06-17,wagholi,0,0.0,1.0,9.754166666666666,9.02797619047619,0.3541666666666667,66,61.42857142857143,1.0,34.1,26.1,0.6,3,8,1,0,0,0.24893980855376657,-0.9685189578512204,0,2023
2023-06-18,wagholi,0,0.0,1.0,12.820833333333333,9.422619047619047,0.394642857142857,68,62.42857142857143,1.0,34.5,27.0,1.1,0,8,1,0,0,0.23224292400907015,-0.9726578145718654,0,2023
2023-06-19,wagholi,0,0.0,1.0,16.150000000000002,9.898809523809524,0.4761904761904763,63,63.714285714285715,1.2857142857142858,34.8,23.9,0.0,1,8,1,0,0,0.21547731504673012,-0.976508846196619,0,2023
2023-06-20,wagholi,0,0.0,1.0,15.2125,10.728571428571428,0.829761904761905,64,64.85714285714286,1.1428571428571428,35.3,23.9,0.1,2,8,1,0,0,0.19864794288017112,-0.9800709131432666,0,2023
2023-06-21,wagholi,0,0.0,1.0,14.479166666666666,11.576190476190476,0.8476190476190476,64,65.28571428571429,0.42857142857142855,35.0,24.1,1.5,0,8,1,0,0,0.18175978759137534,-0.9833429613388902,0,2023
2023-06-22,wagholi,0,0.0,1.0,13.195833333333333,12.502380952380951,0.9261904761904761,62,65.0,-0.2857142857142857,35.4,23.9,0.0,1,8,1,0,0,0.16481784665719793,-0.9863240225317866,0,2023
2023-06-23,wagholi,0,0.0,1.0,7.979166666666667,13.086309523809522,0.5839285714285715,67,64.71428571428571,-0.2857142857142857,34.3,22.7,0.9,2,8,1,0,0,0.14782713347053048,-0.9890132145779883,0,2023
2023-06-24,wagholi,0,0.0,1.0,5.466666666666666,12.798809523809524,-0.28750000000000003,73,64.85714285714286,0.14285714285714285,32.6,22.4,4.9,0,8,1,0,0,0.13079267585675922,-0.9914097417023038,0,2023
2023-06-25,wagholi,0,0.0,1.0,5.8125,12.186309523809525,-0.6125,75,65.85714285714286,1.0,30.2,24.0,1.9,0,8,1,0,0,0.11371951458594969,-0.9935128947338007,0,2023
2023-06-26,wagholi,0,0.0,1.0,5.929166666666667,11.185119047619049,-1.0011904761904762,80,66.85714285714286,1.0,27.6,24.4,5.2,0,8,1,0,0,0.0966127018812031,-0.9953220513156602,0,2023
2023-06-27,wagholi,0,0.0,1.0,4.504166666666666,9.725,-1.4601190476190478,77,69.28571428571429,2.4285714285714284,29.9,22.3,1.9,0,8,1,0,0,0.07947729992362097,-0.9968366760893436,0,2023
2023-06-28,wagholi,0,0.0,1.0,3.0416666666666665,8.195238095238095,-1.5297619047619049,81,71.14285714285714,1.8571428571428572,29.9,28.1,7.2,0,8,1,0,0,0.062318379354325076,-0.998056320853012,0,2023
2023-06-29,wagholi,0,0.0,1.0,2.316666666666667,6.561309523809524,-1.6339285714285714,87,73.57142857142857,2.4285714285714284,26.9,24.6,13.3,0,8,1,0,0,0.04514101777397193,-0.9989806246941579,0,2023
2023-06-30,wagholi,0,0.0,1.0,2.4541666666666666,5.007142857142858,-1.5541666666666667,85,77.14285714285714,3.5714285714285716,27.8,30.6,16.4,0,8,1,0,0,0.02795029824021032,-0.999609314096404,0,2023
2023-07-01,wagholi,0,0.0,1.0,3.5583333333333336,4.2178571428571425,-0.7892857142857144,81,79.71428571428571,2.5714285714285716,28.3,28.8,4.3,0,8,1,0,0,0.01075130776352193,-0.9999422030204416,0,2023
2023-07-02,wagholi,0,0.0,1.0,3.7458333333333336,3.9452380952380954,-0.2726190476190475,81,80.85714285714286,1.1428571428571428,29.3,25.1,8.9,0,8,1,0,0,-0.00645086419810515,-0.9999791929590823,0,2023
2023-07-03,wagholi,0,0.0,1.0,4.808333333333334,3.65,-0.2952380952380952,80,81.71428571428571,0.8571428571428571,30.8,19.6,3.6,0,8,1,0,0,-0.023651127245231586,-0.9997202729664083,0,2023
2023-07-04,wagholi,0,0.0,1.0,4.595833333333333,3.4898809523809526,-0.16011904761904766,81,81.71428571428571,0.0,30.3,18.8,5.7,0,8,1,0,0,-0.04084439154329611,-0.9991655196610109,0,2023
2023-07-05,wagholi,0,0.0,1.0,7.0249999999999995,3.5029761904761907,0.013095238095238113,82,82.28571428571429,0.5714285714285714,30.0,17.7,15.0,0,8,1,0,0,-0.05802556932878035,-0.9983150972033183,0,2023
2023-07-06,wagholi,0,0.0,1.0,3.1916666666666664,4.0720238095238095,0.569047619047619,84,82.42857142857143,0.14285714285714285,27.8,28.0,12.0,0,8,1,0,0,-0.07518957641475855,-0.9971692572470178,0,2023
2023-07-07,wagholi,0,0.0,1.0,1.9083333333333332,4.1970238095238095,0.12499999999999993,83,82.0,-0.42857142857142855,27.9,28.3,14.8,0,8,1,0,0,-0.09233133369539122,-0.9957283388645872,0,2023
2023-07-08,wagholi,0,0.0,1.0,4.758333333333334,4.119047619047619,-0.07797619047619049,79,81.71428571428571,-0.2857142857142857,29.0,30.8,19.6,0,8,1,0,0,-0.10944576864891556,-0.993992768446958,0,2023
2023-07-09,wagholi,0,0.0,1.0,5.904166666666666,4.29047619047619,0.17142857142857146,78,81.42857142857143,-0.2857142857142857,29.8,28.9,2.4,0,8,1,0,0,-0.12652781683868314,-0.9919630595773397,0,2023
2023-07-10,wagholi,0,0.0,1.0,7.579166666666667,4.598809523809523,0.3083333333333332,79,81.0,-0.42857142857142855,28.9,25.8,1.1,0,8,1,0,0,-0.1435724234118113,-0.9896398128792412,0,2023
2023-07-11,wagholi,0,0.0,1.0,8.5625,4.994642857142857,0.3958333333333333,77,80.85714285714286,-0.14285714285714285,29.7,24.5,0.5,1,8,1,0,0,-0.16057454459499376,-0.9870237158387383,0,2023
2023-07-12,wagholi,0,0.0,1.0,8.458333333333334,5.561309523809524,0.5666666666666667,84,80.28571428571429,-0.5714285714285714,27.3,18.7,13.0,0,8,1,0,0,-0.17752914918703497,-0.984115542601034,0,2023
2023-07-13,wagholi,0,0.0,1.0,6.091666666666666,5.766071428571428,0.20476190476190492,79,80.57142857142857,0.2857142857142857,29.4,22.8,4.2,0,8,1,0,0,-0.19443122004766195,-0.9809161537413774,0,2023
2023-07-14,wagholi,0,0.0,1.0,3.5250000000000004,6.180357142857143,0.4142857142857142,82,79.85714285714286,-0.7142857142857143,28.6,24.5,13.5,0,8,1,0,0,-0.2112757555821793,-0.9774264960104055,0,2023
2023-07-15,wagholi,0,0.0,1.0,6.329166666666667,6.411309523809523,0.23095238095238102,79,79.71428571428571,-0.14285714285714285,28.7,27.1,2.2,0,8,1,0,0,-0.2280577712215198,-0.9736476020539838,0,2023
2023-07-16,wagholi,0,0.0,1.0,4.033333333333333,6.635714285714285,0.22440476190476183,81,79.71428571428571,0.0,29.5,22.8,5.3,0,8,1,0,0,-0.24477230089725957,-0.9695805901076308,0,2023
2023-07-17,wagholi,0,0.0,1.0,2.4375,6.368452380952381,-0.26726190476190465,82,80.14285714285714,0.42857142857142855,28.0,27.6,3.8,0,8,1,0,0,-0.2614143985111562,-0.965226663665613,0,2023
2023-07-18,wagholi,0,0.0,1.0,2.341666666666667,5.633928571428571,-0.7345238095238095,86,80.57142857142857,0.42857142857142855,26.8,31.4,12.5,0,8,1,0,0,-0.2779791393987801,-0.9605871111248129,0,2023
2023-07-19,wagholi,0,0.0,1.0,4.7749999999999995,4.745238095238095,-0.8886904761904761,89,81.85714285714286,1.2857142857142858,26.1,28.1,25.7,0,8,1,0,0,-0.2944616217868012,-0.9556633054034704,0,2023
2023-07-20,wagholi,0,0.0,1.0,3.983333333333333,4.219047619047619,-0.5261904761904763,82,82.57142857142857,0.7142857142857143,28.3,34.0,2.8,0,8,1,0,0,-0.3108569682435036,-0.9504567035349151,0,2023
2023-07-21,wagholi,0,0.0,1.0,4.075,3.9178571428571423,-0.3011904761904761,84,83.0,0.42857142857142855,27.9,26.0,7.0,0,8,1,0,0,-0.3271603271220951,-0.9449688462364056,0,2023
2023-07-22,wagholi,0,0.0,1.0,4.495833333333333,3.9964285714285714,0.07857142857142854,86,83.28571428571429,0.2857142857142857,28.1,28.8,9.5,0,8,1,0,0,-0.34336687399638804,-0.939201357453208,0,2023
2023-07-23,wagholi,0,0.0,1.0,1.6708333333333334,3.7345238095238096,-0.261904761904762,86,84.28571428571429,1.0,27.4,28.1,6.3,0,8,1,0,0,-0.3594718130884232,-0.9331559438780432,0,2023
2023-07-24,wagholi,0,0.0,1.0,2.7375000000000003,3.3970238095238092,-0.33749999999999997,84,85.0,0.7142857142857143,28.0,28.5,6.8,0,8,1,0,0,-0.3754703786876202,-0.9268343944460494,0,2023
2023-07-25,wagholi,0,0.0,1.0,2.2916666666666665,3.4398809523809524,0.04285714285714289,85,85.28571428571429,0.2857142857142857,27.4,24.9,5.4,0,8,1,0,0,-0.3913578365610259,-0.9202385798054075,0,2023
2023-07-26,wagholi,0,0.0,1.0,3.4625,3.4327380952380944,-0.007142857142857181,86,85.14285714285714,-0.14285714285714285,26.6,27.4,13.2,0,8,1,0,0,-0.4071294853542516,-0.9133704517637858,0,2023
2023-07-27,wagholi,0,0.0,1.0,3.0541666666666667,3.245238095238095,-0.18749999999999994,89,84.71428571428571,-0.42857142857142855,26.0,26.3,15.1,0,8,1,0,0,-0.4227806579826773,-0.9062320427107697,0,2023
2023-07-28,wagholi,0,0.0,1.0,2.433333333333333,3.1125000000000003,-0.13273809523809518,86,85.71428571428571,1.0,27.6,27.8,7.5,0,8,1,0,0,-0.4383067230125192,-0.898825465016444,0,2023
2023-07-29,wagholi,0,0.0,1.0,6.304166666666667,2.8779761904761902,-0.23452380952380958,84,86.0,0.2857142857142857,26.3,26.7,0.8,1,8,1,0,0,-0.45370308603134424,-0.8911529104063088,0,2023
2023-07-30,wagholi,0,0.0,1.0,4.5874999999999995,3.1363095238095235,0.25833333333333347,81,85.71428571428571,-0.2857142857142857,28.2,29.6,2.2,0,8,1,0,0,-0.46896519100763184,-0.8832166493127127,0,2023
2023-07-31,wagholi,0,0.0,1.0,3.6125000000000003,3.5529761904761905,0.4166666666666666,81,85.0,-0.7142857142857143,27.8,30.2,3.7,0,8,1,0,0,-0.48408852163897587,-0.8750190302029955,0,2023
2023-08-01,wagholi,0,0.0,1.0,4.416666666666667,3.6779761904761905,0.125,80,84.57142857142857,-0.42857142857142855,28.1,32.5,3.5,0,8,1,0,0,-0.4990686026885319,-0.8665624788845385,0,2023
2023-08-02,wagholi,0,0.0,1.0,5.141666666666667,3.9815476190476184,0.30357142857142866,80,83.85714285714286,-0.7142857142857143,28.1,32.6,1.1,0,8,1,0,0,-0.5139010013093103,-0.8578494977869301,0,2023
2023-08-03,wagholi,0,0.0,1.0,4.983333333333333,4.2214285714285715,0.2398809523809524,81,83.0,-0.8571428571428571,27.6,32.1,2.3,0,8,1,0,0,-0.5285813283559292,-0.8488826652214553,0,2023
2023-08-04,wagholi,0,0.0,1.0,4.9125000000000005,4.497023809523809,0.2755952380952381,81,81.85714285714286,-1.1428571428571428,28.3,30.4,1.4,0,8,1,0,0,-0.5431052396834317,-0.8396646346181327,0,2023
2023-08-05,wagholi,0,0.0,1.0,6.470833333333334,4.851190476190476,0.3541666666666668,81,81.14285714285714,-0.7142857142857143,28.4,28.8,2.5,0,8,1,0,0,-0.5574684374327892,-0.8301981337405212,0,2023
2023-08-06,wagholi,0,0.0,1.0,7.675,4.875,0.023809523809523853,79,80.71428571428571,-0.42857142857142855,28.6,31.7,1.2,0,8,1,0,0,-0.5716666713027052,-0.8204859638785327,0,2023
2023-08-07,wagholi,0,0.0,1.0,10.208333333333334,5.316071428571428,0.4410714285714286,77,80.42857142857143,-0.2857142857142857,29.1,30.3,0.5,1,8,1,0,0,-0.5856957398073508,-0.8105309990194823,0,2023
2023-08-08,wagholi,0,0.0,1.0,8.1625,6.258333333333334,0.9422619047619047,78,79.85714285714286,-0.5714285714285714,29.4,26.4,0.4,2,8,1,0,0,-0.5995514915196489,-0.8003361849976323,0,2023
2023-08-09,wagholi,0,0.0,1.0,9.354166666666666,6.793452380952381,0.5351190476190475,78,79.57142857142857,-0.2857142857142857,29.5,25.2,1.2,0,8,1,0,0,-0.6132298262997502,-0.7899045386224707,0,2023
2023-08-10,wagholi,0,0.0,1.0,9.595833333333333,7.395238095238095,0.6017857142857143,78,79.28571428571429,-0.2857142857142857,29.4,23.1,1.4,0,8,1,0,0,-0.6267266965083301,-0.7792391467859886,0,2023
2023-08-11,wagholi,0,0.0,1.0,10.641666666666667,8.054166666666665,0.6589285714285714,76,78.85714285714286,-0.42857142857142855,29.9,20.6,1.0,0,8,1,0,0,-0.6400381082043503,-0.7683431655492202,0,2023
2023-08-12,wagholi,0,0.0,1.0,10.229166666666666,8.872619047619049,0.818452380952381,78,78.14285714285714,-0.7142857142857143,29.8,25.9,1.0,0,8,1,0,0,-0.65316012232693,-0.7572198192083127,0,2023
2023-08-13,wagholi,0,0.0,1.0,7.695833333333333,9.409523809523808,0.5369047619047617,77,77.71428571428571,-0.42857142857142855,28.8,27.4,1.6,0,8,1,0,0,-0.666088855860977,-0.7458723993404063,0,2023
2023-08-14,wagholi,0,0.0,1.0,10.416666666666666,9.4125,0.002976190476190434,75,77.42857142857143,-0.2857142857142857,29.8,24.4,0.6,1,8,1,0,0,-0.6788204829862355,-0.734304263829602,0,2023
2023-08-15,wagholi,0,0.0,1.0,9.65,9.442261904761905,0.029761904761904594,76,77.14285714285714,-0.2857142857142857,29.7,23.4,0.8,2,8,1,0,0,-0.6913512362094071,-0.722518835873311,0,2023
2023-08-16,wagholi,0,0.0,1.0,11.954166666666666,9.654761904761903,0.2125000000000001,76,76.85714285714286,-0.2857142857142857,30.2,24.4,1.0,0,8,1,0,0,-0.7036774074790128,-0.7105196029692745,0,2023
2023-08-17,wagholi,0,0.0,1.0,12.183333333333332,10.026190476190477,0.3714285714285714,75,76.57142857142857,-0.2857142857142857,29.3,24.2,0.1,1,8,1,0,0,-0.7157953492826642,-0.6983101158835584,0,2023
2023-08-18,wagholi,0,0.0,1.0,10.879166666666668,10.395833333333332,0.36964285714285694,75,76.14285714285714,-0.42857142857142855,30.0,25.6,0.2,2,8,1,0,0,-0.7277014757264236,-0.6858939875998223,0,2023
2023-08-19,wagholi,0,0.0,1.0,10.083333333333334,10.429761904761905,0.03392857142857153,77,76.0,-0.14285714285714285,29.8,24.5,0.9,3,8,1,0,0,-0.7393922635959241,-0.673274892250183,0,2023
2023-08-20,wagholi,0,0.0,1.0,9.370833333333334,10.408928571428572,-0.020833333333333166,78,75.85714285714286,-0.14285714285714285,29.1,25.3,1.0,0,8,1,0,0,-0.7508642533989489,-0.6604565640279754,0,2023
2023-08-21,wagholi,0,0.0,1.0,10.770833333333334,10.648214285714287,0.23928571428571438,76,76.0,0.14285714285714285,29.9,24.8,1.0,0,8,1,0,0,-0.7621140503891487,-0.6474427960827475,0,2023
2023-08-22,wagholi,0,0.0,1.0,9.754166666666666,10.698809523809524,0.05059523809523826,80,76.14285714285714,0.14285714285714285,30.2,22.7,4.1,0,8,1,0,0,-0.7731383255706026,-0.6342374393978054,0,2023
2023-08-23,wagholi,0,0.0,1.0,7.375,10.713690476190475,0.014880952380952297,76,76.71428571428571,0.5714285714285714,30.0,24.5,0.6,1,8,1,0,0,-0.7839338166829201,-0.620844401650647,0,2023
2023-08-24,wagholi,0,0.0,1.0,5.766666666666667,10.05952380952381,-0.6541666666666666,75,76.71428571428571,0.0,30.1,25.7,0.8,2,8,1,0,0,-0.7944973291665992,-0.6072676460566135,0,2023
2023-08-25,wagholi,0,0.0,1.0,3.8833333333333333,9.142857142857142,-0.9166666666666664,78,76.71428571428571,0.0,29.9,24.4,3.4,0,8,1,0,0,-0.8048257371083452,-0.593511190196115,0,2023
2023-08-26,wagholi,0,0.0,1.0,3.9875000000000003,8.14345238095238,-0.9994047619047622,77,77.14285714285714,0.42857142857142855,30.1,26.1,1.2,0,8,1,0,0,-0.8149159841660791,-0.5795791048257612,0,2023
2023-08-27,wagholi,0,0.0,1.0,5.175,7.272619047619047,-0.8708333333333333,77,77.14285714285714,0.0,30.0,26.6,2.3,0,8,1,0,0,-0.8247650844733614,-0.5654755126737576,0,2023
2023-08-28,wagholi,0,0.0,1.0,6.6375,6.673214285714286,-0.599404761904762,77,77.0,-0.14285714285714285,30.7,24.9,1.2,0,8,1,0,0,-0.8343701235229538,-0.5512045872199277,0,2023
2023-08-29,wagholi,0,0.0,1.0,11.204166666666666,6.082738095238095,-0.5904761904761905,74,77.14285714285714,0.14285714285714285,30.3,18.7,1.1,0,8,1,0,0,-0.8437282590292712,-0.5367705514607103,0,2023
2023-08-30,wagholi,0,0.0,1.0,22.041666666666668,6.289880952380953,0.20714285714285705,74,76.28571428571429,-0.8571428571428571,32.0,16.9,0.0,1,8,1,0,0,-0.8528367217694595,-0.522177676659508,0,2023
2023-08-31,wagholi,0,0.0,1.0,29.837500000000002,8.385119047619048,2.0952380952380953,74,76.0,-0.2857142857142857,32.1,21.3,0.3,2,8,1,0,0,-0.8616928164028522,-0.5074302810827518,0,2023
2023-09-01,wagholi,0,0.0,1.0,27.770833333333332,11.823809523809524,3.4386904761904766,74,75.85714285714286,-0.14285714285714285,33.0,16.3,1.4,0,8,1,0,0,-0.8702939222685674,-0.49253272872205434,0,2023
2023-09-02,wagholi,0,0.0,1.0,20.791666666666668,15.236309523809524,3.4125,76,75.28571428571429,-0.5714285714285714,32.4,18.6,2.1,0,8,1,0,0,-0.8786374941610001,-0.4774894280028391,0,2023
2023-09-03,wagholi,0,0.0,1.0,19.775000000000002,17.636904761904763,2.4005952380952382,76,75.14285714285714,-0.14285714285714285,32.6,19.1,3.9,0,8,1,0,0,-0.886721063082993,-0.46230483047981086,0,2023
2023-09-04,wagholi,0,0.0,1.0,19.724999999999998,19.722619047619048,2.085714285714286,76,75.0,-0.14285714285714285,31.8,17.4,4.0,0,8,1,0,0,-0.8945422369764496,-0.4469834295196741,0,2023
2023-09-05,wagholi,0,0.0,1.0,22.650000000000002,21.592261904761905,1.869642857142857,73,74.85714285714286,-0.14285714285714285,31.1,16.5,0.1,1,8,1,0,0,-0.9020987014301837,-0.43152975897147144,0,2023
2023-09-06,wagholi,0,0.0,1.0,23.425,23.22738095238095,1.635119047619048,74,74.71428571428571,-0.14285714285714285,31.1,22.3,0.2,2,8,1,0,0,-0.9093882203647925,-0.4159483918249421,0,2023
2023-09-07,wagholi,0,0.0,1.0,17.083333333333332,23.425000000000004,0.19761904761904756,78,74.71428571428571,0.0,29.3,27.3,5.4,0,8,1,0,0,-0.9164086366943458,-0.4002439388573056,0,2023
2023-09-08,wagholi,0,0.0,1.0,4.641666666666667,21.60297619047619,-1.82202380952381,87,75.28571428571429,0.5714285714285714,28.1,26.4,21.3,0,8,1,0,0,-0.9231578729647039,-0.38442104726885545,0,2023
2023-09-09,wagholi,0,0.0,1.0,7.633333333333333,18.298809523809524,-3.3041666666666667,84,77.14285714285714,1.8571428571428572,28.7,26.6,4.1,0,8,1,0,0,-0.9296339319682695,-0.3684843993077793,0,2023
2023-09-10,wagholi,0,0.0,1.0,9.275,16.41904761904762,-1.879761904761905,80,78.28571428571429,1.1428571428571428,29.5,25.9,0.4,1,8,1,0,0,-0.9358348973349941,-0.35243871088460327,0,2023
2023-09-11,wagholi,0,0.0,1.0,9.466666666666667,14.91904761904762,-1.5000000000000002,80,78.85714285714286,0.5714285714285714,29.6,25.8,1.7,0,8,1,0,0,-0.9417589340994617,-0.33628873017668287,0,2023
2023-09-12,wagholi,0,0.0,1.0,12.145833333333334,13.453571428571431,-1.4654761904761902,77,79.42857142857143,0.5714285714285714,29.8,23.1,0.6,1,8,1,0,0,-0.9474042892438845,-0.32003923622313857,0,2023
2023-09-13,wagholi,0,0.0,1.0,10.079166666666667,11.95297619047619,-1.5005952380952383,77,80.0,0.5714285714285714,29.9,22.5,0.7,2,8,1,0,0,-0.9527692922168511,-0.30369503751065885,0,2023
2023-09-14,wagholi,0,0.0,1.0,11.358333333333334,10.046428571428573,-1.906547619047619,77,80.42857142857143,0.42857142857142855,30.4,21.3,0.3,3,8,1,0,0,-0.9578523554276669,-0.28726097055059635,0,2023
2023-09-15,wagholi,0,0.0,1.0,9.720833333333333,9.22857142857143,-0.8178571428571425,76,80.28571428571429,-0.14285714285714285,30.3,23.1,0.1,4,8,1,0,0,-0.9626519747161487,-0.2707418984477642,0,2023
2023-09-16,wagholi,0,0.0,1.0,6.433333333333334,9.954166666666667,0.7255952380952381,79,78.71428571428571,-1.5714285714285714,28.0,27.0,0.0,5,8,1,0,0,-0.9671667297977312,-0.2541427094613622,0,2023
2023-09-17,wagholi,0,0.0,1.0,7.458333333333333,9.782738095238097,-0.17142857142857132,78,78.0,-0.7142857142857143,28.7,27.8,1.3,0,8,1,0,0,-0.97139528468375,-0.23746831555846842,0,2023
2023-09-18,wagholi,0,0.0,1.0,4.2875000000000005,9.523214285714285,-0.2595238095238096,78,77.71428571428571,-0.2857142857142857,29.9,26.4,2.0,0,8,1,0,0,-0.9753363880767837,-0.2207236509605022,0,2023
2023-09-19,wagholi,0,0.0,1.0,4.004166666666666,8.783333333333333,-0.7398809523809523,79,77.42857142857143,-0.2857142857142857,30.0,22.7,0.9,1,8,1,0,0,-0.9789888737409319,-0.20391367068311472,0,2023
2023-09-20,wagholi,0,0.0,1.0,4.75,7.620238095238095,-1.1630952380952382,78,77.71428571428571,0.2857142857142857,31.2,19.6,4.1,0,8,1,0,0,-0.9823516608469237,-0.18704334906991657,0,2023
2023-09-21,wagholi,0,0.0,1.0,4.345833333333333,6.858928571428572,-0.7613095238095239,81,77.85714285714286,0.14285714285714285,31.1,19.1,18.5,0,8,1,0,0,-0.9854237542919524,-0.17011767832049052,0,2023
2023-09-22,wagholi,0,0.0,1.0,6.075,5.857142857142857,-1.0017857142857145,90,78.42857142857143,0.5714285714285714,28.5,15.5,38.2,0,8,1,0,0,-0.9882042449941422,-0.15314166701312007,0,2023
2023-09-23,wagholi,0,0.0,1.0,5.808333333333334,5.336309523809524,-0.5208333333333333,91,80.42857142857143,2.0,29.0,19.5,30.6,0,8,1,0,0,-0.9906923101615609,-0.13612033862266704,0,2023
2023-09-24,wagholi,0,0.0,1.0,8.720833333333333,5.247023809523809,-0.08928571428571429,86,82.14285714285714,1.7142857142857142,29.0,16.6,7.7,0,8,1,0,0,-0.9928872135356962,-0.11905873003404988,0,2023
2023-09-25,wagholi,0,0.0,1.0,12.204166666666666,5.427380952380952,0.18035714285714288,84,83.28571428571429,1.1428571428571428,29.2,15.8,3.3,0,8,1,0,0,-0.994788305609327,-0.10196189005174576,0,2023
2023-09-26,wagholi,0,0.0,1.0,16.804166666666667,6.558333333333333,1.1309523809523807,84,84.14285714285714,0.8571428571428571,30.4,13.5,8.2,0,8,1,0,0,-0.9963950238187231,-0.08483487790576538,0,2023
2023-09-27,wagholi,0,0.0,1.0,22.22083333333333,8.386904761904763,1.8285714285714287,88,84.85714285714286,0.7142857142857143,28.6,10.3,34.3,0,8,1,0,0,-0.9977068927101168,-0.06768276175455162,0,2023
2023-09-28,wagholi,0,0.0,1.0,23.337500000000002,10.882738095238095,2.495833333333333,87,86.28571428571429,1.4285714285714286,30.1,10.5,3.8,0,8,1,0,0,-0.9987235240803972,-0.050510617185222886,0,2023
2023-09-29,wagholi,0,0.0,1.0,21.158333333333335,13.595833333333333,2.7130952380952382,88,87.14285714285714,0.8571428571428571,30.5,12.6,19.7,0,8,1,0,0,-0.9994446170919858,-0.033323525711631344,0,2023
2023-09-30,wagholi,0,0.0,1.0,14.674999999999999,15.750595238095238,2.154761904761905,86,86.85714285714286,-0.2857142857142857,30.4,14.1,23.0,0,8,1,0,0,-0.9998699583618592,-0.016126573270657762,0,2023
2023-10-01,wagholi,0,0.0,1.0,34.11666666666667,17.017261904761906,1.2666666666666664,87,86.14285714285714,-0.7142857142857143,29.3,12.7,8.8,0,8,1,0,0,-0.9999994220246925,0.001075151282798226,0,2023
2023-10-02,wagholi,0,0.0,1.0,32.12916666666667,20.645238095238096,3.6279761904761907,80,86.28571428571429,0.14285714285714285,28.6,18.0,0.0,1,8,1,0,0,-0.999832969770105,0.018276557681691223,0,2023
2023-10-03,wagholi,0,0.0,1.0,37.61666666666667,23.491666666666667,2.846428571428572,76,85.71428571428571,-0.5714285714285714,31.4,17.3,0.0,2,8,1,0,0,-0.9993706508539969,0.03547255575312556,0,2023
2023-10-04,wagholi,0,0.0,1.0,37.12083333333333,26.464880952380952,2.9732142857142856,76,84.57142857142857,-1.1428571428571428,31.7,15.2,0.0,3,8,1,0,0,-0.9986126020839734,0.052658056924614005,0,2023
2023-10-05,wagholi,0,0.0,1.0,33.67916666666667,28.593452380952385,2.1285714285714286,74,82.85714285714286,-1.7142857142857142,31.5,10.4,0.0,4,8,1,0,0,-0.9975590477788613,0.06982797572987089,0,2023
2023-10-06,wagholi,0,0.0,1.0,36.362500000000004,30.070833333333333,1.4773809523809522,72,81.0,-1.8571428571428572,30.9,12.6,0.0,5,8,1,0,0,-0.9962102997023297,0.0869772313136861,0,2023
2023-10-07,wagholi,0,0.0,1.0,37.37083333333333,32.24285714285714,2.17202380952381,72,78.71428571428571,-2.2857142857142856,31.2,7.8,0.0,6,8,1,0,0,-0.9945667569706337,0.1041007489354256,0,2023
2023-10-08,wagholi,0,0.0,1.0,37.800000000000004,35.48511904761905,3.2422619047619046,71,76.71428571428571,-2.0,31.8,5.9,0.0,7,8,1,0,0,-0.9926289059345095,0.121193461470736,0,2023
2023-10-09,wagholi,0,0.0,1.0,40.949999999999996,36.01130952380952,0.5261904761904768,70,74.42857142857143,-2.2857142857142856,32.1,15.3,0.0,8,8,1,0,0,-0.9903973200352558,0.1382503109109819,0,2023
2023-10-10,wagholi,0,0.0,1.0,36.49166666666667,37.271428571428565,1.2601190476190465,66,73.0,-1.4285714285714286,32.3,15.1,0.0,9,8,1,0,0,-0.9878726596350429,0.15526624985999563,0,2023
2023-10-11,wagholi,0,0.0,1.0,37.15416666666666,37.11071428571428,-0.16071428571428573,69,71.57142857142857,-1.4285714285714286,31.0,14.4,0.2,10,8,1,0,0,-0.9850556718215013,0.172236243027682,0,2023
2023-10-12,wagholi,0,0.0,1.0,40.05416666666667,37.115476190476194,0.004761904761904491,70,70.57142857142857,-1.0,32.3,13.0,0.1,11,8,1,0,0,-0.981947190186646,0.18915526872004093,0,2023
2023-10-13,wagholi,0,0.0,1.0,36.704166666666666,38.02619047619048,0.9107142857142857,62,70.0,-0.5714285714285714,32.8,13.7,0.0,12,8,1,0,0,-0.9785481345802031,0.20601832032517084,0,2023
2023-10-14,wagholi,0,0.0,1.0,32.229166666666664,38.074999999999996,0.04880952380952307,59,68.57142857142857,-1.4285714285714286,32.3,12.2,0.0,13,8,1,0,0,-0.9748595108374125,0.22282040779479959,0,2023
2023-10-15,wagholi,0,0.0,1.0,38.30833333333333,37.34047619047619,-0.7345238095238094,62,66.71428571428571,-1.8571428571428572,31.7,11.1,0.0,14,8,1,0,0,-0.9708824104813836,0.23955655912092708,0,2023
2023-10-16,wagholi,0,0.0,1.0,42.237500000000004,37.41309523809524,0.07261904761904654,58,65.42857142857143,-1.2857142857142858,32.2,11.9,0.2,15,8,1,0,0,-0.9666180104000972,0.2562218218071163,0,2023
2023-10-17,wagholi,0,0.0,1.0,48.38333333333333,37.59702380952381,0.18392857142857263,59,63.714285714285715,-1.7142857142857142,31.7,7.5,0.0,16,8,1,0,0,-0.9620675724981452,0.27281126433401914,0,2023
2023-10-18,wagholi,0,0.0,1.0,47.916666666666664,39.295833333333334,1.6988095238095238,57,62.714285714285715,-1.0,32.0,11.5,0.1,17,8,1,0,0,-0.957232443323312,0.28931997761869527,0,2023
2023-10-19,wagholi,0,0.0,1.0,48.020833333333336,40.83333333333333,1.5375000000000003,65,61.0,-1.7142857142857142,32.1,8.9,0.1,18,8,1,0,0,-0.9521140536681102,0.3057430764672831,0,2023
2023-10-20,wagholi,0,0.0,1.0,58.95416666666667,41.971428571428575,1.1380952380952383,67,60.285714285714285,-0.7142857142857143,31.3,13.6,0.4,19,8,1,0,0,-0.9467139181463862,0.3220757010206104,0,2023
2023-10-21,wagholi,0,0.0,1.0,55.137499999999996,45.15,3.1785714285714297,65,61.0,0.7142857142857143,31.7,11.2,0.3,20,8,1,0,0,-0.9410336347451197,0.3383130181923076,0,2023
2023-10-22,wagholi,0,0.0,1.0,41.46666666666667,48.422619047619044,3.2726190476190475,55,61.857142857142854,0.8571428571428571,32.4,10.8,0.0,21,8,1,0,0,-0.9350748843515574,0.3544502230989869,0,2023
2023-10-23,wagholi,0,0.0,1.0,43.55416666666667,48.87380952380953,0.4511904761904769,57,60.857142857142854,-1.0,32.8,8.1,0.0,22,8,1,0,0,-0.9288394302558068,0.3704825404820963,0,2023
2023-10-24,wagholi,0,0.0,1.0,32.47083333333333,49.06190476190476,0.18809523809523757,49,60.714285714285715,-0.14285714285714285,32.6,9.4,0.0,23,8,1,0,0,-0.9223291176290545,0.3864052261209853,0,2023
2023-10-25,wagholi,0,0.0,1.0,34.13333333333333,46.788690476190474,-2.273214285714286,49,59.285714285714285,-1.4285714285714286,31.8,9.7,0.0,24,8,1,0,0,-0.9155458729775467,0.40221356823680365,0,2023
2023-10-26,wagholi,0,0.0,1.0,28.97083333333333,44.81964285714286,-1.9690476190476187,45,58.142857142857146,-1.1428571428571428,31.3,10.8,0.0,25,8,1,0,0,-0.9084917035725082,0.41790288888678667,0,2023
2023-10-27,wagholi,0,0.0,1.0,26.40833333333333,42.098214285714285,-2.721428571428572,42,55.285714285714285,-2.857142857142857,31.4,11.4,0.0,26,8,1,0,0,-0.9011686968561569,0.4334685453485363,0,2023
2023-10-28,wagholi,0,0.0,1.0,33.229166666666664,37.44880952380952,-4.649404761904763,46,51.714285714285715,-3.5714285714285716,31.0,10.1,0.0,27,8,1,0,0,-0.8935790198239952,0.4489059314938798,0,2023
2023-10-29,wagholi,0,0.0,1.0,33.920833333333334,34.31904761904762,-3.1297619047619043,47,49.0,-2.7142857142857144,31.5,10.8,0.0,28,8,1,0,0,-0.8857249183835637,0.4642104791518923,0,2023
2023-10-30,wagholi,0,0.0,1.0,36.612500000000004,33.24107142857142,-1.0779761904761906,49,47.857142857142854,-1.1428571428571428,31.9,11.5,0.0,29,8,1,0,0,-0.8776087166898392,0.4793776594606945,0,2023
2023-10-31,wagholi,0,0.0,1.0,39.137499999999996,32.24940476190476,-0.9916666666666661,53,46.714285714285715,-1.1428571428571428,31.7,12.6,0.0,30,8,1,0,0,-0.8692328164574792,0.49440298420761813,0,2023
2023-11-01,wagholi,0,0.0,1.0,37.550000000000004,33.20178571428571,0.952380952380952,50,47.285714285714285,0.5714285714285714,31.4,8.8,0.0,31,8,1,0,0,-0.8605996962501181,0.5092820071573356,0,2023
2023-11-02,wagholi,0,0.0,1.0,36.38333333333333,33.68988095238095,0.48809523809523875,54,47.42857142857143,0.14285714285714285,31.2,8.6,0.0,32,8,1,0,0,-0.8517119107469189,0.5240103253675756,0,2023
2023-11-03,wagholi,0,0.0,1.0,47.94166666666666,34.74880952380953,1.0589285714285717,51,48.714285714285715,1.2857142857142858,32.1,10.1,0.0,33,8,1,0,0,-0.8425720899866032,0.5385835804920232,0,2023
2023-11-04,wagholi,0,0.0,1.0,52.15,37.824999999999996,3.076190476190476,53,50.0,1.2857142857142858,31.8,13.4,0.0,34,8,1,0,0,-0.8331829385891785,0.5529974600700271,0,2023
2023-11-05,wagholi,0,0.0,1.0,49.63333333333333,40.52797619047619,2.7029761904761904,50,51.0,1.0,32.7,12.3,0.0,35,8,1,0,0,-0.8235472349556007,0.5672476988027229,0,2023
2023-11-06,wagholi,0,0.0,1.0,35.24166666666667,42.77261904761905,2.244642857142857,47,51.42857142857143,0.42857142857142855,32.7,12.7,0.0,36,8,1,0,0,-0.8136678304455991,0.5813300798152042,0,2023
2023-11-07,wagholi,0,0.0,1.0,43.46666666666667,42.57678571428572,-0.1958333333333339,53,51.142857142857146,-0.2857142857142857,32.0,11.8,0.0,37,8,1,0,0,-0.8035476485339116,0.5952404359043674,0,2023
2023-11-08,wagholi,0,0.0,1.0,29.6875,43.195238095238096,0.6184523809523819,71,51.142857142857146,0.0,31.5,17.4,2.4,0,8,1,0,0,-0.7931896839451843,0.6089746507720486,0,2023
2023-11-09,wagholi,0,0.0,1.0,30.483333333333334,42.072023809523806,-1.1232142857142864,78,54.142857142857146,3.0,31.9,15.9,2.0,0,8,1,0,0,-0.7825970017677834,0.6225286602431057,0,2023
2023-11-10,wagholi,0,0.0,1.0,30.820833333333336,41.22916666666667,-0.8428571428571426,79,57.57142857142857,3.4285714285714284,31.6,14.4,3.0,0,8,1,0,0,-0.7717727365467836,0.6358984534680745,0,2023
2023-11-11,wagholi,0,0.0,1.0,41.46666666666667,38.78333333333334,-2.4458333333333324,67,61.57142857142857,4.0,32.5,14.1,0.0,1,8,1,0,0,-0.7607200913564104,0.6490800741100398,0,2023
2023-11-12,wagholi,0,0.0,1.0,43.770833333333336,37.25714285714286,-1.5261904761904757,53,63.57142857142857,2.0,32.8,11.2,0.0,2,8,1,0,1,-0.7494423368521954,0.6620696215153815,0,2023
2023-11-13,wagholi,0,0.0,1.0,54.1,36.41964285714286,-0.8374999999999996,53,64.0,0.42857142857142855,31.7,10.0,0.0,3,8,1,0,1,-0.7379428103031386,0.6748632518680403,0,2023
2023-11-14,wagholi,0,0.0,1.0,47.041666666666664,39.11369047619048,2.6940476190476192,53,64.85714285714286,0.8571428571428571,31.5,9.7,0.0,4,8,1,0,1,-0.7262249146041543,0.6874571793269664,0,2023
2023-11-15,wagholi,0,0.0,1.0,45.02916666666667,39.62440476190476,0.5107142857142851,48,64.85714285714286,0.0,30.7,10.0,0.0,5,8,1,0,1,-0.7142921172691032,0.699847677146407,0,2023
2023-11-16,wagholi,0,0.0,1.0,56.262499999999996,41.81607142857143,2.191666666666667,54,61.57142857142857,-3.2857142857142856,30.8,9.6,0.0,6,8,1,0,1,-0.7021479494046978,0.7120310787787131,0,2023
2023-11-17,wagholi,0,0.0,1.0,67.075,45.49880952380953,3.6827380952380944,54,58.142857142857146,-3.4285714285714284,30.5,9.9,0.0,7,8,1,0,1,-0.6897960046655887,0.7240037789593305,0,2023
2023-11-18,wagholi,0,0.0,1.0,58.5875,50.677976190476194,5.179166666666666,55,54.57142857142857,-3.5714285714285716,31.9,8.2,0.0,8,8,1,0,1,-0.6772399381909491,0.7357622347736527,0,2023
2023-11-19,wagholi,0,0.0,1.0,51.64166666666667,53.12380952380953,2.445833333333333,57,52.857142857142854,-1.7142857142857142,32.6,11.3,0.0,9,8,1,0,0,-0.6644834655228552,0.7473029667054296,0,2023
2023-11-20,wagholi,0,0.0,1.0,40.762499999999996,54.24821428571429,1.1244047619047624,57,53.42857142857143,0.5714285714285714,31.9,12.1,0.0,10,8,1,0,0,-0.6515303615068021,0.75862255966641,0,2023
2023-11-21,wagholi,0,0.0,1.0,37.875,52.34285714285715,-1.9053571428571436,52,54.0,0.5714285714285714,31.3,11.9,0.0,11,8,1,0,0,-0.6383844591746642,0.7697176640069211,0,2023
2023-11-22,wagholi,0,0.0,1.0,39.25833333333333,51.03333333333334,-1.309523809523809,55,53.857142857142854,-0.14285714285714285,30.6,11.0,0.0,12,8,1,0,0,-0.6250496486104377,0.7805849965070866,0,2023
2023-11-23,wagholi,0,0.0,1.0,36.920833333333334,50.208928571428565,-0.8244047619047622,58,54.857142857142854,1.0,31.3,9.4,0.0,13,8,1,0,0,-0.6115298757991053,0.7912213413483807,0,2023
2023-11-24,wagholi,0,0.0,1.0,23.870833333333334,47.44583333333333,-2.763095238095237,65,55.42857142857143,0.5714285714285714,31.6,14.5,0.2,14,8,1,0,0,-0.5978291414589552,0.801623551065242,0,2023
2023-11-25,wagholi,0,0.0,1.0,23.866666666666664,41.273809523809526,-6.172023809523809,66,57.0,1.5714285714285714,30.8,15.0,0.5,15,8,1,0,0,-0.5839514998576998,0.8117885474764613,0,2023
2023-11-26,wagholi,0,0.0,1.0,24.837500000000002,36.31369047619047,-4.960119047619047,74,58.57142857142857,1.5714285714285714,31.6,21.9,17.4,0,8,1,0,0,-0.5699010576127624,0.8217133225960589,0,2023
2023-11-27,wagholi,0,0.0,1.0,23.224999999999998,32.484523809523814,-3.829166666666667,79,61.0,2.4285714285714284,28.6,12.1,2.6,0,8,1,0,0,-0.5556819724760489,0.8313949395234058,0,2023
2023-11-28,wagholi,0,0.0,1.0,27.308333333333334,29.979166666666664,-2.5053571428571426,80,64.14285714285714,3.142857142857143,29.4,14.4,0.3,1,8,1,0,0,-0.5412984521036173,0.8408305333122887,0,2023
2023-11-29,wagholi,0,0.0,1.0,24.0625,28.469642857142855,-1.5095238095238095,76,68.14285714285714,4.0,29.4,10.2,0.5,2,8,1,0,0,-0.5267547528105542,0.8500173118187018,0,2023
2023-11-30,wagholi,0,0.0,1.0,30.333333333333332,26.298809523809524,-2.1708333333333334,73,71.14285714285714,3.0,30.2,12.8,0.7,3,8,1,0,0,-0.5120551783114646,0.8589525565270845,0,2023
2023-12-01,wagholi,0,0.0,1.0,27.47083333333333,25.357738095238094,-0.9410714285714289,74,73.28571428571429,2.142857142857143,28.9,8.3,0.6,4,8,1,0,0,-0.4972040784469378,0.8676336233547726,0,2023
2023-12-02,wagholi,0,0.0,1.0,17.5,25.872023809523814,0.514285714285714,67,74.57142857142857,1.2857142857142858,31.3,16.3,0.2,5,8,1,0,0,-0.4822058478963526,0.8760579434344281,0,2023
2023-12-03,wagholi,0,0.0,1.0,26.754166666666666,24.962500000000002,-0.9095238095238091,70,74.71428571428571,0.14285714285714285,30.6,13.7,0.0,6,8,1,0,0,-0.46706492487743034,0.8842230238742036,0,2023
2023-12-04,wagholi,0,0.0,1.0,19.925,25.236309523809524,0.27380952380952345,66,74.14285714285714,-0.5714285714285714,31.3,11.9,0.0,7,8,1,0,0,-0.451785789832884,0.8921264484954345,0,2023
2023-12-05,wagholi,0,0.0,1.0,24.458333333333332,24.764880952380953,-0.47142857142857103,66,72.28571428571429,-1.8571428571428572,30.9,8.9,0.1,8,8,1,0,0,-0.4363729641045924,0.8997658785476209,0,2023
2023-12-06,wagholi,0,0.0,1.0,26.570833333333336,24.357738095238094,-0.40714285714285736,71,70.28571428571429,-2.0,29.3,9.6,0.3,9,8,1,0,0,-0.42083100859565564,0.9071390534005044,0,2023
2023-12-07,wagholi,0,0.0,1.0,28.329166666666666,24.71607142857143,0.3583333333333338,76,69.57142857142857,-0.7142857142857143,28.0,8.3,0.4,10,8,1,0,0,-0.4051645224207563,0.9142437912130223,0,2023
2023-12-08,wagholi,0,0.0,1.0,27.254166666666666,24.429761904761907,-0.2863095238095238,73,70.0,0.42857142857142855,28.8,9.3,0.0,11,8,1,0,0,-0.3893781415452015,0.9210779895789526,0,2023
2023-12-09,wagholi,0,0.0,1.0,23.9375,24.398809523809526,-0.030952380952380714,70,69.85714285714286,-0.14285714285714285,29.7,10.7,0.0,12,8,1,0,0,-0.37347653741307074,0.9276396261490467,0,2023
2023-12-10,wagholi,0,0.0,1.0,26.766666666666666,25.318452380952383,0.9196428571428571,66,70.28571428571429,0.42857142857142855,29.5,12.0,0.0,13,8,1,0,0,-0.3574644155648614,0.9339267592294762,0,2023
2023-12-11,wagholi,0,0.0,1.0,31.316666666666666,25.320238095238093,0.0017857142857141842,61,69.71428571428571,-0.5714285714285714,29.8,11.2,0.0,14,8,1,0,0,-0.34134651424503615,0.9399375283564133,0,2023
2023-12-12,wagholi,0,0.0,1.0,32.949999999999996,26.947619047619046,1.6273809523809522,58,69.0,-0.7142857142857143,30.0,12.8,0.0,15,8,1,0,0,-0.3251276029999093,0.9456701548465688,0,2023
2023-12-13,wagholi,0,0.0,1.0,33.625,28.160714285714285,1.2130952380952376,60,67.85714285714286,-1.1428571428571428,29.4,9.7,0.0,16,8,1,0,0,-0.30881248126625377,0.9511229423235357,0,2023
2023-12-14,wagholi,0,0.0,1.0,26.587500000000002,29.16845238095238,1.0077380952380948,59,66.28571428571429,-1.5714285714285714,28.4,14.5,0.0,17,8,1,0,0,-0.29240597695107734,0.9562942772197719,0,2023
2023-12-15,wagholi,0,0.0,1.0,29.075,28.919642857142858,-0.24880952380952337,60,63.857142857142854,-2.4285714285714284,27.7,13.4,0.0,18,8,1,0,0,-0.27591294500296043,0.9611826292540837,0,2023
2023-12-16,wagholi,0,0.0,1.0,41.1625,29.179761904761904,0.2601190476190475,62,62.0,-1.8571428571428572,28.0,11.4,0.0,19,8,1,0,0,-0.2593382659754056,0.9657865518844574,0,2023
2023-12-17,wagholi,0,0.0,1.0,47.75,31.64047619047619,2.460714285714286,67,60.857142857142854,-1.1428571428571428,28.1,14.9,0.0,20,8,1,0,0,-0.2426868445825954,0.9701046827361175,0,2023
2023-12-18,wagholi,0,0.0,1.0,47.270833333333336,34.63809523809524,2.9976190476190476,63,61.0,0.14285714285714285,27.4,16.9,0.0,21,8,1,0,0,-0.22596360824801906,0.974135744004672,0,2023
2023-12-19,wagholi,0,0.0,1.0,40.766666666666666,36.91726190476191,2.2791666666666672,61,61.285714285714285,0.2857142857142857,26.8,14.4,0.0,22,8,1,0,0,-0.20917350564635637,0.9778785428342386,0,2023
2023-12-20,wagholi,0,0.0,1.0,30.404166666666665,38.033928571428575,1.1166666666666671,62,61.714285714285715,0.42857142857142855,27.6,13.3,0.0,23,8,1,0,0,-0.19232150523909483,0.9813319716704275,0,2023
2023-12-21,wagholi,0,0.0,1.0,36.75,37.57380952380952,-0.46011904761904787,59,62.0,0.2857142857142857,29.5,11.1,0.0,24,8,1,0,0,-0.17541259380427843,0.9844950085880858,0,2023
2023-12-22,wagholi,0,0.0,1.0,43.78333333333333,39.02559523809524,1.451785714285714,65,62.0,0.0,29.8,8.7,0.0,25,8,1,0,0,-0.15845177496083632,0.9873667175937016,0,2023
2023-12-23,wagholi,0,0.0,1.0,38.737500000000004,41.12678571428571,2.101190476190476,56,62.714285714285715,0.7142857142857143,30.0,10.2,0.0,26,8,1,0,0,-0.14144406768794202,0.9899462489023779,0,2023
2023-12-24,wagholi,0,0.0,1.0,44.40416666666667,40.78035714285715,-0.34642857142857103,56,61.857142857142854,-0.8571428571428571,29.4,9.5,0.0,27,8,1,0,0,-0.12439450483979998,0.9922328391893008,0,2023
2023-12-25,wagholi,0,0.0,1.0,52.4,40.30238095238095,-0.4779761904761902,63,60.285714285714285,-1.5714285714285714,29.8,9.4,0.0,28,8,1,0,0,-0.10730813165636247,0.9942258118156161,0,2023
2023-12-26,wagholi,0,0.0,1.0,46.84583333333333,41.03511904761905,0.7327380952380947,63,60.285714285714285,0.0,30.8,8.6,0.0,29,8,1,0,0,-0.09019000427034513,0.9959245770286599,0,2023
2023-12-27,wagholi,0,0.0,1.0,51.92916666666667,41.90357142857143,0.8684523809523809,58,60.57142857142857,0.2857142857142857,30.3,10.7,0.0,30,8,1,0,0,-0.07304518821104743,0.9973286321364752,0,2023
2023-12-28,wagholi,0,0.0,1.0,55.229166666666664,44.97857142857142,3.075,65,60.0,-0.5714285714285714,30.2,10.8,0.0,31,8,1,0,0,-0.05587875690537313,0.9984375616565666,0,2023
2023-12-29,wagholi,0,0.0,1.0,42.85833333333333,47.61845238095238,2.639880952380952,63,60.857142857142854,0.8571428571428571,30.1,11.0,0.0,32,8,1,0,0,-0.03869579017652689,0.9992510374388481,0,2023
2023-12-30,wagholi,0,0.0,1.0,33.4625,47.48630952380953,-0.13214285714285776,61,60.57142857142857,-0.2857142857142857,29.8,9.5,0.0,33,8,1,0,0,-0.021501372740813793,0.999768818762748,0,2023
2023-12-31,wagholi,0,0.0,1.0,30.554166666666664,46.7327380952381,-0.7535714285714293,58,61.285714285714285,0.7142857142857143,30.2,12.8,0.0,34,8,1,0,0,-0.004300592702981974,0.9999907524084426,0,2023
2024-01-01,wagholi,0,0.0,1.0,36.19583333333333,44.75416666666666,-1.9785714285714293,58,61.57142857142857,0.2857142857142857,29.6,9.9,0.0,35,8,1,0,0,0.017201575418260506,0.9998520419557735,0,2024
2024-01-02,wagholi,0,0.0,1.0,46.333333333333336,42.43928571428571,-2.3148809523809524,57,60.857142857142854,-0.7142857142857143,30.0,11.8,0.0,36,8,1,0,0,0.03439806061360801,0.9994082116062598,0,2024
2024-01-03,wagholi,0,0.0,1.0,49.02916666666667,42.36607142857143,-0.07321428571428511,63,60.0,-0.8571428571428571,30.4,9.9,0.0,37,8,1,0,0,0.051584366869408364,0.9986686402879997,0,2024
2024-01-04,wagholi,0,0.0,1.0,48.69166666666666,41.95178571428571,-0.4142857142857141,61,60.714285714285715,0.7142857142857143,30.0,9.7,0.0,38,8,1,0,0,0.06875540848113941,0.9976335468520451,0,2024
2024-01-05,wagholi,0,0.0,1.0,41.083333333333336,41.017857142857146,-0.9339285714285717,62,60.142857142857146,-0.5714285714285714,29.3,7.5,0.0,39,8,1,0,0,0.08590610426133272,0.9963032375991965,0,2024
2024-01-06,wagholi,0,0.0,1.0,48.145833333333336,40.76428571428572,-0.25357142857142734,66,60.0,-0.14285714285714285,29.2,11.8,0.5,40,8,1,0,0,0.10303137904317879,0.9946781061893646,0,2024
2024-01-07,wagholi,0,0.0,1.0,32.21666666666667,42.86190476190477,2.097619047619048,64,60.714285714285715,0.7142857142857143,29.9,15.0,1.2,0,8,1,0,0,0.1201261651823505,0.9927586335250793,0,2024
2024-01-08,wagholi,0,0.0,1.0,23.995833333333334,43.09940476190476,0.2375000000000007,58,61.57142857142857,0.8571428571428571,29.9,17.6,0.0,1,8,1,0,0,0.13718540405660057,0.9905453876091833,0,2024
2024-01-09,wagholi,0,0.0,1.0,19.408333333333335,41.35654761904762,-1.7428571428571427,71,61.57142857142857,0.0,28.3,17.1,1.3,0,8,1,0,0,0.1542040475626894,0.988039023376751,0,2024
2024-01-10,wagholi,0,0.0,1.0,28.291666666666668,37.51011904761905,-3.8464285714285715,79,63.57142857142857,2.0,28.2,12.1,0.1,1,8,1,0,0,0.17117705961019986,0.985240282501282,0,2024
2024-01-11,wagholi,0,0.0,1.0,25.662499999999998,34.54761904761905,-2.9625,72,65.85714285714286,2.2857142857142856,29.2,8.9,0.0,2,8,1,0,0,0.18809941761179758,0.9821499931752291,0,2024
2024-01-12,wagholi,0,0.0,1.0,28.72083333333333,31.257738095238096,-3.289880952380952,64,67.42857142857143,1.5714285714285714,29.9,9.2,0.0,3,8,1,0,0,0.20496611396949532,0.9787690698649216,0,2024
2024-01-13,wagholi,0,1.0,1.0,25.754166666666666,29.49166666666667,-1.7660714285714292,59,67.71428571428571,0.2857142857142857,30.5,8.9,0.0,4,8,1,0,0,0.22177215755648186,0.975098513039961,1,2024
2024-01-14,wagholi,1,1.0,1.0,18.191666666666666,26.292857142857144,-3.198809523809524,57,66.71428571428571,-1.0,30.4,10.5,0.0,5,8,1,0,0,0.23851257519407648,0.9711394088771653,1,2024
2024-01-15,wagholi,0,0.0,1.0,16.083333333333332,24.289285714285715,-2.003571428571429,51,65.71428571428571,-1.0,29.0,13.6,0.0,6,8,1,0,0,0.2551824131233728,0.9668929289391521,0,2024
2024-01-16,wagholi,0,0.0,1.0,23.837500000000002,23.15892857142857,-1.130357142857143,63,64.71428571428571,-1.0,28.5,14.1,0.0,7,8,1,0,0,0.2717767384711357,0.9623603298276545,0,2024
2024-01-17,wagholi,0,0.0,1.0,37.8375,23.791666666666668,0.6327380952380953,66,63.57142857142857,-1.1428571428571428,29.9,18.1,0.0,8,8,1,0,0,0.2882906407095177,0.9575429528116719,0,2024
2024-01-18,wagholi,0,0.0,1.0,44.824999999999996,25.155357142857138,1.3636904761904758,69,61.714285714285715,-1.8571428571428572,28.2,11.9,0.0,9,8,1,0,0,0.3047192331091634,0.9524422234305676,0,2024
2024-01-19,wagholi,0,0.0,1.0,37.762499999999996,27.892857142857142,2.7375,68,61.285714285714285,-0.42857142857142855,29.5,17.0,0.0,10,8,1,0,0,0.321057654185271,0.9470596510722283,0,2024
2024-01-20,wagholi,0,0.0,1.0,36.612500000000004,29.184523809523807,1.2916666666666663,63,61.857142857142854,0.5714285714285714,30.0,19.1,0.0,11,8,1,0,0,0.3373010691361842,0.9413968285264122,0,2024
2024-01-21,wagholi,0,0.0,1.0,40.358333333333334,30.735714285714284,1.551190476190477,63,62.42857142857143,0.5714285714285714,28.1,10.9,0.0,12,8,1,0,0,0.3534446712740877,0.9354554315134164,0,2024
2024-01-22,wagholi,0,0.0,1.0,38.354166666666664,33.90238095238095,3.166666666666667,60,63.285714285714285,0.8571428571428571,30.6,16.8,0.0,13,8,1,0,0,0.3694836834473831,0.9292372181882051,0,2024
2024-01-23,wagholi,0,0.0,1.0,38.041666666666664,37.083928571428565,3.181547619047619,59,64.57142857142857,1.2857142857142858,27.8,10.5,0.0,14,8,1,0,0,0.38541335945432564,0.9227440286201427,0,2024
2024-01-24,wagholi,0,0.0,1.0,21.329166666666666,39.11309523809524,2.029166666666666,44,64.0,-0.5714285714285714,28.1,11.5,0.0,15,8,1,0,0,0.4012289854475009,0.9159777842484877,0,2024
2024-01-25,wagholi,0,0.0,1.0,22.566666666666666,36.7547619047619,-2.3583333333333334,49,60.857142857142854,-3.142857142857143,27.9,9.5,0.0,16,8,1,0,0,0.4169258813287287,0.908940487313808,0,2024
2024-01-26,wagholi,0,0.0,1.0,39.979166666666664,33.575,-3.179761904761904,49,58.0,-2.857142857142857,29.8,11.4,0.0,17,8,1,0,0,0.4324994021339788,0.901634220265486,0,2024
2024-01-27,wagholi,0,0.0,1.0,48.083333333333336,33.891666666666666,0.31666666666666693,45,55.285714285714285,-2.7142857142857144,30.2,10.4,0.0,18,8,1,0,0,0.44794493940789115,0.8940611451454876,0,2024
2024-01-28,wagholi,0,0.0,1.0,51.35833333333333,35.53035714285714,1.638690476190476,50,52.714285714285715,-2.5714285714285716,30.7,13.6,0.0,19,8,1,0,0,0.4632579225674917,0.88622350294858,0,2024
2024-01-29,wagholi,0,0.0,1.0,40.391666666666666,37.10178571428571,1.5714285714285705,50,50.857142857142854,-1.8571428571428572,30.7,8.7,0.0,20,8,1,0,0,0.4784338202547012,0.8781236129591848,0,2024
2024-01-30,wagholi,0,0.0,1.0,46.17083333333333,37.392857142857146,0.29107142857142876,50,49.42857142857143,-1.4285714285714286,30.2,12.6,0.0,21,8,1,0,0,0.49346814167723735,0.8697638720650646,0,2024
2024-01-31,wagholi,0,0.0,1.0,45.99166666666667,38.55416666666667,1.1613095238095232,53,48.142857142857146,-1.2857142857142858,32.1,19.9,0.0,22,8,1,0,0,0.5083564379375122,0.8611467540480452,0,2024
2024-02-01,wagholi,0,0.0,1.0,42.12916666666667,42.07738095238095,3.523214285714286,54,49.42857142857143,1.2857142857142858,29.2,14.3,0.0,23,8,1,0,0,0.5230943033491326,0.8522748088519838,0,2024
2024-02-02,wagholi,0,0.0,1.0,31.795833333333334,44.87202380952381,2.7946428571428577,59,50.142857142857146,0.7142857142857143,29.1,10.0,0.0,24,8,1,0,0,0.5376773767406141,0.8431506618282,0,2024
2024-02-03,wagholi,0,0.0,1.0,27.5,43.702976190476186,-1.1690476190476187,47,51.57142857142857,1.4285714285714286,31.4,11.5,0.0,25,8,1,0,0,0.5521013427459208,0.8337770129585915,0,2024
2024-02-04,wagholi,0,0.0,1.0,41.74166666666667,40.762499999999996,-2.9404761904761907,52,51.857142857142854,0.2857142857142857,32.4,12.3,0.0,26,8,1,0,0,0.5663619330814524,0.8241566360566663,0,2024
2024-02-05,wagholi,0,0.0,1.0,45.425000000000004,39.38869047619047,-1.373809523809523,49,52.142857142857146,0.2857142857142857,34.4,16.2,0.0,27,8,1,0,0,0.580454927809098,0.8142923779467267,0,2024
2024-02-06,wagholi,0,0.0,1.0,30.25,40.1077380952381,0.7190476190476198,46,52.0,-0.14285714285714285,34.5,14.8,0.0,28,8,1,0,0,0.5943761565849831,0.804187157621448,0,2024
2024-02-07,wagholi,0,0.0,1.0,23.0625,37.833333333333336,-2.274404761904761,44,51.42857142857143,-0.5714285714285714,34.5,15.0,0.0,29,8,1,0,0,0.6081214998935418,0.7938439653781019,0,2024
2024-02-08,wagholi,0,0.0,1.0,24.525000000000002,34.55773809523809,-3.2755952380952382,38,50.142857142857146,-1.2857142857142858,32.9,9.9,0.0,30,8,1,0,0,0.6216868902665479,0.7832658619336791,0,2024
2024-02-09,wagholi,0,0.0,1.0,28.208333333333332,32.042857142857144,-2.5148809523809526,38,47.857142857142854,-2.2857142857142856,34.2,17.2,0.0,31,8,1,0,0,0.6350683134867438,0.7724559775191742,0,2024
2024-02-10,wagholi,0,0.0,1.0,25.825,31.530357142857145,-0.5125000000000003,37,44.857142857142854,-3.0,34.5,19.5,0.0,32,8,1,0,0,0.6482618097757122,0.7614175109532997,0,2024
2024-02-11,wagholi,0,0.0,1.0,27.816666666666666,31.291071428571428,-0.23928571428571438,37,43.42857142857143,-1.4285714285714286,33.2,16.3,0.0,33,8,1,0,0,0.6612634749656386,0.7501537286959042,0,2024
2024-02-12,wagholi,0,0.0,1.0,25.90416666666667,29.301785714285717,-1.9892857142857143,37,41.285714285714285,-2.142857142857143,33.5,14.2,0.0,34,8,1,0,0,0.6740694616546161,0.7386679638813748,0,2024
2024-02-13,wagholi,0,0.0,1.0,30.670833333333334,26.51309523809524,-2.7886904761904767,29,39.57142857142857,-1.7142857142857142,34.0,18.6,0.0,35,8,1,0,0,0.6866759803451553,0.726963615332308,0,2024
2024-02-14,wagholi,0,0.0,1.0,32.875,26.57321428571429,0.06011904761904775,34,37.142857142857146,-2.4285714285714284,32.8,8.0,0.0,36,8,1,0,0,0.6990793005655562,0.7150441465537444,0,2024
2024-02-15,wagholi,0,0.0,1.0,30.541666666666668,27.975,1.4017857142857142,34,35.714285714285715,-1.4285714285714286,34.0,12.0,0.0,37,8,1,0,0,0.7112757519738152,0.7029130847082615,0,2024
2024-02-16,wagholi,0,0.0,1.0,28.5,28.83452380952381,0.8595238095238094,38,35.142857142857146,-0.5714285714285714,35.6,19.5,0.0,38,8,1,0,0,0.7232617254437388,0.6905740195722293,0,2024
2024-02-17,wagholi,0,0.0,1.0,33.762499999999996,28.876190476190477,0.04166666666666684,36,35.142857142857146,0.0,34.4,13.1,0.0,39,8,1,0,0,0.7350336741329413,0.6780306024735382,0,2024
2024-02-18,wagholi,0,0.0,1.0,38.199999999999996,30.010119047619046,1.133928571428571,39,35.0,-0.14285714285714285,34.3,13.3,0.0,40,8,1,0,0,0.746588114532413,0.6652865452111116,0,2024
2024-02-19,wagholi,0,0.0,1.0,23.2,31.493452380952384,1.4833333333333327,31,35.285714285714285,0.2857142857142857,34.4,19.4,0.0,41,8,1,0,0,0.7579216274973472,0.6523456189565257,0,2024
2024-02-20,wagholi,0,0.0,1.0,15.804166666666667,31.107142857142858,-0.38630952380952416,32,34.42857142857143,-0.8571428571428571,34.2,20.8,0.0,42,8,1,0,0,0.7690308592589181,0.6392116531380588,0,2024
2024-02-21,wagholi,0,0.0,1.0,17.587500000000002,28.98333333333333,-2.123809523809524,48,34.857142857142854,0.42857142857142855,32.8,19.7,0.0,43,8,1,0,0,0.7799125224167177,0.6258885343075018,0,2024
2024-02-22,wagholi,0,0.0,1.0,22.570833333333336,26.79940476190476,-2.183928571428571,55,36.857142857142854,2.0,31.8,19.1,0.0,44,8,1,0,0,0.7905633969115482,0.612380204990065,0,2024
2024-02-23,wagholi,0,0.0,1.0,21.279166666666665,25.660714285714285,-1.138690476190476,47,39.857142857142854,3.0,31.6,8.7,0.0,45,8,1,0,0,0.8009803309782905,0.5986906625177214,0,2024
2024-02-24,wagholi,0,0.0,1.0,18.366666666666667,24.629166666666666,-1.0315476190476194,37,41.142857142857146,1.2857142857142858,33.2,18.4,0.0,46,8,1,0,0,0.8111602420785621,0.5848239578463322,0,2024
2024-02-25,wagholi,0,0.0,1.0,21.558333333333334,22.429761904761904,-2.1994047619047614,20,41.285714285714285,0.14285714285714285,33.2,17.7,0.0,47,8,1,0,0,0.8211001178128892,0.5707841943569036,0,2024
2024-02-26,wagholi,0,0.0,1.0,40.46666666666667,20.052380952380954,-2.377380952380952,35,38.57142857142857,-2.7142857142857144,35.7,15.8,0.0,48,8,1,0,0,0.8307970168121247,0.5565755266413303,0,2024
2024-02-27,wagholi,0,0.0,1.0,57.17083333333333,22.51904761904762,2.4666666666666672,37,39.142857142857146,0.5714285714285714,35.5,16.4,0.0,49,8,1,0,0,0.8402480696078469,0.5422021592729844,0,2024
2024-02-28,wagholi,0,0.0,1.0,40.59583333333333,28.428571428571427,5.909523809523809,37,39.857142857142854,0.7142857142857143,34.6,9.5,0.0,50,8,1,0,0,0.8494504794814806,0.527668345562516,0,2024
2024-02-29,wagholi,0,0.0,1.0,30.099999999999998,31.71547619047619,3.2869047619047613,34,38.285714285714285,-1.5714285714285714,35.5,18.2,0.0,51,8,1,0,0,0.8584015232918917,0.512978386299228,0,2024
2024-03-01,wagholi,0,0.0,1.0,45.612500000000004,32.79107142857143,1.0755952380952374,37,35.285714285714285,-3.0,36.4,12.1,0.0,52,8,1,0,0,0.8670985522812081,0.4981366284784055,0,2024
2024-03-02,wagholi,0,0.0,1.0,36.854166666666664,36.2672619047619,3.476190476190477,42,33.857142857142854,-1.4285714285714286,35.7,25.8,0.0,53,8,1,0,0,0.8755389928586302,0.4831474640149687,0,2024
2024-03-03,wagholi,0,0.0,1.0,23.995833333333334,38.908333333333324,2.6410714285714283,60,34.57142857142857,0.7142857142857143,32.2,22.7,0.0,54,8,1,0,0,0.8837203473619977,0.4680153284438345,0,2024
2024-03-04,wagholi,0,0.0,1.0,19.733333333333334,39.256547619047616,0.3482142857142857,49,40.285714285714285,5.714285714285714,33.9,18.6,0.0,55,8,1,0,0,0.8916401947968874,0.45274469960737107,0,2024
2024-03-05,wagholi,0,0.0,1.0,23.420833333333334,36.294642857142854,-2.961904761904762,36,42.285714285714285,2.0,34.8,23.1,0.0,56,8,1,0,0,0.8992961915530253,0.4373400963303323,0,2024
2024-03-06,wagholi,0,0.0,1.0,27.95,31.473214285714285,-4.82142857142857,35,42.142857142857146,-0.14285714285714285,36.0,23.8,0.0,57,8,1,0,0,0.9066860720977985,0.4218060770826634,0,2024
2024-03-07,wagholi,0,0.0,1.0,21.40416666666667,29.666666666666664,-1.8065476190476188,23,41.857142857142854,-0.2857142857142857,35.5,14.8,0.0,58,8,1,0,0,0.9138076496466615,0.4061472386305789,0,2024
2024-03-08,wagholi,0,0.0,1.0,15.491666666666667,28.42440476190476,-1.2422619047619041,26,40.285714285714285,-1.5714285714285714,36.9,13.3,0.0,59,8,1,0,0,0.9206588168102428,0.3903682146763026,0,2024
2024-03-09,wagholi,0,0.0,1.0,15.020833333333334,24.121428571428574,-4.302976190476191,22,38.714285714285715,-1.5714285714285714,35.4,15.9,0.0,60,8,1,0,0,0.9272375462179537,0.374473674486883,0,2024
2024-03-10,wagholi,0,0.0,1.0,19.05,21.00238095238095,-3.119047619047618,25,35.857142857142854,-2.857142857142857,36.4,15.4,0.0,61,8,1,0,0,0.9335418911179212,0.35846832151248087,0,2024
2024-03-11,wagholi,0,0.0,1.0,22.287499999999998,20.29583333333333,-0.706547619047619,25,30.857142857142858,-5.0,36.5,15.6,0.0,62,8,1,0,0,0.9395699859530622,0.342356891994542,0,2024
2024-03-12,wagholi,0,0.0,1.0,22.037499999999998,20.660714285714285,0.3648809523809519,29,27.428571428571427,-3.4285714285714284,37.8,19.3,0.0,63,8,1,0,0,0.945320046913132,0.3261441535642696,0,2024
2024-03-13,wagholi,0,0.0,1.0,21.095833333333335,20.46309523809524,-0.19761904761904805,28,26.428571428571427,-1.0,36.7,18.4,0.0,64,8,1,0,0,0.9507903724625832,0.3098349038318025,0,2024
2024-03-14,wagholi,0,0.0,1.0,24.47083333333333,19.48392857142857,-0.9791666666666663,31,25.428571428571427,-1.0,36.6,18.3,0.0,65,8,1,0,0,0.9559793438440766,0.2934339689665273,0,2024
2024-03-15,wagholi,0,0.0,1.0,28.5,19.922023809523807,0.43809523809523754,29,26.571428571428573,1.1428571428571428,36.2,20.7,0.0,66,8,1,0,0,0.9608854255574977,0.27694620226893646,0,2024
2024-03-16,wagholi,0,0.0,1.0,34.65833333333333,21.780357142857138,1.8583333333333332,37,27.0,0.42857142857142855,37.2,21.3,0.0,67,8,1,0,0,0.9655071658143364,0.2603764827344581,0,2024
2024-03-17,wagholi,0,0.0,1.0,35.37916666666667,24.58571428571429,2.8053571428571424,31,29.142857142857142,2.142857142857143,37.5,23.0,0.0,68,8,1,0,0,0.969843196967294,0.24372971360968387,0,2024
2024-03-18,wagholi,0,0.0,1.0,33.270833333333336,26.91845238095238,2.3327380952380956,23,30.0,0.8571428571428571,36.2,22.8,0.0,69,8,1,0,0,0.9738922359149924,0.22701082094141847,0,2024
2024-03-19,wagholi,0,0.0,1.0,29.15833333333333,28.487500000000004,1.5690476190476197,26,29.714285714285715,-0.2857142857142857,36.2,16.5,0.0,70,8,1,0,0,0.9776530844816641,0.2102247521189836,0,2024
2024-03-20,wagholi,0,0.0,1.0,16.029166666666665,29.50476190476191,1.0172619047619047,22,29.285714285714285,-0.42857142857142855,36.2,13.9,0.0,71,8,1,0,0,0.981124629771712,0.19337647441020586,0,2024
2024-03-21,wagholi,0,0.0,1.0,24.120833333333334,28.78095238095238,-0.7238095238095242,22,28.428571428571427,-0.8571428571428571,36.3,17.0,0.0,72,8,1,0,0,0.984305844499033,0.17647097349152166,0,2024
2024-03-22,wagholi,0,0.0,1.0,46.72083333333333,28.73095238095238,-0.0499999999999997,34,27.142857142857142,-1.2857142857142858,37.4,17.3,0.0,73,8,1,0,0,0.9871957872910085,0.15951325197263655,0,2024
2024-03-23,wagholi,0,0.0,1.0,41.62083333333333,31.333928571428572,2.6029761904761903,36,27.857142857142858,0.7142857142857143,37.5,24.2,0.0,74,8,1,0,0,0.9897936029670716,0.14250832791617088,0,2024
2024-03-24,wagholi,0,0.0,1.0,29.170833333333334,32.32857142857143,0.9946428571428569,28,27.714285714285715,-0.14285714285714285,38.5,13.9,0.0,75,8,1,0,1,0.992098522791769,0.12546123335273648,0,2024
2024-03-25,wagholi,0,0.0,1.0,27.708333333333332,31.441666666666663,-0.8869047619047622,37,27.285714285714285,-0.42857142857142855,38.8,8.0,0.0,76,8,1,0,1,0.9941098647022418,0.10837701279187609,0,2024
2024-03-26,wagholi,0,0.0,1.0,30.412499999999998,30.64702380952381,-0.7946428571428577,36,29.285714285714285,2.0,39.3,18.3,0.0,77,8,1,0,1,0.9958270335100595,0.09126072172931188,0,2024
2024-03-27,wagholi,0,0.0,1.0,33.44166666666667,30.826190476190476,0.17916666666666664,35,30.714285714285715,1.4285714285714286,41.1,18.4,0.0,78,8,1,0,1,0.9972495210773451,0.07411742515094437,0,2024
2024-03-28,wagholi,0,0.0,1.0,35.670833333333334,33.31369047619047,2.4875000000000007,36,32.57142857142857,1.8571428571428572,39.8,25.8,0.0,79,8,1,0,1,0.998376906467142,0.056952196034039754,0,2024
2024-03-29,wagholi,0,0.0,1.0,37.56666666666667,34.96369047619048,1.6500000000000001,36,34.57142857142857,2.0,40.5,22.0,0.4,80,8,1,0,1,0.9992088560679753,0.03977011384605572,0,2024
2024-03-30,wagholi,0,0.0,1.0,40.05833333333333,33.65595238095238,-1.3077380952380946,37,34.857142857142854,0.2857142857142857,39.5,18.8,0.0,81,8,1,0,1,0.9997451236925734,0.022576263041545485,0,2024
2024-03-31,wagholi,0,0.0,1.0,30.974999999999998,33.43273809523809,-0.22321428571428573,28,35.0,0.14285714285714285,39.1,18.9,0.0,82,8,1,0,0,0.9999855506507186,0.005375731557583884,0,2024
2024-04-01,wagholi,0,0.0,1.0,29.541666666666668,33.69047619047619,0.2577380952380948,22,35.0,0.0,40.2,23.1,0.0,83,8,1,0,0,0.9999300657962057,-0.011826390691832589,0,2024
2024-04-02,wagholi,0,0.0,1.0,34.770833333333336,33.952380952380956,0.26190476190476225,28,32.857142857142854,-2.142857142857143,39.9,21.3,0.0,84,8,1,0,0,0.9995786855478958,-0.029025013321975237,0,2024
2024-04-03,wagholi,0,0.0,1.0,31.15833333333333,34.575,0.6226190476190483,34,31.714285714285715,-1.1428571428571428,39.8,25.1,0.0,85,8,1,0,0,0.9989315138848577,-0.046215046983708354,0,2024
2024-04-04,wagholi,0,0.0,1.0,27.120833333333334,34.24880952380952,-0.3261904761904769,30,31.571428571428573,-0.14285714285714285,41.0,22.8,0.0,86,8,1,0,0,0.9979887423155984,-0.06339140486951038,0,2024
2024-04-05,wagholi,0,0.0,1.0,25.391666666666666,33.02738095238095,-1.2214285714285715,29,30.714285714285715,-0.8571428571428571,40.7,17.8,0.0,87,8,1,0,0,0.9967506498213929,-0.08054900421874167,0,2024
2024-04-06,wagholi,0,0.0,1.0,19.595833333333335,31.28809523809524,-1.739285714285715,23,29.714285714285715,-1.0,40.0,18.6,0.0,88,8,1,0,0,0.9952176027737294,-0.09768276782171598,0,2024
2024-04-07,wagholi,0,0.0,1.0,22.170833333333334,28.364880952380954,-2.923214285714285,21,27.714285714285715,-2.0,39.7,28.4,0.0,89,8,1,0,0,0.9933900548258936,-0.11478762552212701,0,2024
2024-04-08,wagholi,0,0.0,1.0,16.045833333333334,27.107142857142858,-1.2577380952380948,16,26.714285714285715,-1.0,39.4,20.4,0.0,90,8,1,0,0,0.9912685467787256,-0.13185851571739118,0,2024
2024-04-09,wagholi,0,0.0,1.0,25.34166666666667,25.179166666666667,-1.9279761904761905,32,25.857142857142858,-0.8571428571428571,39.8,20.1,0.0,91,8,1,0,0,0.9888537064205885,-0.1488903868564548,0,2024
2024-04-10,wagholi,0,0.0,1.0,31.28333333333333,23.83214285714286,-1.3470238095238096,32,26.428571428571427,0.5714285714285714,39.5,22.5,0.0,92,8,1,0,0,0.986146248341595,-0.16587819893463143,0,2024
2024-04-11,wagholi,0,0.0,1.0,31.679166666666664,23.85,0.017857142857142856,28,26.142857142857142,-0.2857142857142857,39.6,25.6,0.0,93,8,1,0,0,0.9831469737221499,-0.1828169249850199,0,2024
2024-04-12,wagholi,0,0.0,1.0,30.516666666666666,24.501190476190477,0.6511904761904758,28,25.857142857142858,-0.2857142857142857,39.8,26.6,0.0,94,8,1,0,0,0.9798567700958665,-0.1997015525660636,0,2024
2024-04-13,wagholi,0,0.0,1.0,29.270833333333332,25.23333333333333,0.7321428571428571,30,25.714285714285715,-0.14285714285714285,39.2,22.7,0.0,95,8,1,0,0,0.9762766110869321,-0.21652708524481437,0,2024
2024-04-14,wagholi,0,0.0,1.0,27.641666666666666,26.61547619047619,1.3821428571428567,39,26.714285714285715,1.0,39.5,21.5,0.0,96,8,1,0,0,0.9724075561219968,-0.23328854407545518,0,2024
2024-04-15,wagholi,0,0.0,1.0,25.6875,27.39702380952381,0.7815476190476188,39,29.285714285714285,2.5714285714285716,40.6,18.9,0.0,97,8,1,0,0,0.9682507501166718,-0.2499809690726521,0,2024
2024-04-16,wagholi,0,0.0,1.0,31.891666666666666,28.77440476190476,1.3773809523809522,33,32.57142857142857,3.2857142857142856,40.5,19.9,0.0,98,8,1,0,0,0.9638074231367307,-0.26659942067929354,0,2024
2024-04-17,wagholi,0,0.0,1.0,42.541666666666664,29.71011904761904,0.9357142857142853,31,32.714285714285715,0.14285714285714285,41.1,19.7,0.0,99,8,1,0,0,0.9590788900341131,-0.28313898122818354,0,2024
2024-04-18,wagholi,0,0.0,1.0,30.758333333333336,31.31845238095238,1.6083333333333332,46,32.57142857142857,-0.14285714285714285,41.8,29.5,0.0,100,8,1,0,0,0.9540665500578387,-0.2995947563972602,0,2024
2024-04-19,wagholi,0,0.0,1.0,29.212500000000002,31.186904761904763,-0.13154761904761816,38,35.142857142857146,2.5714285714285716,41.4,31.8,0.0,101,8,1,0,0,0.9487718864399473,-0.31596187665790293,0,2024
2024-04-20,wagholi,0,0.0,1.0,32.604166666666664,31.000595238095237,-0.18630952380952337,40,36.57142857142857,1.4285714285714286,40.8,16.3,0.0,102,8,1,0,0,0.9431964659565866,-0.33223549871590435,0,2024
2024-04-21,wagholi,0,0.0,1.0,26.71666666666667,31.476785714285715,0.476190476190476,37,38.0,1.4285714285714286,40.0,20.0,0.0,103,8,1,0,0,0.9373419384643772,-0.3484108069446808,0,2024
2024-04-22,wagholi,0,0.0,1.0,29.645833333333332,31.344642857142855,-0.13214285714285673,30,37.714285714285715,-0.2857142857142857,40.4,17.9,0.0,104,8,1,0,0,0.9312100364121947,-0.3644830148102912,0,2024
2024-04-23,wagholi,0,0.0,1.0,30.458333333333332,31.910119047619048,0.5654761904761904,29,36.42857142857143,-1.2857142857142858,40.1,20.9,0.0,105,8,1,0,0,0.9248025743285089,-0.38044736628785164,0,2024
2024-04-24,wagholi,0,0.0,1.0,32.75416666666667,31.705357142857142,-0.20476190476190478,35,35.857142857142854,-0.5714285714285714,40.0,16.7,0.0,106,8,1,0,0,0.9181214482844364,-0.39629913726891813,0,2024
2024-04-25,wagholi,0,0.0,1.0,32.37916666666667,30.307142857142857,-1.398214285714285,39,36.42857142857143,0.5714285714285714,40.0,30.3,2.0,0,8,1,0,0,0.9111686353326631,-0.41203363695942635,0,2024
2024-04-26,wagholi,0,0.0,1.0,32.512499999999996,30.538690476190478,0.23154761904761909,30,35.42857142857143,-1.0,40.4,22.9,0.0,1,8,1,0,0,0.9039461929224011,-0.42764620926777464,0,2024
2024-04-27,wagholi,0,0.0,1.0,38.18333333333333,31.010119047619046,0.47142857142857053,31,34.285714285714285,-1.1428571428571428,40.9,14.4,0.0,2,8,1,0,0,0.8964562582905575,-0.44313223418263453,0,2024
2024-04-28,wagholi,0,0.0,1.0,28.537499999999998,31.807142857142857,0.7970238095238094,28,33.0,-1.2857142857142858,42.1,23.4,0.0,3,8,1,0,0,0.8887010478292915,-0.45848712914008766,0,2024
2024-04-29,wagholi,0,0.0,1.0,26.608333333333334,32.06726190476191,0.26011904761904703,23,31.714285714285715,-1.2857142857142858,42.1,18.1,0.0,4,8,1,0,0,0.8806828564301475,-0.47370635037968,0,2024
2024-04-30,wagholi,0,0.0,1.0,22.641666666666666,31.633333333333333,-0.4339285714285711,18,30.714285714285715,-1.0,42.7,21.3,0.0,5,8,1,0,0,0.8724040568049612,-0.48878539428899265,0,2024
2024-05-01,wagholi,0,0.0,1.0,21.266666666666666,30.51666666666667,-1.1166666666666667,26,29.142857142857142,-1.5714285714285714,39.9,24.9,0.0,6,8,1,0,0,0.8638670987837349,-0.503719798736334,0,2024
2024-05-02,wagholi,0,0.0,1.0,26.308333333333334,28.875595238095237,-1.6410714285714292,33,27.857142857142858,-1.2857142857142858,40.5,21.1,0.0,7,8,1,0,0,0.8550745085896932,-0.518505144391157,0,2024
2024-05-03,wagholi,0,0.0,1.0,28.3875,28.008333333333333,-0.8672619047619052,35,27.0,-0.8571428571428571,41.3,19.1,0.0,8,8,1,0,0,0.8460288880917339,-0.533137056031809,0,2024
2024-05-04,wagholi,0,0.0,1.0,27.854166666666668,27.41904761904762,-0.5892857142857137,40,27.714285714285715,0.7142857142857143,41.4,20.9,0.0,9,8,1,0,0,0.8367329140344921,-0.5476112038402312,0,2024
2024-05-05,wagholi,0,0.0,1.0,21.5,25.94345238095238,-1.4755952380952375,42,29.0,1.2857142857142858,41.1,23.1,0.0,10,8,1,0,0,0.8271893372462497,-0.5619233046832195,0,2024
2024-05-06,wagholi,0,0.0,1.0,18.849999999999998,24.938095238095237,-1.0053571428571426,44,31.0,2.0,39.6,22.0,0.0,11,8,1,0,0,0.8174009818249189,-0.5760691233798758,0,2024
2024-05-07,wagholi,0,0.0,1.0,18.266666666666666,23.829761904761902,-1.1083333333333338,53,34.0,3.0,38.9,23.9,0.0,12,8,1,0,0,0.8073707443023492,-0.5900444739548627,0,2024
2024-05-08,wagholi,0,0.0,1.0,19.733333333333334,23.204761904761906,-0.625,56,39.0,5.0,40.4,25.2,0.0,13,8,1,0,0,0.7971015927871943,-0.6038452208771035,0,2024
2024-05-09,wagholi,0,0.0,1.0,20.166666666666668,22.985714285714284,-0.21904761904761877,55,43.285714285714285,4.285714285714286,39.7,23.7,0.1,14,8,1,0,0,0.7865965660866021,-0.6174672802835514,0,2024
2024-05-10,wagholi,0,0.0,1.0,25.229166666666668,22.10833333333333,-0.8773809523809523,61,46.42857142857143,3.142857142857143,38.6,17.1,4.4,0,8,1,0,0,0.7758587728069828,-0.6309066211876704,0,2024
2024-05-11,wagholi,0,0.0,1.0,24.554166666666664,21.657142857142855,-0.4511904761904759,55,50.142857142857146,3.7142857142857144,37.9,17.3,3.4,0,8,1,0,0,0.7648913904341225,-0.6441592666722685,0,2024
2024-05-12,wagholi,0,0.0,1.0,28.670833333333334,21.185714285714287,-0.47142857142857203,53,52.285714285714285,2.142857142857143,36.4,14.1,9.0,0,8,1,0,0,0.753697664392914,-0.6572212950663319,0,2024
2024-05-13,wagholi,0,0.0,1.0,39.420833333333334,22.21011904761905,1.024404761904762,51,53.857142857142854,1.5714285714285714,36.1,14.8,4.3,0,8,1,0,0,0.742280907086982,-0.6700888411055113,0,2024
2024-05-14,wagholi,0,0.0,1.0,34.47083333333333,25.148809523809526,2.9386904761904766,51,54.857142857142854,1.0,38.4,26.5,0.0,1,8,1,0,0,0.7306444969184916,-0.6827580970759147,0,2024
2024-05-15,wagholi,0,0.0,1.0,31.166666666666668,27.463690476190475,2.3148809523809524,47,54.57142857142857,-0.2857142857142857,38.7,10.6,0.0,2,8,1,0,0,0.7187918772884232,-0.6952253139408722,0,2024
2024-05-16,wagholi,0,0.0,1.0,29.587500000000002,29.09702380952381,1.6333333333333333,51,53.285714285714285,-1.2857142857142858,39.5,13.9,3.1,0,8,1,0,0,0.7067265555776158,-0.7074868024503348,0,2024
2024-05-17,wagholi,0,0.0,1.0,44.800000000000004,30.442857142857143,1.3458333333333334,59,52.714285714285715,-0.5714285714285714,38.1,19.6,11.1,0,8,1,0,0,0.6944521021088763,-0.719538934232584,0,2024
2024-05-18,wagholi,0,0.0,1.0,57.7125,33.23869047619048,2.795833333333334,51,52.42857142857143,-0.2857142857142857,39.6,14.5,0.5,1,8,1,0,0,0.6819721490904629,-0.7313781428679254,0,2024
2024-05-19,wagholi,0,0.0,1.0,42.541666666666664,37.97559523809524,4.7369047619047615,53,51.857142857142854,-0.5714285714285714,39.4,25.3,0.6,2,8,1,0,0,0.6692903895412567,-0.7430009249440493,0,2024
2024-05-20,wagholi,0,0.0,1.0,32.75,39.957142857142856,1.9815476190476187,57,51.857142857142854,0.0,42.2,24.7,10.4,0,8,1,0,0,0.6564105761979381,-0.7544038410927472,0,2024
2024-05-21,wagholi,0,0.0,1.0,24.40416666666667,39.00416666666666,-0.9529761904761906,52,52.714285714285715,0.8571428571428571,42.0,28.2,0.0,1,8,1,0,0,0.6433365204044917,-0.765583517007675,0,2024
2024-05-22,wagholi,0,0.0,1.0,31.495833333333334,37.566071428571426,-1.4380952380952376,52,52.857142857142854,0.14285714285714285,40.2,25.0,0.0,2,8,1,0,0,0.6300720909843687,-0.7765366444428655,0,2024
2024-05-23,wagholi,0,0.0,1.0,33.512499999999996,37.61309523809524,0.04702380952380939,59,53.57142857142857,0.7142857142857143,40.8,28.0,1.4,0,8,1,0,0,0.6166212130956382,-0.7872599821916922,0,2024
2024-05-24,wagholi,0,0.0,1.0,28.004166666666666,38.17380952380953,0.5607142857142848,57,54.714285714285715,1.1428571428571428,37.5,27.1,0.9,1,8,1,0,0,0.6029878670694714,-0.7977503570459932,0,2024
2024-05-25,wagholi,0,0.0,1.0,18.266666666666666,35.77440476190476,-2.3994047619047625,60,54.42857142857143,-0.2857142857142857,36.1,31.2,2.1,0,8,1,0,0,0.5891760872322963,-0.8080046647350754,0,2024
2024-05-26,wagholi,0,0.0,1.0,20.108333333333334,30.139285714285712,-5.635119047619048,64,55.714285714285715,1.2857142857142858,36.2,27.3,0.0,1,8,1,0,0,0.5751899607119775,-0.8180198708443174,0,2024
2024-05-27,wagholi,0,0.0,1.0,19.754166666666666,26.934523809523807,-3.2047619047619045,68,57.285714285714285,1.5714285714285714,34.5,28.2,0.0,2,8,1,0,0,0.5610336262283677,-0.8277930117131022,0,2024
2024-05-28,wagholi,0,0.0,1.0,18.783333333333335,25.07797619047619,-1.8565476190476191,63,58.857142857142854,1.5714285714285714,35.7,32.2,0.0,3,8,1,0,0,0.5467112728685939,-0.8373211953118121,0,2024
2024-05-29,wagholi,0,0.0,1.0,17.808333333333334,24.275,-0.8029761904761905,62,60.42857142857143,1.5714285714285714,36.2,28.1,0.0,4,8,1,0,0,0.5322271388474397,-0.8466016020976267,0,2024
2024-05-30,wagholi,0,0.0,1.0,18.345833333333335,22.319642857142856,-1.9553571428571428,60,61.857142857142854,1.4285714285714286,37.8,22.9,0.0,5,8,1,0,0,0.5175855102531889,-0.8556314858488706,0,2024
2024-05-31,wagholi,0,0.0,1.0,15.958333333333334,20.15297619047619,-2.1666666666666656,62,62.0,0.14285714285714285,37.7,24.5,0.0,6,8,1,0,0,0.5027907197793043,-0.8644081744776648,0,2024
2024-06-01,wagholi,0,0.0,1.0,16.408333333333335,18.432142857142857,-1.7208333333333332,60,62.714285714285715,0.7142857142857143,37.8,23.6,0.0,7,8,1,0,0,0.4878471454423119,-0.8729290708206411,0,2024
2024-06-02,wagholi,0,0.0,1.0,16.791666666666668,18.166666666666668,-0.2654761904761901,54,62.714285714285715,0.0,38.0,19.1,0.0,8,8,1,0,0,0.47275920928627757,-0.881191653407483,0,2024
2024-06-03,wagholi,0,0.0,1.0,24.204166666666666,17.692857142857143,-0.4738095238095238,55,61.285714285714285,-1.4285714285714286,38.7,18.7,1.0,0,8,1,0,0,0.4575313760742512,-0.8891934772070711,0,2024
2024-06-04,wagholi,0,0.0,1.0,22.041666666666668,18.32857142857143,0.6357142857142856,81,59.42857142857143,-1.8571428571428572,32.3,17.5,22.2,0,8,1,0,0,0.44216815196707204,-0.8969321743510065,0,2024
2024-06-05,wagholi,0,0.0,1.0,12.108333333333334,18.79404761904762,0.46547619047619043,78,62.0,2.5714285714285716,33.5,17.3,6.4,0,8,1,0,0,0.42667408318992467,-0.9044054548343001,0,2024
2024-06-06,wagholi,0,0.0,1.0,13.420833333333334,17.979761904761904,-0.8142857142857142,77,64.28571428571429,2.2857142857142856,34.3,17.7,5.1,0,8,1,0,0,0.4110537546870351,-0.9116111071930239,0,2024
2024-06-07,wagholi,0,0.0,1.0,22.95,17.276190476190475,-0.7035714285714286,74,66.71428571428571,2.4285714285714284,35.3,26.7,4.2,0,8,1,0,0,0.3953117887649151,-0.9185469991587165,0,2024
2024-06-08,wagholi,0,0.0,1.0,26.40833333333333,18.275000000000002,0.9988095238095236,78,68.42857142857143,1.7142857142857142,34.0,17.2,8.9,0,8,1,0,0,0.37945284372454435,-0.925211078289358,0,2024
2024-06-09,wagholi,0,0.0,1.0,24.0625,19.70357142857143,1.4285714285714282,82,71.0,2.5714285714285716,29.3,15.8,2.4,0,8,1,0,0,0.36348161248290634,-0.9316013725767187,0,2024
2024-06-10,wagholi,0,0.0,1.0,20.420833333333334,20.742261904761904,1.038690476190476,83,75.0,4.0,29.2,25.7,17.2,0,8,1,0,0,0.3474028211842774,-0.9377159910299093,0,2024
2024-06-11,wagholi,0,0.0,1.0,11.633333333333333,20.201785714285712,-0.5404761904761902,83,79.0,4.0,29.7,19.0,16.6,0,8,1,0,0,0.3312212278016865,-0.9435531242349544,0,2024
2024-06-12,wagholi,0,0.0,1.0,12.704166666666666,18.714880952380952,-1.4869047619047622,82,79.28571428571429,0.2857142857142857,29.2,19.9,8.3,0,8,1,0,0,0.31494162072895193,-0.9491110448902284,0,2024
2024-06-13,wagholi,0,0.0,1.0,7.2749999999999995,18.8,0.08511904761904734,80,79.85714285714286,0.5714285714285714,30.5,20.3,8.3,0,8,1,0,0,0.2985688173637202,-0.9543881083175908,0,2024
2024-06-14,wagholi,0,0.0,1.0,7.841666666666666,17.92202380952381,-0.8779761904761907,77,80.28571428571429,0.42857142857142855,29.3,19.4,6.2,0,8,1,0,0,0.2821076626819194,-0.9593827529490743,0,2024
2024-06-15,wagholi,0,0.0,1.0,8.208333333333334,15.763690476190476,-2.1583333333333337,78,80.71428571428571,0.42857142857142855,30.6,17.3,10.4,0,8,1,0,0,0.26556302780405594,-0.9640935007889755,0,2024
2024-06-16,wagholi,0,0.0,1.0,11.579166666666666,13.163690476190476,-2.599999999999999,79,80.71428571428571,0.0,32.0,17.4,3.8,0,8,1,0,0,0.24893980855376657,-0.9685189578512204,0,2024
2024-06-17,wagholi,0,0.0,1.0,12.354166666666666,11.380357142857141,-1.7833333333333334,78,80.28571428571429,-0.42857142857142855,31.7,17.4,5.0,0,8,1,0,0,0.23224292400907015,-0.9726578145718654,0,2024
2024-06-18,wagholi,0,0.0,1.0,9.304166666666667,10.22797619047619,-1.1523809523809525,78,79.57142857142857,-0.7142857142857143,31.5,23.1,6.0,0,8,1,0,0,0.21547731504673012,-0.976508846196619,0,2024
2024-06-19,wagholi,0,0.0,1.0,7.070833333333333,9.895238095238096,-0.3327380952380951,77,78.85714285714286,-0.7142857142857143,29.5,25.0,0.5,1,8,1,0,0,0.19864794288017112,-0.9800709131432666,0,2024
2024-06-20,wagholi,0,0.0,1.0,5.5625,9.09047619047619,-0.8047619047619047,80,78.14285714285714,-0.7142857142857143,30.8,24.5,5.3,0,8,1,0,0,0.18175978759137534,-0.9833429613388902,0,2024
2024-06-21,wagholi,0,0.0,1.0,9.029166666666667,8.845833333333333,-0.24464285714285708,76,78.14285714285714,0.0,30.9,25.6,1.2,0,8,1,0,0,0.16481784665719793,-0.9863240225317866,0,2024
2024-06-22,wagholi,0,0.0,1.0,11.304166666666667,9.01547619047619,0.16964285714285726,74,78.0,-0.14285714285714285,31.7,21.6,1.0,0,8,1,0,0,0.14782713347053048,-0.9890132145779883,0,2024
2024-06-23,wagholi,0,0.0,1.0,14.366666666666667,9.457738095238096,0.44226190476190474,75,77.42857142857143,-0.5714285714285714,31.4,16.6,2.8,0,8,1,0,0,0.13079267585675922,-0.9914097417023038,0,2024
2024-06-24,wagholi,0,0.0,1.0,10.679166666666667,9.855952380952383,0.3982142857142859,77,76.85714285714286,-0.5714285714285714,32.3,16.6,6.7,0,8,1,0,0,0.11371951458594969,-0.9935128947338007,0,2024
2024-06-25,wagholi,0,0.0,1.0,7.2124999999999995,9.616666666666665,-0.23928571428571413,81,76.71428571428571,-0.14285714285714285,32.0,20.4,14.6,0,8,1,0,0,0.0966127018812031,-0.9953220513156602,0,2024
2024-06-26,wagholi,0,0.0,1.0,3.1374999999999997,9.317857142857145,-0.29880952380952397,80,77.14285714285714,0.42857142857142855,31.9,28.0,9.1,0,8,1,0,0,0.07947729992362097,-0.9968366760893436,0,2024
2024-06-27,wagholi,0,0.0,1.0,4.35,8.755952380952381,-0.5619047619047619,79,77.57142857142857,0.42857142857142855,29.3,28.4,1.6,0,8,1,0,0,0.062318379354325076,-0.998056320853012,0,2024
2024-06-28,wagholi,0,0.0,1.0,3.9166666666666665,8.582738095238096,-0.17321428571428577,79,77.42857142857143,-0.14285714285714285,29.0,27.5,4.2,0,8,1,0,0,0.04514101777397193,-0.9989806246941579,0,2024
2024-06-29,wagholi,0,0.0,1.0,5.016666666666667,7.852380952380953,-0.7303571428571429,76,77.85714285714286,0.42857142857142855,30.5,26.2,1.7,0,8,1,0,0,0.02795029824021032,-0.999609314096404,0,2024
2024-06-30,wagholi,0,0.0,1.0,4.695833333333334,6.954166666666667,-0.8982142857142857,79,78.14285714285714,0.2857142857142857,30.4,25.3,4.7,0,8,1,0,0,0.01075130776352193,-0.9999422030204416,0,2024
2024-07-01,wagholi,0,0.0,1.0,4.3625,5.572619047619048,-1.3815476190476192,79,78.71428571428571,0.5714285714285714,29.3,33.0,3.7,0,8,1,0,0,-0.00645086419810515,-0.9999791929590823,0,2024
2024-07-02,wagholi,0,0.0,1.0,7.8,4.670238095238095,-0.9023809523809525,81,79.0,0.2857142857142857,28.8,28.4,7.9,0,8,1,0,0,-0.023651127245231586,-0.9997202729664083,0,2024
2024-07-03,wagholi,0,0.0,1.0,6.0125,4.754166666666667,0.08392857142857148,78,79.0,0.0,29.4,25.3,0.4,1,8,1,0,0,-0.04084439154329611,-0.9991655196610109,0,2024
2024-07-04,wagholi,0,0.0,1.0,3.766666666666667,5.164880952380953,0.41071428571428575,79,78.71428571428571,-0.2857142857142857,28.8,25.7,2.1,0,8,1,0,0,-0.05802556932878035,-0.9983150972033183,0,2024
2024-07-05,wagholi,0,0.0,1.0,3.966666666666667,5.081547619047619,-0.08333333333333323,78,78.71428571428571,0.0,29.8,29.9,2.8,0,8,1,0,0,-0.07518957641475855,-0.9971692572470178,0,2024
2024-07-06,wagholi,0,0.0,1.0,5.1375,5.088690476190476,0.007142857142857181,78,78.57142857142857,-0.14285714285714285,29.2,31.1,4.1,0,8,1,0,0,-0.09233133369539122,-0.9957283388645872,0,2024
2024-07-07,wagholi,0,0.0,1.0,5.129166666666666,5.105952380952381,0.017261904761904794,84,78.85714285714286,0.2857142857142857,26.9,17.8,5.7,0,8,1,0,0,-0.10944576864891556,-0.993992768446958,0,2024
2024-07-08,wagholi,0,0.0,1.0,5.579166666666667,5.167857142857143,0.06190476190476181,85,79.57142857142857,0.7142857142857143,28.8,18.5,50.9,0,8,1,0,0,-0.12652781683868314,-0.9919630595773397,0,2024
2024-07-09,wagholi,0,0.0,1.0,5.733333333333333,5.341666666666667,0.17380952380952383,84,80.42857142857143,0.8571428571428571,29.3,21.5,20.8,0,8,1,0,0,-0.1435724234118113,-0.9896398128792412,0,2024
2024-07-10,wagholi,0,0.0,1.0,7.258333333333333,5.046428571428572,-0.2952380952380952,77,80.85714285714286,0.42857142857142855,29.5,21.2,5.0,0,8,1,0,0,-0.16057454459499376,-0.9870237158387383,0,2024
2024-07-11,wagholi,0,0.0,1.0,6.05,5.224404761904762,0.17797619047619037,83,80.71428571428571,-0.14285714285714285,27.9,23.9,9.2,0,8,1,0,0,-0.17752914918703497,-0.984115542601034,0,2024
2024-07-12,wagholi,0,0.0,1.0,3.0041666666666664,5.550595238095238,0.3261904761904761,84,81.28571428571429,0.5714285714285714,27.5,25.0,6.0,0,8,1,0,0,-0.19443122004766195,-0.9809161537413774,0,2024
2024-07-13,wagholi,0,0.0,1.0,2.470833333333333,5.413095238095238,-0.13750000000000004,84,82.14285714285714,0.8571428571428571,27.5,30.3,13.1,0,8,1,0,0,-0.2112757555821793,-0.9774264960104055,0,2024
2024-07-14,wagholi,0,0.0,1.0,2.120833333333333,5.032142857142857,-0.380952380952381,91,83.0,0.8571428571428571,25.5,20.9,73.9,0,8,1,0,0,-0.2280577712215198,-0.9736476020539838,0,2024
2024-07-15,wagholi,0,0.0,1.0,9.204166666666667,4.602380952380953,-0.42976190476190473,82,84.0,1.0,29.5,22.0,4.4,0,8,1,0,0,-0.24477230089725957,-0.9695805901076308,0,2024
2024-07-16,wagholi,0,0.0,1.0,4.566666666666667,5.120238095238095,0.517857142857143,80,83.57142857142857,-0.42857142857142855,30.8,23.5,3.1,0,8,1,0,0,-0.2614143985111562,-0.965226663665613,0,2024
2024-07-17,wagholi,0,0.0,1.0,3.1166666666666667,4.953571428571428,-0.16666666666666657,84,83.0,-0.5714285714285714,28.3,23.2,10.1,0,8,1,0,0,-0.2779791393987801,-0.9605871111248129,0,2024
2024-07-18,wagholi,0,0.0,1.0,2.1791666666666667,4.361904761904762,-0.5916666666666666,85,84.0,1.0,27.2,27.6,6.0,0,8,1,0,0,-0.2944616217868012,-0.9556633054034704,0,2024
2024-07-19,wagholi,0,0.0,1.0,1.7916666666666667,3.8089285714285714,-0.5529761904761904,86,84.28571428571429,0.2857142857142857,26.5,27.8,7.5,0,8,1,0,0,-0.3108569682435036,-0.9504567035349151,0,2024
2024-07-20,wagholi,0,0.0,1.0,2.2375000000000003,3.6357142857142857,-0.17321428571428568,85,84.57142857142857,0.2857142857142857,27.5,30.2,14.6,0,8,1,0,0,-0.3271603271220951,-0.9449688462364056,0,2024
2024-07-21,wagholi,0,0.0,1.0,2.2416666666666667,3.6023809523809525,-0.03333333333333328,84,84.71428571428571,0.14285714285714285,27.8,28.7,5.5,0,8,1,0,0,-0.34336687399638804,-0.939201357453208,0,2024
2024-07-22,wagholi,0,0.0,1.0,1.6166666666666665,3.6196428571428574,0.017261904761904794,89,83.71428571428571,-1.0,25.6,29.2,16.9,0,8,1,0,0,-0.3594718130884232,-0.9331559438780432,0,2024
2024-07-23,wagholi,0,0.0,1.0,1.5666666666666667,2.5357142857142856,-1.0839285714285716,90,84.71428571428571,1.0,25.1,26.8,20.8,0,8,1,0,0,-0.3754703786876202,-0.9268343944460494,0,2024
2024-07-24,wagholi,0,0.0,1.0,2.8791666666666664,2.107142857142857,-0.4285714285714287,89,86.14285714285714,1.4285714285714286,25.5,30.0,24.6,0,8,1,0,0,-0.3913578365610259,-0.9202385798054075,0,2024
2024-07-25,wagholi,0,0.0,1.0,4.283333333333333,2.0732142857142857,-0.03392857142857147,91,86.85714285714286,0.7142857142857143,24.1,26.8,49.3,0,8,1,0,0,-0.4071294853542516,-0.9133704517637858,0,2024
2024-07-26,wagholi,0,0.0,1.0,7.116666666666667,2.373809523809524,0.3005952380952381,86,87.71428571428571,0.8571428571428571,26.8,29.3,11.0,0,8,1,0,0,-0.4227806579826773,-0.9062320427107697,0,2024
2024-07-27,wagholi,0,0.0,1.0,7.9624999999999995,3.1345238095238095,0.7607142857142858,86,87.71428571428571,0.0,26.7,35.4,6.5,0,8,1,0,0,-0.4383067230125192,-0.898825465016444,0,2024
2024-07-28,wagholi,0,0.0,1.0,4.0874999999999995,3.952380952380952,0.8178571428571428,87,87.85714285714286,0.14285714285714285,26.1,28.9,11.1,0,8,1,0,0,-0.45370308603134424,-0.8911529104063088,0,2024
2024-07-29,wagholi,0,0.0,1.0,3.704166666666667,4.2160714285714285,0.2636904761904761,87,88.28571428571429,0.42857142857142855,27.4,26.3,9.9,0,8,1,0,0,-0.46896519100763184,-0.8832166493127127,0,2024
2024-07-30,wagholi,0,0.0,1.0,6.5125,4.514285714285714,0.29821428571428577,82,88.0,-0.2857142857142857,28.8,27.2,6.0,0,8,1,0,0,-0.48408852163897587,-0.8750190302029955,0,2024
2024-07-31,wagholi,0,0.0,1.0,4.595833333333333,5.220833333333333,0.7065476190476191,85,86.85714285714286,-1.1428571428571428,26.9,23.1,18.6,0,8,1,0,0,-0.4990686026885319,-0.8665624788845385,0,2024
2024-08-01,wagholi,0,0.0,1.0,4.058333333333334,5.466071428571429,0.24523809523809526,82,86.28571428571429,-0.5714285714285714,27.8,29.4,2.0,0,8,1,0,0,-0.5139010013093103,-0.8578494977869301,0,2024
2024-08-02,wagholi,0,0.0,1.0,2.75,5.433928571428571,-0.03214285714285709,83,85.0,-1.2857142857142858,28.0,31.1,5.5,0,8,1,0,0,-0.5285813283559292,-0.8488826652214553,0,2024
2024-08-03,wagholi,0,0.0,1.0,2.5166666666666666,4.810119047619048,-0.6238095238095239,84,84.57142857142857,-0.42857142857142855,27.4,30.9,9.2,0,8,1,0,0,-0.5431052396834317,-0.8396646346181327,0,2024
2024-08-04,wagholi,0,0.0,1.0,2.525,4.0321428571428575,-0.7779761904761904,89,84.28571428571429,-0.2857142857142857,26.9,29.3,23.8,0,8,1,0,0,-0.5574684374327892,-0.8301981337405212,0,2024
2024-08-05,wagholi,0,0.0,1.0,6.05,3.8089285714285714,-0.22321428571428564,82,84.57142857142857,0.2857142857142857,28.4,27.7,3.5,0,8,1,0,0,-0.5716666713027052,-0.8204859638785327,0,2024
2024-08-06,wagholi,0,0.0,1.0,5.2625,4.144047619047619,0.33511904761904754,79,83.85714285714286,-0.7142857142857143,29.0,26.2,0.9,1,8,1,0,0,-0.5856957398073508,-0.8105309990194823,0,2024
2024-08-07,wagholi,0,0.0,1.0,5.758333333333333,3.9654761904761906,-0.17857142857142858,81,83.42857142857143,-0.42857142857142855,28.4,24.5,3.5,0,8,1,0,0,-0.5995514915196489,-0.8003361849976323,0,2024
2024-08-08,wagholi,0,0.0,1.0,7.608333333333333,4.131547619047619,0.1660714285714285,80,82.85714285714286,-0.5714285714285714,28.8,23.4,1.9,0,8,1,0,0,-0.6132298262997502,-0.7899045386224707,0,2024
2024-08-09,wagholi,0,0.0,1.0,8.112499999999999,4.638690476190476,0.5071428571428571,87,82.57142857142857,-0.2857142857142857,25.7,20.3,6.6,0,8,1,0,0,-0.6267266965083301,-0.7792391467859886,0,2024
2024-08-10,wagholi,0,0.0,1.0,6.970833333333334,5.404761904761904,0.7660714285714284,83,83.14285714285714,0.5714285714285714,29.3,24.2,2.7,0,8,1,0,0,-0.6400381082043503,-0.7683431655492202,0,2024
2024-08-11,wagholi,0,0.0,1.0,6.991666666666667,6.041071428571429,0.6363095238095239,80,83.0,-0.14285714285714285,28.9,24.1,1.4,0,8,1,0,0,-0.65316012232693,-0.7572198192083127,0,2024
2024-08-12,wagholi,0,0.0,1.0,7.841666666666666,6.679166666666667,0.6380952380952382,80,81.71428571428571,-1.2857142857142858,29.3,21.6,1.0,0,8,1,0,0,-0.666088855860977,-0.7458723993404063,0,2024
2024-08-13,wagholi,0,0.0,1.0,12.408333333333333,6.935119047619048,0.2559523809523809,79,81.42857142857143,-0.2857142857142857,30.6,16.4,0.6,1,8,1,0,0,-0.6788204829862355,-0.734304263829602,0,2024
2024-08-14,wagholi,0,0.0,1.0,19.395833333333332,7.9559523809523816,1.0208333333333333,79,81.42857142857143,0.0,30.5,19.4,0.5,2,8,1,0,0,-0.6913512362094071,-0.722518835873311,0,2024
2024-08-15,wagholi,0,0.0,1.0,21.537499999999998,9.904166666666667,1.9482142857142857,77,81.14285714285714,-0.2857142857142857,31.6,19.5,0.2,3,8,1,0,0,-0.7036774074790128,-0.7105196029692745,0,2024
2024-08-16,wagholi,0,0.0,1.0,18.504166666666666,11.894047619047617,1.989880952380952,77,80.71428571428571,-0.42857142857142855,31.7,19.2,0.7,4,8,1,0,0,-0.7157953492826642,-0.6983101158835584,0,2024
2024-08-17,wagholi,0,0.0,1.0,22.625,13.37857142857143,1.4845238095238096,82,79.28571428571429,-1.4285714285714286,30.5,13.4,3.8,0,8,1,0,0,-0.7277014757264236,-0.6858939875998223,0,2024
2024-08-18,wagholi,0,0.0,1.0,14.049999999999999,15.614880952380954,2.2363095238095236,88,79.14285714285714,-0.14285714285714285,30.1,11.3,42.3,0,8,1,0,0,-0.7393922635959241,-0.673274892250183,0,2024
2024-08-19,wagholi,0,0.0,1.0,12.945833333333333,16.623214285714287,1.008333333333333,85,80.28571428571429,1.1428571428571428,30.8,10.0,10.3,0,8,1,0,0,-0.7508642533989489,-0.6604565640279754,0,2024
2024-08-20,wagholi,0,0.0,1.0,15.112499999999999,17.35238095238095,0.7291666666666667,83,81.0,0.7142857142857143,30.3,13.4,11.5,0,8,1,0,0,-0.7621140503891487,-0.6474427960827475,0,2024
2024-08-21,wagholi,0,0.0,1.0,15.095833333333333,17.738690476190474,0.38630952380952366,84,81.57142857142857,0.5714285714285714,31.4,14.5,5.9,0,8,1,0,0,-0.7731383255706026,-0.6342374393978054,0,2024
2024-08-22,wagholi,0,0.0,1.0,20.783333333333335,17.12440476190476,-0.6142857142857141,85,82.28571428571429,0.7142857142857143,30.2,13.7,15.5,0,8,1,0,0,-0.7839338166829201,-0.620844401650647,0,2024
2024-08-23,wagholi,0,0.0,1.0,10.345833333333333,17.01666666666667,-0.1077380952380947,88,83.42857142857143,1.1428571428571428,28.4,17.1,14.4,0,8,1,0,0,-0.7944973291665992,-0.6072676460566135,0,2024
2024-08-24,wagholi,0,0.0,1.0,3.4583333333333335,15.851190476190478,-1.1654761904761906,93,85.0,1.5714285714285714,24.5,21.1,49.2,0,8,1,0,0,-0.8048257371083452,-0.593511190196115,0,2024
2024-08-25,wagholi,0,0.0,1.0,2.2624999999999997,13.113095238095239,-2.738095238095238,88,86.57142857142857,1.5714285714285714,26.2,32.6,16.5,0,8,1,0,0,-0.8149159841660791,-0.5795791048257612,0,2024
2024-08-26,wagholi,0,0.0,1.0,3.7083333333333335,11.429166666666665,-1.6839285714285714,85,86.57142857142857,0.0,25.9,27.1,4.9,0,8,1,0,0,-0.8247650844733614,-0.5654755126737576,0,2024
2024-08-27,wagholi,0,0.0,1.0,2.4916666666666667,10.10952380952381,-1.319642857142857,81,86.57142857142857,0.0,27.7,29.7,5.9,0,8,1,0,0,-0.8343701235229538,-0.5512045872199277,0,2024
2024-08-28,wagholi,0,0.0,1.0,4.3875,8.306547619047619,-1.8029761904761903,80,86.28571428571429,-0.2857142857142857,28.5,30.6,2.8,0,8,1,0,0,-0.8437282590292712,-0.5367705514607103,0,2024
2024-08-29,wagholi,0,0.0,1.0,6.029166666666666,6.776785714285714,-1.5297619047619047,80,85.71428571428571,-0.5714285714285714,28.9,24.4,2.0,0,8,1,0,0,-0.8528367217694595,-0.522177676659508,0,2024
2024-08-30,wagholi,0,0.0,1.0,5.608333333333333,4.6690476190476184,-2.1077380952380955,81,85.0,-0.7142857142857143,28.5,22.2,2.9,0,8,1,0,0,-0.8616928164028522,-0.5074302810827518,0,2024
2024-08-31,wagholi,0,0.0,1.0,8.733333333333333,3.9922619047619046,-0.6767857142857142,85,84.0,-1.0,26.5,18.1,5.0,0,8,1,0,0,-0.8702939222685674,-0.49253272872205434,0,2024
2024-09-01,wagholi,0,0.0,1.0,11.583333333333334,4.745833333333333,0.7535714285714283,86,82.85714285714286,-1.1428571428571428,26.5,22.5,5.1,0,8,1,0,0,-0.8786374941610001,-0.4774894280028391,0,2024
2024-09-02,wagholi,0,0.0,1.0,6.5,6.077380952380952,1.3315476190476192,92,82.57142857142857,-0.2857142857142857,24.5,20.2,49.6,0,8,1,0,0,-0.886721063082993,-0.46230483047981086,0,2024
2024-09-03,wagholi,0,0.0,1.0,3.9875000000000003,6.476190476190475,0.3988095238095238,85,83.57142857142857,1.0,27.5,22.7,8.3,0,8,1,0,0,-0.8945422369764496,-0.4469834295196741,0,2024
2024-09-04,wagholi,0,0.0,1.0,6.870833333333334,6.689880952380952,0.21369047619047624,82,84.14285714285714,0.5714285714285714,27.9,26.3,1.1,0,8,1,0,0,-0.9020987014301837,-0.43152975897147144,0,2024
2024-09-05,wagholi,0,0.0,1.0,4.745833333333334,7.044642857142857,0.3547619047619048,85,84.42857142857143,0.2857142857142857,28.6,24.1,15.0,0,8,1,0,0,-0.9093882203647925,-0.4159483918249421,0,2024
2024-09-06,wagholi,0,0.0,1.0,6.479166666666667,6.861309523809524,-0.18333333333333318,83,85.14285714285714,0.7142857142857143,27.2,25.2,1.3,0,8,1,0,0,-0.9164086366943458,-0.4002439388573056,0,2024
2024-09-07,wagholi,0,0.0,1.0,6.675,6.985714285714286,0.12440476190476193,81,85.42857142857143,0.2857142857142857,28.8,23.4,1.3,0,8,1,0,0,-0.9231578729647039,-0.38442104726885545,0,2024
2024-09-08,wagholi,0,0.0,1.0,7.308333333333334,6.691666666666667,-0.29404761904761895,81,84.85714285714286,-0.5714285714285714,28.5,20.0,2.0,0,8,1,0,0,-0.9296339319682695,-0.3684843993077793,0,2024
2024-09-09,wagholi,0,0.0,1.0,7.4875,6.0809523809523816,-0.6107142857142858,82,84.14285714285714,-0.7142857142857143,29.2,22.4,2.1,0,8,1,0,0,-0.9358348973349941,-0.35243871088460327,0,2024
2024-09-10,wagholi,0,0.0,1.0,5.7749999999999995,6.22202380952381,0.14107142857142854,83,82.71428571428571,-1.4285714285714286,28.9,18.5,6.0,0,8,1,0,0,-0.9417589340994617,-0.33628873017668287,0,2024
2024-09-11,wagholi,0,0.0,1.0,5.125,6.477380952380953,0.2553571428571427,81,82.42857142857143,-0.2857142857142857,29.0,21.8,2.4,0,8,1,0,0,-0.9474042892438845,-0.32003923622313857,0,2024
2024-09-12,wagholi,0,0.0,1.0,9.4625,6.22797619047619,-0.24940476190476193,78,82.28571428571429,-0.14285714285714285,28.9,24.6,0.2,1,8,1,0,0,-0.9527692922168511,-0.30369503751065885,0,2024
2024-09-13,wagholi,0,0.0,1.0,12.429166666666667,6.901785714285714,0.6738095238095239,79,81.28571428571429,-1.0,28.6,21.4,1.1,0,8,1,0,0,-0.9578523554276669,-0.28726097055059635,0,2024
2024-09-14,wagholi,0,0.0,1.0,8.4125,7.751785714285715,0.85,80,80.71428571428571,-0.5714285714285714,28.4,23.5,0.9,1,8,1,0,0,-0.9626519747161487,-0.2707418984477642,0,2024
2024-09-15,wagholi,0,0.0,1.0,9.174999999999999,8.0,0.2482142857142857,81,80.57142857142857,-0.14285714285714285,27.9,21.4,2.2,0,8,1,0,0,-0.9671667297977312,-0.2541427094613622,0,2024
2024-09-16,wagholi,0,0.0,1.0,16.920833333333334,8.266666666666667,0.2666666666666665,78,80.57142857142857,0.0,29.2,16.2,1.0,0,8,1,0,0,-0.97139528468375,-0.23746831555846842,0,2024
2024-09-17,wagholi,0,0.0,1.0,21.083333333333332,9.614285714285716,1.3476190476190477,75,80.0,-0.5714285714285714,29.4,16.5,0.1,1,8,1,0,0,-0.9753363880767837,-0.2207236509605022,0,2024
2024-09-18,wagholi,0,0.0,1.0,26.429166666666664,11.801190476190476,2.186904761904762,75,78.85714285714286,-1.1428571428571428,29.7,14.8,0.0,2,8,1,0,0,-0.9789888737409319,-0.20391367068311472,0,2024
2024-09-19,wagholi,0,0.0,1.0,29.316666666666666,14.844642857142857,3.0434523809523806,77,78.0,-0.8571428571428571,29.9,14.0,0.0,3,8,1,0,0,-0.9823516608469237,-0.18704334906991657,0,2024
2024-09-20,wagholi,0,0.0,1.0,27.883333333333336,17.68095238095238,2.8363095238095233,81,77.85714285714286,-0.14285714285714285,29.7,18.2,1.5,0,8,1,0,0,-0.9854237542919524,-0.17011767832049052,0,2024
2024-09-21,wagholi,0,0.0,1.0,25.416666666666668,19.888690476190476,2.2077380952380956,80,78.14285714285714,0.2857142857142857,30.6,15.5,2.0,0,8,1,0,0,-0.9882042449941422,-0.15314166701312007,0,2024
2024-09-22,wagholi,0,0.0,1.0,27.729166666666668,22.317857142857143,2.429166666666667,81,78.14285714285714,0.0,31.2,11.9,13.4,0,8,1,0,0,-0.9906923101615609,-0.13612033862266704,0,2024
2024-09-23,wagholi,0,0.0,1.0,21.537499999999998,24.96845238095238,2.6505952380952382,87,78.14285714285714,0.0,29.8,13.0,13.0,0,8,1,0,0,-0.9928872135356962,-0.11905873003404988,0,2024
2024-09-24,wagholi,0,0.0,1.0,14.8375,25.627976190476193,0.6595238095238091,88,79.42857142857143,1.2857142857142858,30.6,11.1,41.1,0,8,1,0,0,-0.994788305609327,-0.10196189005174576,0,2024
2024-09-25,wagholi,0,0.0,1.0,6.558333333333334,24.735714285714288,-0.8922619047619046,91,81.28571428571429,1.8571428571428572,27.3,14.1,43.4,0,8,1,0,0,-0.9963950238187231,-0.08483487790576538,0,2024
2024-09-26,wagholi,0,0.0,1.0,2.5749999999999997,21.897023809523812,-2.8386904761904757,87,83.57142857142857,2.2857142857142856,26.7,21.1,9.6,0,8,1,0,0,-0.9977068927101168,-0.06768276175455162,0,2024
2024-09-27,wagholi,0,0.0,1.0,4.441666666666666,18.076785714285716,-3.8202380952380954,84,85.0,1.4285714285714286,27.0,26.9,2.9,0,8,1,0,0,-0.9987235240803972,-0.050510617185222886,0,2024
2024-09-28,wagholi,0,0.0,1.0,4.7124999999999995,14.72797619047619,-3.3488095238095243,81,85.42857142857143,0.42857142857142855,28.9,20.8,1.5,0,8,1,0,0,-0.9994446170919858,-0.033323525711631344,0,2024
2024-09-29,wagholi,0,0.0,1.0,10.804166666666667,11.770238095238096,-2.9577380952380956,83,85.57142857142857,0.14285714285714285,29.4,17.5,1.6,0,8,1,0,0,-0.9998699583618592,-0.016126573270657762,0,2024
2024-09-30,wagholi,0,0.0,1.0,21.7625,9.352380952380953,-2.417857142857143,80,85.85714285714286,0.2857142857142857,30.8,11.4,0.0,1,8,1,0,0,-0.9999994220246925,0.001075151282798226,0,2024
2024-10-01,wagholi,0,0.0,1.0,26.704166666666666,9.38452380952381,0.03214285714285735,81,84.85714285714286,-1.0,31.3,9.3,0.0,2,8,1,0,0,-0.999832969770105,0.018276557681691223,0,2024
2024-10-02,wagholi,0,0.0,1.0,36.395833333333336,11.079761904761906,1.695238095238095,85,83.85714285714286,-1.0,31.1,18.5,8.8,0,8,1,0,0,-0.9993706508539969,0.03547255575312556,0,2024
2024-10-03,wagholi,0,0.0,1.0,25.925,15.342261904761903,4.2625,82,83.0,-0.8571428571428571,30.8,19.4,0.3,1,8,1,0,0,-0.9986126020839734,0.052658056924614005,0,2024
2024-10-04,wagholi,0,0.0,1.0,20.825,18.67797619047619,3.335714285714286,83,82.28571428571429,-0.7142857142857143,29.8,15.0,1.9,0,8,1,0,0,-0.9975590477788613,0.06982797572987089,0,2024
2024-10-05,wagholi,0,0.0,1.0,23.133333333333336,21.01845238095238,2.3404761904761906,79,82.14285714285714,-0.14285714285714285,30.5,13.2,0.0,1,8,1,0,0,-0.9962102997023297,0.0869772313136861,0,2024
2024-10-06,wagholi,0,0.0,1.0,36.175000000000004,23.65,2.6315476190476197,81,81.85714285714286,-0.2857142857142857,30.8,13.7,0.4,2,8,1,0,0,-0.9945667569706337,0.1041007489354256,0,2024
2024-10-07,wagholi,0,0.0,1.0,36.4625,27.274404761904766,3.6244047619047626,73,81.57142857142857,-0.2857142857142857,31.7,15.7,0.0,3,8,1,0,0,-0.9926289059345095,0.121193461470736,0,2024
2024-10-08,wagholi,0,0.0,1.0,36.84583333333333,29.374404761904763,2.1,75,80.57142857142857,-1.0,31.4,11.7,0.3,4,8,1,0,0,-0.9903973200352558,0.1382503109109819,0,2024
2024-10-09,wagholi,0,0.0,1.0,32.545833333333334,30.82321428571429,1.4488095238095238,79,79.71428571428571,-0.8571428571428571,29.2,12.7,1.7,0,8,1,0,0,-0.9878726596350429,0.15526624985999563,0,2024
2024-10-10,wagholi,0,0.0,1.0,13.075000000000001,30.273214285714285,-0.5500000000000002,83,78.85714285714286,-0.8571428571428571,29.5,22.5,10.9,0,8,1,0,0,-0.9850556718215013,0.172236243027682,0,2024
2024-10-11,wagholi,0,0.0,1.0,10.525,28.4375,-1.8357142857142856,83,79.0,0.14285714285714285,30.0,20.1,16.5,0,8,1,0,0,-0.981947190186646,0.18915526872004093,0,2024
2024-10-12,wagholi,0,0.0,1.0,12.375,26.96607142857143,-1.4714285714285713,84,79.0,0.0,30.5,15.2,10.0,0,8,1,0,0,-0.9785481345802031,0.20601832032517084,0,2024
2024-10-13,wagholi,0,0.0,1.0,13.108333333333334,25.429166666666667,-1.5369047619047624,84,79.71428571428571,0.7142857142857143,30.5,12.1,6.6,0,8,1,0,0,-0.9748595108374125,0.22282040779479959,0,2024
2024-10-14,wagholi,0,0.0,1.0,11.216666666666667,22.133928571428573,-3.2952380952380955,83,80.14285714285714,0.42857142857142855,29.9,22.1,8.3,0,8,1,0,0,-0.9708824104813836,0.23955655912092708,0,2024
2024-10-15,wagholi,0,0.0,1.0,16.641666666666666,18.527380952380952,-3.6065476190476184,85,81.57142857142857,1.4285714285714286,29.6,10.3,3.1,0,8,1,0,0,-0.9666180104000972,0.2562218218071163,0,2024
2024-10-16,wagholi,0,0.0,1.0,23.28333333333333,15.641071428571427,-2.8863095238095235,84,83.0,1.4285714285714286,30.6,13.3,13.0,0,8,1,0,0,-0.9620675724981452,0.27281126433401914,0,2024
2024-10-17,wagholi,0,0.0,1.0,25.204166666666666,14.317857142857141,-1.3232142857142861,86,83.71428571428571,0.7142857142857143,29.8,12.5,3.7,0,8,1,0,0,-0.957232443323312,0.28931997761869527,0,2024
2024-10-18,wagholi,0,0.0,1.0,12.183333333333332,16.050595238095237,1.7327380952380949,85,84.14285714285714,0.42857142857142855,30.3,20.6,17.1,0,8,1,0,0,-0.9521140536681102,0.3057430764672831,0,2024
2024-10-19,wagholi,0,0.0,1.0,12.441666666666668,16.2875,0.23690476190476165,86,84.42857142857143,0.2857142857142857,30.2,11.0,22.3,0,8,1,0,0,-0.9467139181463862,0.3220757010206104,0,2024
2024-10-20,wagholi,0,0.0,1.0,9.716666666666667,16.29702380952381,0.009523809523809743,86,84.71428571428571,0.2857142857142857,29.0,11.7,6.1,0,8,1,0,0,-0.9410336347451197,0.3383130181923076,0,2024
2024-10-21,wagholi,0,0.0,1.0,10.35,15.8125,-0.48452380952380963,83,85.0,0.2857142857142857,28.4,11.5,5.7,0,8,1,0,0,-0.9350748843515574,0.3544502230989869,0,2024
2024-10-22,wagholi,0,0.0,1.0,13.933333333333332,15.688690476190475,-0.12380952380952388,83,85.0,0.0,28.9,9.2,0.7,1,8,1,0,0,-0.9288394302558068,0.3704825404820963,0,2024
2024-10-23,wagholi,0,0.0,1.0,28.425,15.301785714285714,-0.386904761904762,81,84.71428571428571,-0.2857142857142857,29.7,9.9,0.2,2,8,1,0,0,-0.9223291176290545,0.3864052261209853,0,2024
2024-10-24,wagholi,0,0.0,1.0,48.300000000000004,16.036309523809525,0.7345238095238099,73,84.28571428571429,-0.42857142857142855,29.9,9.8,0.0,3,8,1,0,0,-0.9155458729775467,0.40221356823680365,0,2024
2024-10-25,wagholi,0,0.0,1.0,49.012499999999996,19.335714285714285,3.299404761904763,65,82.42857142857143,-1.8571428571428572,30.3,10.2,0.0,4,8,1,0,0,-0.9084917035725082,0.41790288888678667,0,2024
2024-10-26,wagholi,0,0.0,1.0,37.104166666666664,24.59702380952381,5.2613095238095235,69,79.57142857142857,-2.857142857142857,30.6,10.7,0.0,5,8,1,0,0,-0.9011686968561569,0.4334685453485363,0,2024
2024-10-27,wagholi,0,0.0,1.0,39.199999999999996,28.120238095238097,3.523214285714285,70,77.14285714285714,-2.4285714285714284,31.6,12.7,0.0,6,8,1,0,0,-0.8935790198239952,0.4489059314938798,0,2024
2024-10-28,wagholi,0,0.0,1.0,45.487500000000004,32.332142857142856,4.211904761904761,68,74.85714285714286,-2.2857142857142856,31.5,10.7,0.0,7,8,1,0,0,-0.8857249183835637,0.4642104791518923,0,2024
2024-10-29,wagholi,0,0.0,1.0,56.15416666666667,37.35178571428571,5.019642857142857,71,72.71428571428571,-2.142857142857143,31.7,10.5,0.0,8,8,1,0,0,-0.8776087166898392,0.4793776594606945,0,2024
2024-10-30,wagholi,0,0.0,1.0,50.020833333333336,43.38333333333333,6.03154761904762,72,71.0,-1.7142857142857142,30.9,7.5,0.1,9,8,1,0,0,-0.8692328164574792,0.49440298420761813,0,2024
2024-10-31,wagholi,0,0.0,1.0,43.25833333333333,46.46845238095238,3.085119047619048,69,69.71428571428571,-1.2857142857142858,31.7,12.8,0.3,10,8,1,0,0,-0.8605996962501181,0.5092820071573356,0,2024
2024-11-01,wagholi,0,0.0,1.0,48.862500000000004,45.748214285714276,-0.7202380952380959,70,69.14285714285714,-0.5714285714285714,31.0,13.0,0.1,11,8,1,0,1,-0.8517119107469189,0.5240103253675756,0,2024
2024-11-02,wagholi,0,0.0,1.0,42.30416666666667,45.72678571428571,-0.02142857142857021,62,69.85714285714286,0.7142857142857143,31.4,12.6,0.0,12,8,1,0,1,-0.8425720899866032,0.5385835804920232,0,2024
2024-11-03,wagholi,0,0.0,1.0,43.49166666666667,46.46964285714286,0.7428571428571432,59,68.85714285714286,-1.0,31.5,13.2,0.0,13,8,1,0,1,-0.8331829385891785,0.5529974600700271,0,2024
2024-11-04,wagholi,0,0.0,1.0,48.18333333333334,47.08273809523809,0.6130952380952388,59,67.28571428571429,-1.5714285714285714,30.8,14.7,0.0,14,8,1,0,1,-0.8235472349556007,0.5672476988027229,0,2024
2024-11-05,wagholi,0,0.0,1.0,55.37083333333334,47.46785714285715,0.3851190476190475,57,66.0,-1.2857142857142858,30.7,13.2,0.0,15,8,1,0,1,-0.8136678304455991,0.5813300798152042,0,2024
2024-11-06,wagholi,0,0.0,1.0,46.27916666666667,47.35595238095238,-0.11190476190476163,56,64.0,-2.0,31.8,10.4,0.0,16,8,1,0,1,-0.8035476485339116,0.5952404359043674,0,2024
2024-11-07,wagholi,0,0.0,1.0,50.69166666666666,46.82142857142857,-0.5345238095238096,52,61.714285714285715,-2.2857142857142856,31.2,10.3,0.0,17,8,1,0,1,-0.7931896839451843,0.6089746507720486,0,2024
2024-11-08,wagholi,0,0.0,1.0,58.041666666666664,47.88333333333334,1.0619047619047615,55,59.285714285714285,-2.4285714285714284,31.0,14.9,0.0,18,8,1,0,0,-0.7825970017677834,0.6225286602431057,0,2024
2024-11-09,wagholi,0,0.0,1.0,59.99583333333334,49.19464285714286,1.311309523809523,51,57.142857142857146,-2.142857142857143,31.1,11.8,0.0,19,8,1,0,0,-0.7717727365467836,0.6358984534680745,0,2024
2024-11-10,wagholi,0,0.0,1.0,60.53333333333333,51.72202380952381,2.5273809523809527,54,55.57142857142857,-1.5714285714285714,30.3,10.3,0.0,20,8,1,0,0,-0.7607200913564104,0.6490800741100398,0,2024
2024-11-11,wagholi,0,0.0,1.0,63.84583333333333,54.15654761904762,2.4345238095238093,52,54.857142857142854,-0.7142857142857143,30.5,14.0,0.0,21,8,1,0,0,-0.7494423368521954,0.6620696215153815,0,2024
2024-11-12,wagholi,0,0.0,1.0,54.2875,56.39404761904762,2.2374999999999994,57,53.857142857142854,-1.0,30.5,14.6,0.0,22,8,1,0,0,-0.7379428103031386,0.6748632518680403,0,2024
2024-11-13,wagholi,0,0.0,1.0,42.762499999999996,56.239285714285714,-0.1547619047619051,60,53.857142857142854,0.0,30.3,14.3,0.0,23,8,1,0,0,-0.7262249146041543,0.6874571793269664,0,2024
2024-11-14,wagholi,0,0.0,1.0,40.4625,55.73690476190477,-0.5023809523809533,60,54.42857142857143,0.5714285714285714,31.5,13.3,0.0,24,8,1,0,0,-0.7142921172691032,0.699847677146407,0,2024
2024-11-15,wagholi,0,0.0,1.0,50.62916666666666,54.27559523809524,-1.4613095238095235,65,55.57142857142857,1.1428571428571428,32.2,13.0,0.0,25,8,1,0,0,-0.7021479494046978,0.7120310787787131,0,2024
2024-11-16,wagholi,0,0.0,1.0,60.375,53.21666666666666,-1.0589285714285717,63,57.0,1.4285714285714286,32.2,13.6,0.2,26,8,1,0,0,-0.6897960046655887,0.7240037789593305,0,2024
2024-11-17,wagholi,0,0.0,1.0,41.62083333333333,53.27083333333333,0.05416666666666613,55,58.714285714285715,1.7142857142857142,31.6,15.6,0.0,27,8,1,0,0,-0.6772399381909491,0.7357622347736527,0,2024
2024-11-18,wagholi,0,0.0,1.0,38.833333333333336,50.569047619047616,-2.7017857142857147,53,58.857142857142854,0.14285714285714285,29.9,12.2,0.0,28,8,1,0,0,-0.6644834655228552,0.7473029667054296,0,2024
2024-11-19,wagholi,0,0.0,1.0,51.050000000000004,46.99583333333333,-3.5732142857142852,57,59.0,0.14285714285714285,28.8,12.9,0.0,29,8,1,0,0,-0.6515303615068021,0.75862255966641,0,2024
2024-11-20,wagholi,0,0.0,1.0,49.65,46.533333333333324,-0.4624999999999996,59,59.0,0.0,28.2,13.1,0.0,30,8,1,0,0,-0.6383844591746642,0.7697176640069211,0,2024
2024-11-21,wagholi,0,0.0,1.0,56.74583333333333,47.5172619047619,0.9839285714285718,59,58.857142857142854,-0.14285714285714285,28.8,11.0,0.0,31,8,1,0,0,-0.6250496486104377,0.7805849965070866,0,2024
2024-11-22,wagholi,0,0.0,1.0,68.34583333333333,49.843452380952385,2.326190476190476,62,58.714285714285715,-0.14285714285714285,28.8,8.1,0.0,32,8,1,0,0,-0.6115298757991053,0.7912213413483807,0,2024
2024-11-23,wagholi,0,0.0,1.0,74.0,52.37440476190476,2.5309523809523813,64,58.285714285714285,-0.42857142857142855,28.8,8.5,0.0,33,8,1,0,0,-0.5978291414589552,0.801623551065242,0,2024
2024-11-24,wagholi,0,0.0,1.0,87.175,54.32083333333333,1.9464285714285714,64,58.42857142857143,0.14285714285714285,28.8,9.7,0.0,34,8,1,0,0,-0.5839514998576998,0.8117885474764613,0,2024
2024-11-25,wagholi,0,0.0,1.0,59.666666666666664,60.82857142857143,6.507738095238095,58,59.714285714285715,1.2857142857142858,28.5,12.4,0.0,35,8,1,0,0,-0.5699010576127624,0.8217133225960589,0,2024
2024-11-26,wagholi,0,0.0,1.0,45.39166666666667,63.804761904761904,2.9761904761904754,56,60.42857142857143,0.7142857142857143,27.9,11.4,0.0,36,8,1,0,0,-0.5556819724760489,0.8313949395234058,0,2024
2024-11-27,wagholi,0,0.0,1.0,38.016666666666666,62.996428571428574,-0.808333333333333,53,60.285714285714285,-0.14285714285714285,27.7,11.2,0.0,37,8,1,0,0,-0.5412984521036173,0.8408305333122887,0,2024
2024-11-28,wagholi,0,0.0,1.0,35.82083333333333,61.33452380952381,-1.6619047619047618,52,59.42857142857143,-0.8571428571428571,27.9,17.3,0.0,38,8,1,0,0,-0.5267547528105542,0.8500173118187018,0,2024
2024-11-29,wagholi,0,0.0,1.0,33.324999999999996,58.34523809523809,-2.989285714285714,50,58.42857142857143,-1.0,27.6,11.2,0.0,39,8,1,0,0,-0.5120551783114646,0.8589525565270845,0,2024
2024-11-30,wagholi,0,0.0,1.0,48.70416666666667,53.342261904761905,-5.002976190476191,56,56.714285714285715,-1.7142857142857142,28.0,6.5,0.0,40,8,1,0,0,-0.4972040784469378,0.8676336233547726,0,2024
2024-12-01,wagholi,0,0.0,1.0,52.65416666666667,49.728571428571435,-3.613690476190475,60,55.57142857142857,-1.1428571428571428,29.7,9.4,0.0,41,8,1,0,0,-0.4822058478963526,0.8760579434344281,0,2024
2024-12-02,wagholi,0,0.0,1.0,24.229166666666668,44.79702380952381,-4.931547619047619,69,55.0,-0.5714285714285714,29.4,14.6,1.2,0,8,1,0,0,-0.46706492487743034,0.8842230238742036,0,2024
2024-12-03,wagholi,0,0.0,1.0,20.545833333333334,39.73452380952381,-5.0625,73,56.57142857142857,1.5714285714285714,30.6,17.3,1.4,0,8,1,0,0,-0.451785789832884,0.8921264484954345,0,2024
2024-12-04,wagholi,0,0.0,1.0,19.183333333333334,36.18511904761905,-3.549404761904763,72,59.0,2.4285714285714284,30.9,17.0,0.3,1,8,1,0,0,-0.4363729641045924,0.8997658785476209,0,2024
2024-12-05,wagholi,0,0.0,1.0,21.666666666666668,33.49464285714286,-2.6904761904761902,68,61.714285714285715,2.7142857142857144,31.5,8.4,0.0,2,8,1,0,0,-0.42083100859565564,0.9071390534005044,0,2024
2024-12-06,wagholi,0,0.0,1.0,29.183333333333334,31.472619047619048,-2.0220238095238092,66,64.0,2.2857142857142856,31.9,7.5,0.0,3,8,1,0,0,-0.4051645224207563,0.9142437912130223,0,2024
2024-12-07,wagholi,0,0.0,1.0,24.329166666666666,30.880952380952383,-0.591666666666666,60,66.28571428571429,2.2857142857142856,33.3,14.3,0.0,4,8,1,0,0,-0.3893781415452015,0.9210779895789526,0,2024
2024-12-08,wagholi,0,0.0,1.0,18.900000000000002,27.398809523809526,-3.482142857142858,48,66.85714285714286,0.5714285714285714,31.8,13.9,0.0,5,8,1,0,0,-0.37347653741307074,0.9276396261490467,0,2024
2024-12-09,wagholi,0,0.0,1.0,24.125,22.576785714285716,-4.822023809523809,45,65.14285714285714,-1.7142857142857142,30.1,13.5,0.0,6,8,1,0,0,-0.3574644155648614,0.9339267592294762,0,2024
2024-12-10,wagholi,0,0.0,1.0,28.316666666666666,22.561904761904763,-0.01488095238095255,52,61.714285714285715,-3.4285714285714284,29.1,8.5,0.0,7,8,1,0,0,-0.34134651424503615,0.9399375283564133,0,2024
2024-12-11,wagholi,0,0.0,1.0,37.5,23.67202380952381,1.1101190476190474,59,58.714285714285715,-3.0,29.5,8.2,0.0,8,8,1,0,0,-0.3251276029999093,0.9456701548465688,0,2024
2024-12-12,wagholi,0,0.0,1.0,32.19166666666667,26.288690476190478,2.6166666666666667,57,56.857142857142854,-1.8571428571428572,29.0,10.1,0.0,9,8,1,0,0,-0.30881248126625377,0.9511229423235357,0,2024
2024-12-13,wagholi,0,0.0,1.0,26.254166666666666,27.792261904761908,1.5035714285714288,54,55.285714285714285,-1.5714285714285714,28.7,10.6,0.0,10,8,1,0,0,-0.29240597695107734,0.9562942772197719,0,2024
2024-12-14,wagholi,0,0.0,1.0,36.87083333333333,27.373809523809523,-0.418452380952381,53,53.57142857142857,-1.7142857142857142,28.5,11.3,0.0,11,8,1,0,0,-0.27591294500296043,0.9611826292540837,0,2024
2024-12-15,wagholi,0,0.0,1.0,28.745833333333334,29.16547619047619,1.7916666666666663,51,52.57142857142857,-1.0,28.6,9.3,0.0,12,8,1,0,0,-0.2593382659754056,0.9657865518844574,0,2024
2024-12-16,wagholi,0,0.0,1.0,18.166666666666668,30.57202380952381,1.4065476190476187,44,53.0,0.42857142857142855,29.1,8.8,0.0,13,8,1,0,0,-0.2426868445825954,0.9701046827361175,0,2024
2024-12-17,wagholi,0,1.0,1.0,35.27916666666667,29.72083333333333,-0.851190476190476,49,52.857142857142854,-0.14285714285714285,29.3,7.9,0.0,14,8,1,0,0,-0.22596360824801906,0.974135744004672,1,2024
2024-12-18,wagholi,1,1.0,1.0,46.5,30.71547619047619,0.9946428571428575,50,52.42857142857143,-0.42857142857142855,29.5,6.9,0.0,15,8,1,0,0,-0.20917350564635637,0.9778785428342386,1,2024
2024-12-19,wagholi,0,0.0,1.0,52.020833333333336,32.00119047619047,1.2857142857142858,52,51.142857142857146,-1.2857142857142858,30.2,9.7,0.0,16,8,1,0,0,-0.19232150523909483,0.9813319716704275,0,2024
2024-12-20,wagholi,0,0.0,1.0,67.35416666666667,34.83392857142857,2.832738095238095,58,50.42857142857143,-0.7142857142857143,29.9,13.8,0.0,17,8,1,0,0,-0.17541259380427843,0.9844950085880858,0,2024
2024-12-21,wagholi,0,0.0,1.0,67.51666666666667,40.705357142857146,5.871428571428573,69,51.0,0.5714285714285714,30.9,14.8,0.0,18,8,1,0,0,-0.15845177496083632,0.9873667175937016,0,2024
2024-12-22,wagholi,0,0.0,1.0,59.29583333333333,45.083333333333336,4.377976190476191,74,53.285714285714285,2.2857142857142856,30.3,17.3,0.0,19,8,1,0,0,-0.14144406768794202,0.9899462489023779,0,2024
2024-12-23,wagholi,0,0.0,1.0,51.5875,49.44761904761905,4.364285714285713,73,56.57142857142857,3.2857142857142856,29.2,15.5,0.0,20,8,1,0,0,-0.12439450483979998,0.9922328391893008,0,2024
2024-12-24,wagholi,0,0.0,1.0,79.37083333333334,54.22202380952381,4.774404761904762,69,60.714285714285715,4.142857142857143,29.6,13.9,0.1,21,8,1,0,0,-0.10730813165636247,0.9942258118156161,0,2024
2024-12-25,wagholi,0,0.0,1.0,86.15833333333335,60.520833333333336,6.298809523809524,61,63.57142857142857,2.857142857142857,30.4,11.5,0.0,22,8,1,0,0,-0.09019000427034513,0.9959245770286599,0,2024
2024-12-26,wagholi,0,0.0,1.0,48.75833333333333,66.18630952380953,5.665476190476192,65,65.14285714285714,1.5714285714285714,30.4,15.7,1.1,0,8,1,0,0,-0.07304518821104743,0.9973286321364752,0,2024
2024-12-27,wagholi,0,0.0,1.0,25.287499999999998,65.72023809523809,-0.46607142857142897,72,67.0,1.8571428571428572,30.6,13.9,0.9,1,8,1,0,0,-0.05587875690537313,0.9984375616565666,0,2024
2024-12-28,wagholi,0,0.0,1.0,23.245833333333334,59.71071428571429,-6.009523809523811,70,69.0,2.0,31.1,14.5,2.8,0,8,1,0,0,-0.03869579017652689,0.9992510374388481,0,2024
2024-12-29,wagholi,0,0.0,1.0,43.4125,53.38630952380953,-6.324404761904761,65,69.14285714285714,0.14285714285714285,31.0,8.5,0.2,1,8,1,0,0,-0.021501372740813793,0.999768818762748,0,2024
2024-12-30,wagholi,0,0.0,1.0,44.43333333333334,51.117261904761904,-2.269047619047618,62,67.85714285714286,-1.2857142857142858,30.8,8.8,0.0,2,8,1,0,0,-0.004300592702981974,0.9999907524084426,0,2024
2024-12-31,wagholi,0,0.0,1.0,38.829166666666666,50.09523809523811,-1.0220238095238088,58,66.28571428571429,-1.5714285714285714,30.7,8.9,0.0,3,8,1,0,0,0.012901459949419653,0.9999167727021953,0,2024
